{
"type": "FeatureCollection",
"name": "ventile",
"crs": { "type": "name", "properties": { "name": "urn:ogc:def:crs:OGC:1.3:CRS84" } },
"features": [
{ "type": "Feature", "properties": { "id": 161, "kode_zona": null, "nama_zona": "Batubulan", "diameter": 1.0, "kondisi": "Baik", "merk": "Tipe C 30", "lokasi": "jl raya celuk", "th_pasang": "2022", "elevasi": null, "tapping": null, "notes": null, "foto": null, "tgl_input": null, "tgl_update": null, "no_aset": null, "fid": 360, "context": "Ventile", "pelayanan": "Pelayanan Sukawati", "tgl_delete": null, "nama_dma": "2.2.1 DMA Tegal Tamu 8 dan Seraya", "no_bap": null, "subsitem": null, "tgl_asbuilt": null, "id_verifikasi": null, "sumber_data": null, "history": null, "petugas_input": null, "latitude": "-8.603726481971139", "longitude": "115.2570673148163", "verifikator": "I Kadek Heriawan" }, "geometry": { "type": "Point", "coordinates": [ 115.257067314816297, -8.603726481971139 ] } },
{ "type": "Feature", "properties": { "id": 13, "kode_zona": null, "nama_zona": "Susut", "diameter": 3.0, "kondisi": "Baik", "merk": null, "lokasi": "Selatan DMA Susut", "th_pasang": null, "elevasi": null, "tapping": null, "notes": null, "foto": null, "tgl_input": null, "tgl_update": "2025-02-20", "no_aset": null, "fid": 4, "context": "Ventile", "pelayanan": "Pelayanan Payangan", "tgl_delete": "2025-02-20", "nama_dma": "7.3.1 DMA Susut", "no_bap": null, "subsitem": null, "tgl_asbuilt": "2024-03-14", "id_verifikasi": null, "sumber_data": "ABD", "history": null, "petugas_input": null, "latitude": "-8.406287293734998", "longitude": "115.23771404891049", "verifikator": "I Nyoman Sumayasa" }, "geometry": { "type": "Point", "coordinates": [ 115.23771404891049, -8.406287293734998 ] } },
{ "type": "Feature", "properties": { "id": 14, "kode_zona": null, "nama_zona": "Kerta", "diameter": 2.0, "kondisi": "Baik", "merk": null, "lokasi": "Selatan Rumah Pak Benar", "th_pasang": null, "elevasi": null, "tapping": null, "notes": null, "foto": null, "tgl_input": null, "tgl_update": null, "no_aset": 13.0, "fid": 31, "context": "Ventile", "pelayanan": "Pelayanan Payangan", "tgl_delete": null, "nama_dma": "7.1.1 DMA Kerta Timur", "no_bap": null, "subsitem": null, "tgl_asbuilt": null, "id_verifikasi": null, "sumber_data": null, "history": null, "petugas_input": null, "latitude": "-8.36278258928157", "longitude": "115.27122013450169", "verifikator": "I Made Darsana" }, "geometry": { "type": "Point", "coordinates": [ 115.271220134501689, -8.36278258928157 ] } },
{ "type": "Feature", "properties": { "id": 354, "kode_zona": null, "nama_zona": "Singapadu", "diameter": null, "kondisi": "Baik", "merk": null, "lokasi": "Jl. Raya Singapadu", "th_pasang": null, "elevasi": null, "tapping": "150", "notes": null, "foto": null, "tgl_input": null, "tgl_update": "2024-11-30", "no_aset": null, "fid": 294, "context": "Ventile", "pelayanan": "Pelayanan Sukawati", "tgl_delete": null, "nama_dma": "2.1.2 DMA Kengetan Timur 6", "no_bap": null, "subsitem": null, "tgl_asbuilt": null, "id_verifikasi": null, "sumber_data": null, "history": "2024-11-30 Update 2.1.1 DMA Silakarang ke 2.1.2 DMA Kengetan Timur 6 ", "petugas_input": null, "latitude": "-8.584846145437153", "longitude": "115.25442016151837", "verifikator": "I Kadek Heriawan" }, "geometry": { "type": "Point", "coordinates": [ 115.254420161518368, -8.584846145437153 ] } },
{ "type": "Feature", "properties": { "id": 1, "kode_zona": null, "nama_zona": "Kedewatan", "diameter": 0.0, "kondisi": "Baik", "merk": null, "lokasi": "Jl. Raya Kedewatan", "th_pasang": null, "elevasi": null, "tapping": null, "notes": null, "foto": null, "tgl_input": null, "tgl_update": null, "no_aset": null, "fid": 3, "context": "Ventile", "pelayanan": "Pelayanan Ubud", "tgl_delete": null, "nama_dma": "5.1.4 DMA Kedewatan", "no_bap": null, "subsitem": null, "tgl_asbuilt": null, "id_verifikasi": null, "sumber_data": null, "history": null, "petugas_input": null, "latitude": "-8.480644660421408", "longitude": "115.24718804898063", "verifikator": "I Wayan Eka Putrayasa" }, "geometry": { "type": "Point", "coordinates": [ 115.247188048980632, -8.480644660421408 ] } },
{ "type": "Feature", "properties": { "id": 351, "kode_zona": null, "nama_zona": "Singapadu", "diameter": 0.0, "kondisi": "Baik", "merk": null, "lokasi": "Jl. Raya Kengetan", "th_pasang": null, "elevasi": null, "tapping": "100", "notes": null, "foto": null, "tgl_input": null, "tgl_update": "2024-11-30", "no_aset": null, "fid": 289, "context": "Ventile", "pelayanan": "Pelayanan Sukawati", "tgl_delete": null, "nama_dma": "2.1.1 DMA Kengetan Barat 4", "no_bap": null, "subsitem": null, "tgl_asbuilt": null, "id_verifikasi": null, "sumber_data": null, "history": "2024-11-30 Update 2.1.1 DMA Silakarang  ke 2.1.1 DMA Kengetan Barat 4 ", "petugas_input": null, "latitude": "-8.55387093275259", "longitude": "115.25180315291772", "verifikator": "I Kadek Heriawan" }, "geometry": { "type": "Point", "coordinates": [ 115.251803152917716, -8.55387093275259 ] } },
{ "type": "Feature", "properties": { "id": 352, "kode_zona": null, "nama_zona": "Singapadu", "diameter": null, "kondisi": "Baik", "merk": null, "lokasi": "Jl. Raya Kengetan", "th_pasang": null, "elevasi": null, "tapping": "150", "notes": null, "foto": null, "tgl_input": null, "tgl_update": "2024-11-30", "no_aset": null, "fid": 291, "context": "Ventile", "pelayanan": "Pelayanan Sukawati", "tgl_delete": null, "nama_dma": "2.1.2 DMA Kengetan Timur 6", "no_bap": null, "subsitem": null, "tgl_asbuilt": null, "id_verifikasi": null, "sumber_data": null, "history": "2024-11-30 Update 2.1.1 DMA Silakarang ke 2.1.2 DMA Kengetan Timur 6 ", "petugas_input": null, "latitude": "-8.559877066618267", "longitude": "115.25282065944862", "verifikator": "I Kadek Heriawan" }, "geometry": { "type": "Point", "coordinates": [ 115.252820659448616, -8.559877066618267 ] } },
{ "type": "Feature", "properties": { "id": 353, "kode_zona": null, "nama_zona": "Singapadu", "diameter": null, "kondisi": "Baik", "merk": null, "lokasi": "Jl. Raya Kengetan", "th_pasang": null, "elevasi": null, "tapping": "100", "notes": null, "foto": null, "tgl_input": null, "tgl_update": "2024-11-30", "no_aset": null, "fid": 293, "context": "Ventile", "pelayanan": "Pelayanan Sukawati", "tgl_delete": null, "nama_dma": "2.1.1 DMA Kengetan Barat 4", "no_bap": null, "subsitem": null, "tgl_asbuilt": null, "id_verifikasi": null, "sumber_data": null, "history": "2024-11-30 Update 2.1.1 DMA Silakarang  ke 2.1.1 DMA Kengetan Barat 4 ", "petugas_input": null, "latitude": "-8.567859052481872", "longitude": "115.25515931959038", "verifikator": "I Kadek Heriawan" }, "geometry": { "type": "Point", "coordinates": [ 115.255159319590376, -8.567859052481872 ] } },
{ "type": "Feature", "properties": { "id": 355, "kode_zona": null, "nama_zona": "Singapadu", "diameter": null, "kondisi": "Baik", "merk": null, "lokasi": "Jl. Raya Singapadu", "th_pasang": null, "elevasi": null, "tapping": "200", "notes": null, "foto": null, "tgl_input": null, "tgl_update": "2024-11-30", "no_aset": null, "fid": 295, "context": "Ventile", "pelayanan": "Pelayanan Sukawati", "tgl_delete": null, "nama_dma": "2.1.2 DMA Kengetan Timur 6", "no_bap": null, "subsitem": null, "tgl_asbuilt": null, "id_verifikasi": null, "sumber_data": null, "history": "2024-11-30 Update 2.1.1 DMA Silakarang ke 2.1.2 DMA Kengetan Timur 6 ", "petugas_input": null, "latitude": "-8.586513239053167", "longitude": "115.25409729857301", "verifikator": "I Kadek Heriawan" }, "geometry": { "type": "Point", "coordinates": [ 115.254097298573015, -8.586513239053167 ] } },
{ "type": "Feature", "properties": { "id": 356, "kode_zona": null, "nama_zona": "Singapadu", "diameter": null, "kondisi": "Baik", "merk": null, "lokasi": "Jl. Raya Singapadu", "th_pasang": null, "elevasi": null, "tapping": "75", "notes": null, "foto": null, "tgl_input": null, "tgl_update": "2024-11-30", "no_aset": null, "fid": 296, "context": "Ventile", "pelayanan": "Pelayanan Sukawati", "tgl_delete": null, "nama_dma": "2.1.3 DMA 3 Br. Kebon", "no_bap": null, "subsitem": null, "tgl_asbuilt": null, "id_verifikasi": null, "sumber_data": null, "history": "2024-11-30 Update DMA 2.1.2 DMA Apuan ke 2.1.3 DMA 3 Br. Kebon ", "petugas_input": null, "latitude": "-8.590209620368578", "longitude": "115.25511935012227", "verifikator": "I Kadek Heriawan" }, "geometry": { "type": "Point", "coordinates": [ 115.255119350122271, -8.590209620368578 ] } },
{ "type": "Feature", "properties": { "id": 317, "kode_zona": null, "nama_zona": "Batubulan Kangin", "diameter": null, "kondisi": "Baik", "merk": null, "lokasi": "Jl. Bypass Prof. Ida Bagus Mantra", "th_pasang": null, "elevasi": null, "tapping": "100", "notes": null, "foto": null, "tgl_input": null, "tgl_update": null, "no_aset": null, "fid": 233, "context": "Ventile", "pelayanan": "Pelayanan Sukawati", "tgl_delete": null, "nama_dma": "2.3.3 DMA Petanu Ketewel", "no_bap": null, "subsitem": null, "tgl_asbuilt": null, "id_verifikasi": null, "sumber_data": null, "history": null, "petugas_input": null, "latitude": "-8.64150353359521", "longitude": "115.27779683318504", "verifikator": "I Kadek Heriawan" }, "geometry": { "type": "Point", "coordinates": [ 115.277796833185036, -8.641503533595211 ] } },
{ "type": "Feature", "properties": { "id": 146, "kode_zona": null, "nama_zona": "Batubulan Kangin", "diameter": null, "kondisi": "Baik", "merk": null, "lokasi": "Jl. Bypass Prof. Ida Bagus Mantra", "th_pasang": null, "elevasi": null, "tapping": "100", "notes": null, "foto": null, "tgl_input": null, "tgl_update": null, "no_aset": null, "fid": 245, "context": "Ventile", "pelayanan": "Pelayanan Sukawati", "tgl_delete": null, "nama_dma": "2.3.3 DMA Petanu Ketewel", "no_bap": null, "subsitem": null, "tgl_asbuilt": null, "id_verifikasi": null, "sumber_data": null, "history": null, "petugas_input": null, "latitude": "-8.631059450952572", "longitude": "115.2919954953665", "verifikator": "I Kadek Heriawan" }, "geometry": { "type": "Point", "coordinates": [ 115.291995495366507, -8.631059450952572 ] } },
{ "type": "Feature", "properties": { "id": 147, "kode_zona": null, "nama_zona": "Batubulan Kangin", "diameter": null, "kondisi": "Baik", "merk": null, "lokasi": "Jl. Bypass Prof. Ida Bagus Mantra", "th_pasang": null, "elevasi": null, "tapping": "100", "notes": null, "foto": null, "tgl_input": null, "tgl_update": null, "no_aset": null, "fid": 246, "context": "Ventile", "pelayanan": "Pelayanan Sukawati", "tgl_delete": null, "nama_dma": "2.3.3 DMA Petanu Ketewel", "no_bap": null, "subsitem": null, "tgl_asbuilt": null, "id_verifikasi": null, "sumber_data": null, "history": null, "petugas_input": null, "latitude": "-8.633319912798143", "longitude": "115.29023777532845", "verifikator": "I Kadek Heriawan" }, "geometry": { "type": "Point", "coordinates": [ 115.29023777532845, -8.633319912798143 ] } },
{ "type": "Feature", "properties": { "id": 145, "kode_zona": null, "nama_zona": "Batubulan Kangin", "diameter": null, "kondisi": "Baik", "merk": null, "lokasi": "Timur Balai Banjar Pabean", "th_pasang": null, "elevasi": null, "tapping": "75", "notes": null, "foto": null, "tgl_input": null, "tgl_update": null, "no_aset": null, "fid": 244, "context": "Ventile", "pelayanan": "Pelayanan Sukawati", "tgl_delete": null, "nama_dma": "2.3.3 DMA Petanu Ketewel", "no_bap": null, "subsitem": null, "tgl_asbuilt": null, "id_verifikasi": null, "sumber_data": null, "history": null, "petugas_input": null, "latitude": "-8.62850947509266", "longitude": "115.29614946929799", "verifikator": "I Kadek Heriawan" }, "geometry": { "type": "Point", "coordinates": [ 115.296149469297987, -8.62850947509266 ] } },
{ "type": "Feature", "properties": { "id": 318, "kode_zona": null, "nama_zona": "Batubulan Kangin", "diameter": null, "kondisi": "Baik", "merk": null, "lokasi": "Barat Balai Banjar Sakih", "th_pasang": null, "elevasi": null, "tapping": "75", "notes": null, "foto": null, "tgl_input": null, "tgl_update": null, "no_aset": null, "fid": 234, "context": "Ventile", "pelayanan": "Pelayanan Sukawati", "tgl_delete": null, "nama_dma": "2.3.4 DMA Sakih", "no_bap": null, "subsitem": null, "tgl_asbuilt": null, "id_verifikasi": null, "sumber_data": null, "history": null, "petugas_input": null, "latitude": "-8.614212612296207", "longitude": "115.28527532665113", "verifikator": "I Kadek Heriawan" }, "geometry": { "type": "Point", "coordinates": [ 115.285275326651131, -8.614212612296207 ] } },
{ "type": "Feature", "properties": { "id": 151, "kode_zona": null, "nama_zona": "Batubulan", "diameter": null, "kondisi": "Baik", "merk": null, "lokasi": "Gang Salak 1", "th_pasang": null, "elevasi": null, "tapping": null, "notes": null, "foto": null, "tgl_input": null, "tgl_update": null, "no_aset": null, "fid": 305, "context": "Ventile", "pelayanan": "Pelayanan Sukawati", "tgl_delete": null, "nama_dma": "2.2.6 DMA Tegehe", "no_bap": null, "subsitem": null, "tgl_asbuilt": null, "id_verifikasi": null, "sumber_data": null, "history": null, "petugas_input": null, "latitude": "-8.63026217673643", "longitude": "115.26566812862416", "verifikator": "I Kadek Heriawan" }, "geometry": { "type": "Point", "coordinates": [ 115.265668128624156, -8.63026217673643 ] } },
{ "type": "Feature", "properties": { "id": 143, "kode_zona": null, "nama_zona": "Batubulan Kangin", "diameter": null, "kondisi": "Baik", "merk": null, "lokasi": "Barat Balai Banjar Kucupin", "th_pasang": null, "elevasi": null, "tapping": "150", "notes": null, "foto": null, "tgl_input": null, "tgl_update": null, "no_aset": null, "fid": 242, "context": "Ventile", "pelayanan": "Pelayanan Sukawati", "tgl_delete": null, "nama_dma": "2.3.3 DMA Petanu Ketewel", "no_bap": null, "subsitem": null, "tgl_asbuilt": null, "id_verifikasi": null, "sumber_data": null, "history": null, "petugas_input": null, "latitude": "-8.628639314351197", "longitude": "115.28968252464948", "verifikator": "I Kadek Heriawan" }, "geometry": { "type": "Point", "coordinates": [ 115.289682524649479, -8.628639314351197 ] } },
{ "type": "Feature", "properties": { "id": 144, "kode_zona": null, "nama_zona": "Batubulan Kangin", "diameter": null, "kondisi": "Baik", "merk": null, "lokasi": "Barat Balai Banjar Kucupin", "th_pasang": null, "elevasi": null, "tapping": "75", "notes": null, "foto": null, "tgl_input": null, "tgl_update": null, "no_aset": null, "fid": 243, "context": "Ventile", "pelayanan": "Pelayanan Sukawati", "tgl_delete": null, "nama_dma": "2.3.3 DMA Petanu Ketewel", "no_bap": null, "subsitem": null, "tgl_asbuilt": null, "id_verifikasi": null, "sumber_data": null, "history": null, "petugas_input": null, "latitude": "-8.628682550816901", "longitude": "115.28970168089309", "verifikator": "I Kadek Heriawan" }, "geometry": { "type": "Point", "coordinates": [ 115.289701680893089, -8.628682550816901 ] } },
{ "type": "Feature", "properties": { "id": 325, "kode_zona": null, "nama_zona": "Batubulan Kangin", "diameter": null, "kondisi": "Baik", "merk": null, "lokasi": "Timur Balai Banjar Pamesan", "th_pasang": null, "elevasi": null, "tapping": "150", "notes": null, "foto": null, "tgl_input": null, "tgl_update": null, "no_aset": null, "fid": 241, "context": "Ventile", "pelayanan": "Pelayanan Sukawati", "tgl_delete": null, "nama_dma": "2.3.3 DMA Petanu Ketewel", "no_bap": null, "subsitem": null, "tgl_asbuilt": null, "id_verifikasi": null, "sumber_data": null, "history": null, "petugas_input": null, "latitude": "-8.629103919577007", "longitude": "115.28594060133749", "verifikator": "I Kadek Heriawan" }, "geometry": { "type": "Point", "coordinates": [ 115.285940601337487, -8.629103919577007 ] } },
{ "type": "Feature", "properties": { "id": 323, "kode_zona": null, "nama_zona": "Batubulan Kangin", "diameter": null, "kondisi": "Baik", "merk": null, "lokasi": "Barat Balai Banjar Puseh", "th_pasang": null, "elevasi": null, "tapping": "100", "notes": null, "foto": null, "tgl_input": null, "tgl_update": null, "no_aset": null, "fid": 239, "context": "Ventile", "pelayanan": "Pelayanan Sukawati", "tgl_delete": null, "nama_dma": "2.3.3 DMA Petanu Ketewel", "no_bap": null, "subsitem": null, "tgl_asbuilt": null, "id_verifikasi": null, "sumber_data": null, "history": null, "petugas_input": null, "latitude": "-8.625107511596395", "longitude": "115.28423529334961", "verifikator": "I Kadek Heriawan" }, "geometry": { "type": "Point", "coordinates": [ 115.28423529334961, -8.625107511596395 ] } },
{ "type": "Feature", "properties": { "id": 160, "kode_zona": null, "nama_zona": "Batubulan Kangin", "diameter": 2.0, "kondisi": "Baik", "merk": null, "lokasi": "Selatan Balai Banjar Kenanga", "th_pasang": null, "elevasi": null, "tapping": null, "notes": null, "foto": null, "tgl_input": null, "tgl_update": null, "no_aset": null, "fid": 355, "context": "Ventile", "pelayanan": "Pelayanan Sukawati", "tgl_delete": null, "nama_dma": "2.3.1 DMA Tampad", "no_bap": null, "subsitem": null, "tgl_asbuilt": null, "id_verifikasi": null, "sumber_data": null, "history": null, "petugas_input": null, "latitude": "-8.6204660901558", "longitude": "115.27610715098659", "verifikator": "I Kadek Heriawan" }, "geometry": { "type": "Point", "coordinates": [ 115.27610715098659, -8.6204660901558 ] } },
{ "type": "Feature", "properties": { "id": 322, "kode_zona": null, "nama_zona": "Batubulan Kangin", "diameter": null, "kondisi": "Baik", "merk": null, "lokasi": "Jl. Raya Ketewel", "th_pasang": null, "elevasi": null, "tapping": "100", "notes": null, "foto": null, "tgl_input": null, "tgl_update": null, "no_aset": null, "fid": 238, "context": "Ventile", "pelayanan": "Pelayanan Sukawati", "tgl_delete": null, "nama_dma": "2.3.3 DMA Petanu Ketewel", "no_bap": null, "subsitem": null, "tgl_asbuilt": null, "id_verifikasi": null, "sumber_data": null, "history": null, "petugas_input": null, "latitude": "-8.620316837413649", "longitude": "115.28401424681513", "verifikator": "I Kadek Heriawan" }, "geometry": { "type": "Point", "coordinates": [ 115.284014246815133, -8.620316837413649 ] } },
{ "type": "Feature", "properties": { "id": 148, "kode_zona": null, "nama_zona": "Batubulan Kangin", "diameter": null, "kondisi": "Baik", "merk": null, "lokasi": "Jl. Nusa Indah", "th_pasang": null, "elevasi": null, "tapping": "75", "notes": null, "foto": null, "tgl_input": null, "tgl_update": null, "no_aset": null, "fid": 247, "context": "Ventile", "pelayanan": "Pelayanan Sukawati", "tgl_delete": null, "nama_dma": "2.3.3 DMA Petanu Ketewel", "no_bap": null, "subsitem": null, "tgl_asbuilt": null, "id_verifikasi": null, "sumber_data": null, "history": null, "petugas_input": null, "latitude": "-8.641164140690616", "longitude": "115.28541481745323", "verifikator": "I Kadek Heriawan" }, "geometry": { "type": "Point", "coordinates": [ 115.28541481745323, -8.641164140690616 ] } },
{ "type": "Feature", "properties": { "id": 11, "kode_zona": null, "nama_zona": "Kota Gianyar", "diameter": null, "kondisi": "Baik", "merk": null, "lokasi": "Jl. Mulawarman", "th_pasang": null, "elevasi": null, "tapping": "150", "notes": null, "foto": null, "tgl_input": null, "tgl_update": "2025-01-31", "no_aset": null, "fid": 1, "context": "Ventile", "pelayanan": "Pelayanan Gianyar", "tgl_delete": null, "nama_dma": "1.14.4 DMA SB TMP dan Abianbase", "no_bap": null, "subsitem": "SB Tedung", "tgl_asbuilt": null, "id_verifikasi": 131, "sumber_data": null, "history": "2025-01-31 Memperbaiki data nama_dma disesuaikan dengan posisi DMA area atau poligon DMA menjadi 1.14.4 DMA SB TMP dan Abianbase", "petugas_input": null, "latitude": "-8.549492365921013", "longitude": "115.32675284355118", "verifikator": "Dewa Ketut Arsana" }, "geometry": { "type": "Point", "coordinates": [ 115.326752843551176, -8.549492365921013 ] } },
{ "type": "Feature", "properties": { "id": 36, "kode_zona": null, "nama_zona": "Kota Gianyar", "diameter": 1.0, "kondisi": "Baik", "merk": "N25 C30", "lokasi": "Utara Pertigaan", "th_pasang": "2022", "elevasi": null, "tapping": "50 x 25", "notes": null, "foto": null, "tgl_input": "2022-08-09", "tgl_update": "2025-01-31", "no_aset": null, "fid": 403, "context": "Ventile", "pelayanan": "Pelayanan Gianyar", "tgl_delete": null, "nama_dma": "1.14.2 DMA Bitra II", "no_bap": null, "subsitem": null, "tgl_asbuilt": null, "id_verifikasi": null, "sumber_data": null, "history": "2025-01-31 Memperbaiki data nama_dma disesuaikan dengan posisi DMA area atau poligon DMA menjadi 1.14.2 DMA Bitra II", "petugas_input": null, "latitude": "-8.543000011800117", "longitude": "115.31383260630157", "verifikator": "Dewa Ketut Arsana" }, "geometry": { "type": "Point", "coordinates": [ 115.313832606301574, -8.543000011800117 ] } },
{ "type": "Feature", "properties": { "id": 41, "kode_zona": null, "nama_zona": "Bukit Jati", "diameter": null, "kondisi": "Baik", "merk": null, "lokasi": "Jl. I Gusti Ngurah Rai", "th_pasang": null, "elevasi": null, "tapping": null, "notes": null, "foto": null, "tgl_input": null, "tgl_update": null, "no_aset": null, "fid": 59, "context": "Ventile", "pelayanan": "Pelayanan Gianyar", "tgl_delete": null, "nama_dma": "1.11.1 DMA Bukit Jati", "no_bap": null, "subsitem": null, "tgl_asbuilt": null, "id_verifikasi": null, "sumber_data": null, "history": "2025-01-31 Memperbaiki data nama_dma disesuaikan dengan posisi DMA area atau poligon DMA menjadi 1.11.1 DMA Bukit Jati", "petugas_input": null, "latitude": "-8.53990319888379", "longitude": "115.3392143261273", "verifikator": "I Wayan Degug" }, "geometry": { "type": "Point", "coordinates": [ 115.339214326127305, -8.53990319888379 ] } },
{ "type": "Feature", "properties": { "id": 12, "kode_zona": null, "nama_zona": "Kota Ubud", "diameter": 1.0, "kondisi": "Baik", "merk": null, "lokasi": "Ventil 1\" di pipa distr 3\" depan BBC nyuh kuning", "th_pasang": null, "elevasi": null, "tapping": null, "notes": null, "foto": null, "tgl_input": null, "tgl_update": null, "no_aset": null, "fid": 343, "context": "Ventile", "pelayanan": "Pelayanan Ubud", "tgl_delete": null, "nama_dma": "5.3.6 DMA Nyuh Kuning", "no_bap": null, "subsitem": null, "tgl_asbuilt": null, "id_verifikasi": null, "sumber_data": null, "history": null, "petugas_input": null, "latitude": "-8.527278354228699", "longitude": "115.2590041429967", "verifikator": "I Wayan Artawan" }, "geometry": { "type": "Point", "coordinates": [ 115.259004142996702, -8.527278354228699 ] } },
{ "type": "Feature", "properties": { "id": 561, "kode_zona": null, "nama_zona": "Batubulan", "diameter": null, "kondisi": "Baik", "merk": null, "lokasi": "GANG MELATI PERUMAHAN BUMI ASRI BLOK II B BANJAR SASIH BATUBULAN", "th_pasang": "2024", "elevasi": null, "tapping": null, "notes": null, "foto": null, "tgl_input": "2024-07-31", "tgl_update": "2024-07-31", "no_aset": null, "fid": null, "context": "Ventile", "pelayanan": "Pelayanan Sukawati", "tgl_delete": null, "nama_dma": "2.2.7 DMA Sasih", "no_bap": "0179\/BAP\/VI\/VII\/2024", "subsitem": null, "tgl_asbuilt": null, "id_verifikasi": null, "sumber_data": "BAP", "history": null, "petugas_input": null, "latitude": "-8.63493602536511", "longitude": "115.26673084928204", "verifikator": "I Kadek Heriawan" }, "geometry": { "type": "Point", "coordinates": [ 115.266730849282041, -8.634936025365111 ] } },
{ "type": "Feature", "properties": { "id": 35, "kode_zona": null, "nama_zona": "Kota Gianyar", "diameter": 2.0, "kondisi": "Baik", "merk": "N25 C30", "lokasi": "Jl. Pramuka", "th_pasang": "2022", "elevasi": null, "tapping": "50 x 25", "notes": null, "foto": null, "tgl_input": "2022-08-08", "tgl_update": "2025-01-31", "no_aset": null, "fid": 402, "context": "Ventile", "pelayanan": "Pelayanan Gianyar", "tgl_delete": null, "nama_dma": "1.14.2 DMA Bitra II", "no_bap": null, "subsitem": null, "tgl_asbuilt": null, "id_verifikasi": null, "sumber_data": null, "history": "2025-01-31 Memperbaiki data nama_dma disesuaikan dengan posisi DMA area atau poligon DMA menjadi 1.14.2 DMA Bitra II", "petugas_input": null, "latitude": "-8.540388741828501", "longitude": "115.31364706487813", "verifikator": "Dewa Ketut Arsana" }, "geometry": { "type": "Point", "coordinates": [ 115.313647064878126, -8.540388741828501 ] } },
{ "type": "Feature", "properties": { "id": 38, "kode_zona": null, "nama_zona": "Kota Ubud", "diameter": 1.0, "kondisi": "Baik", "merk": null, "lokasi": "Depan BANK BCA", "th_pasang": null, "elevasi": null, "tapping": null, "notes": null, "foto": null, "tgl_input": null, "tgl_update": null, "no_aset": null, "fid": 344, "context": "Ventile", "pelayanan": "Pelayanan Ubud", "tgl_delete": null, "nama_dma": "5.3.4 DMA Tebesaya", "no_bap": null, "subsitem": null, "tgl_asbuilt": null, "id_verifikasi": null, "sumber_data": null, "history": null, "petugas_input": null, "latitude": "-8.509003992293911", "longitude": "115.26893629441214", "verifikator": "I Wayan Artawan" }, "geometry": { "type": "Point", "coordinates": [ 115.268936294412143, -8.509003992293911 ] } },
{ "type": "Feature", "properties": { "id": 28, "kode_zona": null, "nama_zona": "Kota Payangan", "diameter": 100.0, "kondisi": "Baik", "merk": null, "lokasi": "Utara SD Ulapan", "th_pasang": null, "elevasi": null, "tapping": null, "notes": null, "foto": "D:\\mitrageotama\\2019\\PDAM Gianyar\\7. Pelatihan\\payangan\\foto\\beach-picture-lighthouse-storm-wildpianist.jpg", "tgl_input": null, "tgl_update": "2022-07-25", "no_aset": 4.0, "fid": 77, "context": "Ventile", "pelayanan": "Pelayanan Payangan", "tgl_delete": null, "nama_dma": "7.4.3 DMA Melinggih Timur (Ulapan)", "no_bap": null, "subsitem": null, "tgl_asbuilt": null, "id_verifikasi": null, "sumber_data": null, "history": null, "petugas_input": null, "latitude": "-8.42363074456793", "longitude": "115.25014835725413", "verifikator": "I Nyoman Sumayasa" }, "geometry": { "type": "Point", "coordinates": [ 115.250148357254133, -8.42363074456793 ] } },
{ "type": "Feature", "properties": { "id": 22, "kode_zona": null, "nama_zona": "Puhu", "diameter": 3.0, "kondisi": "Baik", "merk": null, "lokasi": "Tikungan Jalan Puhu", "th_pasang": null, "elevasi": null, "tapping": null, "notes": null, "foto": null, "tgl_input": "2022-05-27", "tgl_update": "2022-05-27", "no_aset": 12.0, "fid": 51, "context": "Ventile", "pelayanan": "Pelayanan Payangan", "tgl_delete": null, "nama_dma": "7.2.1 DMA Carik", "no_bap": null, "subsitem": null, "tgl_asbuilt": null, "id_verifikasi": null, "sumber_data": null, "history": null, "petugas_input": null, "latitude": "-8.389031082263", "longitude": "115.26964266937034", "verifikator": "I Made Darsana" }, "geometry": { "type": "Point", "coordinates": [ 115.269642669370342, -8.389031082262999 ] } },
{ "type": "Feature", "properties": { "id": 23, "kode_zona": null, "nama_zona": "Puhu", "diameter": 3.0, "kondisi": "Baik", "merk": null, "lokasi": "Pengkolan Laundry Puhu", "th_pasang": null, "elevasi": 611.0, "tapping": null, "notes": null, "foto": null, "tgl_input": "2022-05-27", "tgl_update": "2022-05-27", "no_aset": 13.0, "fid": 52, "context": "Ventile", "pelayanan": "Pelayanan Payangan", "tgl_delete": null, "nama_dma": "7.2.1 DMA Carik", "no_bap": null, "subsitem": null, "tgl_asbuilt": null, "id_verifikasi": null, "sumber_data": null, "history": null, "petugas_input": null, "latitude": "-8.390429165113671", "longitude": "115.26931295714054", "verifikator": "I Made Darsana" }, "geometry": { "type": "Point", "coordinates": [ 115.269312957140542, -8.390429165113671 ] } },
{ "type": "Feature", "properties": { "id": 24, "kode_zona": null, "nama_zona": "Puhu", "diameter": 3.0, "kondisi": "Baik", "merk": null, "lokasi": "Barat Villa Sawah Puhu", "th_pasang": null, "elevasi": null, "tapping": null, "notes": null, "foto": null, "tgl_input": "2022-05-27", "tgl_update": "2022-05-27", "no_aset": 14.0, "fid": 54, "context": "Ventile", "pelayanan": "Pelayanan Payangan", "tgl_delete": null, "nama_dma": "7.2.1 DMA Carik", "no_bap": null, "subsitem": null, "tgl_asbuilt": null, "id_verifikasi": null, "sumber_data": null, "history": null, "petugas_input": null, "latitude": "-8.39119777309142", "longitude": "115.2675427030745", "verifikator": "I Made Darsana" }, "geometry": { "type": "Point", "coordinates": [ 115.267542703074497, -8.39119777309142 ] } },
{ "type": "Feature", "properties": { "id": 26, "kode_zona": null, "nama_zona": "Puhu", "diameter": 100.0, "kondisi": "Baik", "merk": null, "lokasi": "Barat BR Lebah B", "th_pasang": null, "elevasi": null, "tapping": null, "notes": null, "foto": null, "tgl_input": "2022-05-27", "tgl_update": "2022-05-27", "no_aset": 16.0, "fid": 61, "context": "Ventile", "pelayanan": "Pelayanan Payangan", "tgl_delete": null, "nama_dma": "7.2.2 DMA Subilang", "no_bap": null, "subsitem": null, "tgl_asbuilt": null, "id_verifikasi": null, "sumber_data": null, "history": null, "petugas_input": null, "latitude": "-8.406564014835878", "longitude": "115.2581886101195", "verifikator": "I Made Darsana" }, "geometry": { "type": "Point", "coordinates": [ 115.258188610119504, -8.406564014835878 ] } },
{ "type": "Feature", "properties": { "id": 27, "kode_zona": null, "nama_zona": "Puhu", "diameter": 100.0, "kondisi": "Baik", "merk": null, "lokasi": "Depan Kali Subak Lebah A", "th_pasang": null, "elevasi": null, "tapping": null, "notes": null, "foto": null, "tgl_input": "2022-05-27", "tgl_update": "2022-05-27", "no_aset": 17.0, "fid": 62, "context": "Ventile", "pelayanan": "Pelayanan Payangan", "tgl_delete": "2025-02-21", "nama_dma": "7.2.2 DMA Subilang", "no_bap": null, "subsitem": null, "tgl_asbuilt": null, "id_verifikasi": null, "sumber_data": "Made Darsana", "history": null, "petugas_input": null, "latitude": "-8.408721477213097", "longitude": "115.25442531414069", "verifikator": "I Made Darsana" }, "geometry": { "type": "Point", "coordinates": [ 115.25442531414069, -8.408721477213097 ] } },
{ "type": "Feature", "properties": { "id": 43, "kode_zona": null, "nama_zona": "Puhu", "diameter": 2.0, "kondisi": "Baik", "merk": null, "lokasi": "Depan BR Subilang", "th_pasang": null, "elevasi": null, "tapping": null, "notes": null, "foto": null, "tgl_input": "2022-05-27", "tgl_update": "2022-05-27", "no_aset": 15.0, "fid": 55, "context": "Ventile", "pelayanan": "Pelayanan Payangan", "tgl_delete": null, "nama_dma": "7.2.1 DMA Carik", "no_bap": null, "subsitem": null, "tgl_asbuilt": null, "id_verifikasi": null, "sumber_data": null, "history": null, "petugas_input": null, "latitude": "-8.398946055155509", "longitude": "115.26285414999144", "verifikator": "I Made Darsana" }, "geometry": { "type": "Point", "coordinates": [ 115.262854149991441, -8.398946055155509 ] } },
{ "type": "Feature", "properties": { "id": 49, "kode_zona": null, "nama_zona": "Kerta", "diameter": 3.0, "kondisi": "Baik", "merk": null, "lokasi": "Depan Villa Joglo", "th_pasang": null, "elevasi": null, "tapping": null, "notes": null, "foto": null, "tgl_input": null, "tgl_update": null, "no_aset": 9.0, "fid": 362, "context": "Ventile", "pelayanan": "Pelayanan Payangan", "tgl_delete": null, "nama_dma": "7.1.1 DMA Kerta Timur", "no_bap": null, "subsitem": null, "tgl_asbuilt": null, "id_verifikasi": null, "sumber_data": null, "history": null, "petugas_input": null, "latitude": "-8.344853362029847", "longitude": "115.27983101027694", "verifikator": "I Made Darsana" }, "geometry": { "type": "Point", "coordinates": [ 115.279831010276936, -8.344853362029847 ] } },
{ "type": "Feature", "properties": { "id": 37, "kode_zona": null, "nama_zona": "Kota Sukawati", "diameter": 0.0, "kondisi": "Baik", "merk": null, "lokasi": "Jl. Raya Sukawati", "th_pasang": null, "elevasi": null, "tapping": null, "notes": null, "foto": null, "tgl_input": null, "tgl_update": null, "no_aset": null, "fid": 2, "context": "Ventile", "pelayanan": "Pelayanan Sukawati", "tgl_delete": null, "nama_dma": "2.4.4 DMA Peninjoan 6 (JDU)", "no_bap": null, "subsitem": null, "tgl_asbuilt": null, "id_verifikasi": null, "sumber_data": null, "history": null, "petugas_input": null, "latitude": "-8.593651881869299", "longitude": "115.28273050130754", "verifikator": "I Komang Sucipta" }, "geometry": { "type": "Point", "coordinates": [ 115.28273050130754, -8.593651881869299 ] } },
{ "type": "Feature", "properties": { "id": 378, "kode_zona": null, "nama_zona": "Batubulan Kangin", "diameter": 2.0, "kondisi": "Baik", "merk": null, "lokasi": "Barat Balai Banjar Tengah", "th_pasang": null, "elevasi": null, "tapping": null, "notes": null, "foto": null, "tgl_input": null, "tgl_update": null, "no_aset": null, "fid": 350, "context": "Ventile", "pelayanan": "Pelayanan Sukawati", "tgl_delete": null, "nama_dma": "2.3.1 DMA Tampad", "no_bap": null, "subsitem": null, "tgl_asbuilt": null, "id_verifikasi": null, "sumber_data": null, "history": null, "petugas_input": null, "latitude": "-8.625582225541926", "longitude": "115.27864482180493", "verifikator": "I Kadek Heriawan" }, "geometry": { "type": "Point", "coordinates": [ 115.278644821804932, -8.625582225541926 ] } },
{ "type": "Feature", "properties": { "id": 379, "kode_zona": null, "nama_zona": "Batubulan Kangin", "diameter": 1.0, "kondisi": "Baik", "merk": null, "lokasi": "Jl. Dharma Wangsa", "th_pasang": null, "elevasi": null, "tapping": null, "notes": null, "foto": null, "tgl_input": null, "tgl_update": null, "no_aset": null, "fid": 351, "context": "Ventile", "pelayanan": "Pelayanan Sukawati", "tgl_delete": null, "nama_dma": "2.3.1 DMA Tampad", "no_bap": null, "subsitem": null, "tgl_asbuilt": null, "id_verifikasi": null, "sumber_data": null, "history": null, "petugas_input": null, "latitude": "-8.614968823635879", "longitude": "115.28017315160534", "verifikator": "I Kadek Heriawan" }, "geometry": { "type": "Point", "coordinates": [ 115.280173151605339, -8.614968823635879 ] } },
{ "type": "Feature", "properties": { "id": 33, "kode_zona": null, "nama_zona": "Bukit Jati", "diameter": 1.0, "kondisi": "Baik", "merk": "CI DN 30", "lokasi": "SB Bukit Jati", "th_pasang": null, "elevasi": null, "tapping": null, "notes": null, "foto": null, "tgl_input": "2022-07-27", "tgl_update": "2022-07-27", "no_aset": null, "fid": 400, "context": "Ventile", "pelayanan": "Pelayanan Gianyar", "tgl_delete": null, "nama_dma": "1.11.2 DMA Res. Bukit Jati", "no_bap": null, "subsitem": null, "tgl_asbuilt": null, "id_verifikasi": null, "sumber_data": null, "history": null, "petugas_input": null, "latitude": "-8.534230743321311", "longitude": "115.33908623710916", "verifikator": "I Wayan Degug" }, "geometry": { "type": "Point", "coordinates": [ 115.339086237109157, -8.534230743321311 ] } },
{ "type": "Feature", "properties": { "id": 34, "kode_zona": null, "nama_zona": "Kota Gianyar", "diameter": 2.0, "kondisi": "Baik", "merk": "C30", "lokasi": "Jl. Raya Bitera", "th_pasang": null, "elevasi": null, "tapping": null, "notes": null, "foto": null, "tgl_input": "2022-08-08", "tgl_update": "2025-01-31", "no_aset": null, "fid": 401, "context": "Ventile", "pelayanan": "Pelayanan Gianyar", "tgl_delete": null, "nama_dma": "1.14.1 DMA Bitra I", "no_bap": null, "subsitem": null, "tgl_asbuilt": null, "id_verifikasi": null, "sumber_data": null, "history": "2025-01-31 Memperbaiki data nama_dma disesuaikan dengan posisi DMA area atau poligon DMA menjadi 1.14.1 DMA Bitra I", "petugas_input": null, "latitude": "-8.534904283732757", "longitude": "115.31124248636034", "verifikator": "Dewa Ketut Arsana" }, "geometry": { "type": "Point", "coordinates": [ 115.311242486360342, -8.534904283732757 ] } },
{ "type": "Feature", "properties": { "id": 2, "kode_zona": null, "nama_zona": "Ubud Utara", "diameter": 1.0, "kondisi": "Baik", "merk": null, "lokasi": "BR. KUTUH KAJA SELATAN VALVE BATAN JEPUN", "th_pasang": null, "elevasi": null, "tapping": null, "notes": null, "foto": null, "tgl_input": null, "tgl_update": null, "no_aset": null, "fid": 292, "context": "Ventile", "pelayanan": "Pelayanan Ubud", "tgl_delete": null, "nama_dma": "5.4.5 DMA Kutuh", "no_bap": null, "subsitem": null, "tgl_asbuilt": null, "id_verifikasi": null, "sumber_data": null, "history": null, "petugas_input": null, "latitude": "-8.492491972074209", "longitude": "115.2703617765176", "verifikator": "I Wayan Artawan" }, "geometry": { "type": "Point", "coordinates": [ 115.270361776517603, -8.492491972074209 ] } },
{ "type": "Feature", "properties": { "id": 42, "kode_zona": null, "nama_zona": "Kota Ubud", "diameter": 1.0, "kondisi": "Baik", "merk": null, "lokasi": "Barat arma Br penosekan kelod", "th_pasang": null, "elevasi": null, "tapping": null, "notes": null, "foto": null, "tgl_input": null, "tgl_update": null, "no_aset": null, "fid": 60, "context": "Ventile", "pelayanan": "Pelayanan Ubud", "tgl_delete": null, "nama_dma": "5.3.5 DMA Br. Kalah", "no_bap": null, "subsitem": null, "tgl_asbuilt": null, "id_verifikasi": null, "sumber_data": null, "history": null, "petugas_input": null, "latitude": "-8.524218972748232", "longitude": "115.26465377168428", "verifikator": "I Wayan Artawan" }, "geometry": { "type": "Point", "coordinates": [ 115.26465377168428, -8.524218972748232 ] } },
{ "type": "Feature", "properties": { "id": 83, "kode_zona": null, "nama_zona": "Kota Ubud", "diameter": 1.0, "kondisi": "Baik", "merk": null, "lokasi": "BARAT PURA DALEM PURI", "th_pasang": null, "elevasi": null, "tapping": null, "notes": null, "foto": null, "tgl_input": null, "tgl_update": null, "no_aset": null, "fid": 354, "context": "Ventile", "pelayanan": "Pelayanan Ubud", "tgl_delete": null, "nama_dma": "5.3.4 DMA Tebesaya", "no_bap": null, "subsitem": null, "tgl_asbuilt": null, "id_verifikasi": null, "sumber_data": null, "history": null, "petugas_input": null, "latitude": "-8.509559108981536", "longitude": "115.2690856061563", "verifikator": "I Wayan Artawan" }, "geometry": { "type": "Point", "coordinates": [ 115.269085606156295, -8.509559108981536 ] } },
{ "type": "Feature", "properties": { "id": 84, "kode_zona": null, "nama_zona": "Ubud Utara", "diameter": 1.0, "kondisi": "Baik", "merk": null, "lokasi": "DEPAN BALAI BANJAR TAMAN KELOD", "th_pasang": null, "elevasi": null, "tapping": null, "notes": null, "foto": null, "tgl_input": null, "tgl_update": null, "no_aset": null, "fid": 356, "context": "Ventile", "pelayanan": "Pelayanan Ubud", "tgl_delete": null, "nama_dma": "5.4.4 DMA Tegallantang", "no_bap": null, "subsitem": null, "tgl_asbuilt": null, "id_verifikasi": null, "sumber_data": null, "history": null, "petugas_input": null, "latitude": "-8.506323365359053", "longitude": "115.26538598160717", "verifikator": "I Wayan Artawan" }, "geometry": { "type": "Point", "coordinates": [ 115.265385981607167, -8.506323365359053 ] } },
{ "type": "Feature", "properties": { "id": 85, "kode_zona": null, "nama_zona": "Kota Ubud", "diameter": 1.0, "kondisi": "Baik", "merk": null, "lokasi": "DEPAN IBU ARI TEGES KANGIN", "th_pasang": null, "elevasi": null, "tapping": null, "notes": null, "foto": null, "tgl_input": "2021-10-13", "tgl_update": null, "no_aset": null, "fid": 361, "context": "Ventile", "pelayanan": "Pelayanan Ubud", "tgl_delete": null, "nama_dma": "5.3.1 DMA Kota Campuhan 8", "no_bap": null, "subsitem": null, "tgl_asbuilt": null, "id_verifikasi": null, "sumber_data": null, "history": null, "petugas_input": null, "latitude": "-8.522971126086253", "longitude": "115.27775662968274", "verifikator": "I Wayan Artawan" }, "geometry": { "type": "Point", "coordinates": [ 115.277756629682742, -8.522971126086253 ] } },
{ "type": "Feature", "properties": { "id": 331, "kode_zona": null, "nama_zona": "Ubud Utara", "diameter": 1.0, "kondisi": "Baik", "merk": null, "lokasi": "Selatan SMA 1 Ubud", "th_pasang": null, "elevasi": null, "tapping": null, "notes": null, "foto": null, "tgl_input": null, "tgl_update": null, "no_aset": null, "fid": 283, "context": "Ventile", "pelayanan": "Pelayanan Ubud", "tgl_delete": null, "nama_dma": "5.4.3 DMA Bentuyung", "no_bap": null, "subsitem": null, "tgl_asbuilt": null, "id_verifikasi": null, "sumber_data": null, "history": null, "petugas_input": null, "latitude": "-8.498319723348732", "longitude": "115.26523807815555", "verifikator": "I Wayan Artawan" }, "geometry": { "type": "Point", "coordinates": [ 115.265238078155548, -8.498319723348732 ] } },
{ "type": "Feature", "properties": { "id": 332, "kode_zona": null, "nama_zona": "Kota Ubud", "diameter": 1.0, "kondisi": "Baik", "merk": null, "lokasi": "Ventil 1\" di pipa distr 3\" di  DMA Nyuh kuning", "th_pasang": null, "elevasi": null, "tapping": null, "notes": null, "foto": null, "tgl_input": null, "tgl_update": null, "no_aset": null, "fid": 284, "context": "Ventile", "pelayanan": "Pelayanan Ubud", "tgl_delete": null, "nama_dma": "5.3.6 DMA Nyuh Kuning", "no_bap": null, "subsitem": null, "tgl_asbuilt": null, "id_verifikasi": null, "sumber_data": null, "history": null, "petugas_input": null, "latitude": "-8.526033483703678", "longitude": "115.26328306294901", "verifikator": "I Wayan Artawan" }, "geometry": { "type": "Point", "coordinates": [ 115.263283062949014, -8.526033483703678 ] } },
{ "type": "Feature", "properties": { "id": 333, "kode_zona": null, "nama_zona": "Kota Ubud", "diameter": 1.0, "kondisi": "Baik", "merk": null, "lokasi": "Ventil 1\" di pipa distr 3\" Br pengosekan kelod depan loundry", "th_pasang": null, "elevasi": null, "tapping": null, "notes": null, "foto": null, "tgl_input": null, "tgl_update": null, "no_aset": null, "fid": 285, "context": "Ventile", "pelayanan": "Pelayanan Ubud", "tgl_delete": null, "nama_dma": "5.3.5 DMA Br. Kalah", "no_bap": null, "subsitem": null, "tgl_asbuilt": null, "id_verifikasi": null, "sumber_data": null, "history": null, "petugas_input": null, "latitude": "-8.526395655235868", "longitude": "115.26377936910923", "verifikator": "I Wayan Artawan" }, "geometry": { "type": "Point", "coordinates": [ 115.26377936910923, -8.526395655235868 ] } },
{ "type": "Feature", "properties": { "id": 334, "kode_zona": null, "nama_zona": "Peliatan", "diameter": 3.0, "kondisi": "Baik", "merk": null, "lokasi": "UTARA KANTOR DESA PELIATAN", "th_pasang": null, "elevasi": null, "tapping": null, "notes": null, "foto": null, "tgl_input": null, "tgl_update": null, "no_aset": null, "fid": 298, "context": "Ventile", "pelayanan": "Pelayanan Ubud", "tgl_delete": null, "nama_dma": "5.5.2 DMA Ambengan", "no_bap": null, "subsitem": null, "tgl_asbuilt": null, "id_verifikasi": null, "sumber_data": null, "history": null, "petugas_input": null, "latitude": "-8.518003161870913", "longitude": "115.2692771652119", "verifikator": "I Wayan Artawan" }, "geometry": { "type": "Point", "coordinates": [ 115.269277165211903, -8.518003161870913 ] } },
{ "type": "Feature", "properties": { "id": 335, "kode_zona": null, "nama_zona": "Kota Ubud", "diameter": 1.0, "kondisi": "Baik", "merk": null, "lokasi": "Depan puri joglo campuhan", "th_pasang": null, "elevasi": null, "tapping": null, "notes": null, "foto": null, "tgl_input": null, "tgl_update": null, "no_aset": null, "fid": 309, "context": "Ventile", "pelayanan": "Pelayanan Ubud", "tgl_delete": null, "nama_dma": "5.3.1 DMA Kota Campuhan 8", "no_bap": null, "subsitem": null, "tgl_asbuilt": null, "id_verifikasi": null, "sumber_data": null, "history": null, "petugas_input": null, "latitude": "-8.505142354127985", "longitude": "115.25818390165247", "verifikator": "I Wayan Artawan" }, "geometry": { "type": "Point", "coordinates": [ 115.258183901652473, -8.505142354127985 ] } },
{ "type": "Feature", "properties": { "id": 336, "kode_zona": null, "nama_zona": "Kota Ubud", "diameter": 1.0, "kondisi": "Baik", "merk": null, "lokasi": "depan pura jati ubud", "th_pasang": null, "elevasi": null, "tapping": null, "notes": null, "foto": null, "tgl_input": null, "tgl_update": null, "no_aset": null, "fid": 310, "context": "Ventile", "pelayanan": "Pelayanan Ubud", "tgl_delete": null, "nama_dma": "5.3.1 DMA Kota Campuhan 8", "no_bap": null, "subsitem": null, "tgl_asbuilt": null, "id_verifikasi": null, "sumber_data": null, "history": null, "petugas_input": null, "latitude": "-8.50647326990757", "longitude": "115.26160379349201", "verifikator": "I Wayan Artawan" }, "geometry": { "type": "Point", "coordinates": [ 115.261603793492014, -8.50647326990757 ] } },
{ "type": "Feature", "properties": { "id": 339, "kode_zona": null, "nama_zona": "Kota Ubud", "diameter": 1.0, "kondisi": "Baik", "merk": null, "lokasi": "Utara hotel zent", "th_pasang": null, "elevasi": null, "tapping": null, "notes": null, "foto": null, "tgl_input": null, "tgl_update": null, "no_aset": null, "fid": 321, "context": "Ventile", "pelayanan": "Pelayanan Ubud", "tgl_delete": null, "nama_dma": "5.3.4 DMA Tebesaya", "no_bap": null, "subsitem": null, "tgl_asbuilt": null, "id_verifikasi": null, "sumber_data": null, "history": null, "petugas_input": null, "latitude": "-8.509298492964206", "longitude": "115.26907109834842", "verifikator": "I Wayan Artawan" }, "geometry": { "type": "Point", "coordinates": [ 115.269071098348419, -8.509298492964206 ] } },
{ "type": "Feature", "properties": { "id": 55, "kode_zona": null, "nama_zona": "Kota Payangan", "diameter": 2.0, "kondisi": "Baik", "merk": null, "lokasi": "Selatan Pura Santi", "th_pasang": null, "elevasi": null, "tapping": null, "notes": null, "foto": null, "tgl_input": "2022-07-26", "tgl_update": "2022-07-26", "no_aset": 10.0, "fid": 399, "context": "Ventile", "pelayanan": "Pelayanan Payangan", "tgl_delete": null, "nama_dma": "7.4.7 DMA Karang Suwung (BBT DN 200)", "no_bap": null, "subsitem": null, "tgl_asbuilt": null, "id_verifikasi": null, "sumber_data": null, "history": null, "petugas_input": null, "latitude": "-8.445330378410272", "longitude": "115.23883332769906", "verifikator": "I Nyoman Sumayasa" }, "geometry": { "type": "Point", "coordinates": [ 115.238833327699055, -8.445330378410272 ] } },
{ "type": "Feature", "properties": { "id": 56, "kode_zona": null, "nama_zona": "Blangsinga", "diameter": 100.0, "kondisi": "Baik", "merk": null, "lokasi": "Banjar Banda", "th_pasang": null, "elevasi": null, "tapping": "100", "notes": null, "foto": null, "tgl_input": null, "tgl_update": null, "no_aset": null, "fid": 57, "context": "Ventile", "pelayanan": "Pelayanan Blahbatuh", "tgl_delete": "2024-09-13", "nama_dma": "4.2.3 DMA Banda", "no_bap": null, "subsitem": null, "tgl_asbuilt": null, "id_verifikasi": null, "sumber_data": null, "history": null, "petugas_input": null, "latitude": "-8.586806923120514", "longitude": "115.29580810163624", "verifikator": "I Gede Parwata" }, "geometry": { "type": "Point", "coordinates": [ 115.29580810163624, -8.586806923120514 ] } },
{ "type": "Feature", "properties": { "id": 89, "kode_zona": null, "nama_zona": "Tulikup", "diameter": null, "kondisi": "Baik", "merk": null, "lokasi": "Jl. Taman Bali", "th_pasang": null, "elevasi": null, "tapping": null, "notes": null, "foto": null, "tgl_input": null, "tgl_update": null, "no_aset": null, "fid": 113, "context": "Ventile", "pelayanan": "Pelayanan Gianyar", "tgl_delete": "2023-08-15", "nama_dma": "1.10.1 DMA Kembengan Barat + JDU", "no_bap": null, "subsitem": null, "tgl_asbuilt": null, "id_verifikasi": null, "sumber_data": null, "history": null, "petugas_input": null, "latitude": "-8.536964604072205", "longitude": "115.35590330060592", "verifikator": "I Wayan Degug" }, "geometry": { "type": "Point", "coordinates": [ 115.355903300605917, -8.536964604072205 ] } },
{ "type": "Feature", "properties": { "id": 86, "kode_zona": null, "nama_zona": "Kedewatan", "diameter": 0.0, "kondisi": "Baik", "merk": null, "lokasi": "Jl. Raya Lungsiakan", "th_pasang": null, "elevasi": null, "tapping": null, "notes": null, "foto": null, "tgl_input": "2022-02-16", "tgl_update": "2025-01-31", "no_aset": null, "fid": 366, "context": "Ventile", "pelayanan": "Pelayanan Ubud", "tgl_delete": "2025-04-16", "nama_dma": "5.1.4 DMA Kedewatan", "no_bap": null, "subsitem": null, "tgl_asbuilt": null, "id_verifikasi": null, "sumber_data": null, "history": "2025-01-31 Memperbaiki data nama_dma disesuaikan dengan posisi DMA area atau poligon DMA menjadi 5.1.4 DMA Kedewatan", "petugas_input": null, "latitude": "-8.48643986195485", "longitude": "115.25161563776383", "verifikator": "I Wayan Eka Putrayasa" }, "geometry": { "type": "Point", "coordinates": [ 115.251615637763834, -8.48643986195485 ] } },
{ "type": "Feature", "properties": { "id": 87, "kode_zona": null, "nama_zona": "Kedewatan", "diameter": 2.0, "kondisi": "Baik", "merk": null, "lokasi": "DEPAN WR KAYANA", "th_pasang": null, "elevasi": null, "tapping": null, "notes": null, "foto": null, "tgl_input": null, "tgl_update": "2022-03-18", "no_aset": null, "fid": 368, "context": "Ventile", "pelayanan": "Pelayanan Ubud", "tgl_delete": null, "nama_dma": "5.1.4 DMA Kedewatan", "no_bap": null, "subsitem": null, "tgl_asbuilt": null, "id_verifikasi": null, "sumber_data": null, "history": null, "petugas_input": null, "latitude": "-8.481035054221941", "longitude": "115.24703930100337", "verifikator": "I Wayan Eka Putrayasa" }, "geometry": { "type": "Point", "coordinates": [ 115.247039301003369, -8.481035054221941 ] } },
{ "type": "Feature", "properties": { "id": 90, "kode_zona": null, "nama_zona": "Kedewatan", "diameter": 2.0, "kondisi": "Baik", "merk": null, "lokasi": "DEPAN WR KAYANA", "th_pasang": null, "elevasi": null, "tapping": null, "notes": null, "foto": null, "tgl_input": null, "tgl_update": "2022-03-18", "no_aset": null, "fid": 369, "context": "Ventile", "pelayanan": "Pelayanan Ubud", "tgl_delete": null, "nama_dma": "5.1.4 DMA Kedewatan", "no_bap": null, "subsitem": null, "tgl_asbuilt": null, "id_verifikasi": null, "sumber_data": null, "history": null, "petugas_input": null, "latitude": "-8.481031287549214", "longitude": "115.24702597277683", "verifikator": "I Wayan Eka Putrayasa" }, "geometry": { "type": "Point", "coordinates": [ 115.247025972776825, -8.481031287549214 ] } },
{ "type": "Feature", "properties": { "id": 5, "kode_zona": null, "nama_zona": "Kota Ubud", "diameter": 1.0, "kondisi": "Baik", "merk": null, "lokasi": "Ventil 1\" dipipa distr 2\" depan hotel lamak jln monkey forest ubud", "th_pasang": null, "elevasi": null, "tapping": null, "notes": null, "foto": null, "tgl_input": null, "tgl_update": null, "no_aset": null, "fid": 340, "context": "Ventile", "pelayanan": "Pelayanan Ubud", "tgl_delete": null, "nama_dma": "5.3.2 DMA Monkey Forest", "no_bap": null, "subsitem": null, "tgl_asbuilt": null, "id_verifikasi": null, "sumber_data": null, "history": null, "petugas_input": null, "latitude": "-8.511364185975642", "longitude": "115.26108503976499", "verifikator": "I Wayan Artawan" }, "geometry": { "type": "Point", "coordinates": [ 115.261085039764993, -8.511364185975642 ] } },
{ "type": "Feature", "properties": { "id": 6, "kode_zona": null, "nama_zona": "Kota Ubud", "diameter": 1.0, "kondisi": "Baik", "merk": null, "lokasi": "Ventil 1\" dipipa distr 3\" utara bebek bengil pdng tegal klod", "th_pasang": null, "elevasi": null, "tapping": null, "notes": null, "foto": null, "tgl_input": null, "tgl_update": null, "no_aset": null, "fid": 341, "context": "Ventile", "pelayanan": "Pelayanan Ubud", "tgl_delete": null, "nama_dma": "5.3.3 DMA Padang Tegal", "no_bap": null, "subsitem": null, "tgl_asbuilt": null, "id_verifikasi": null, "sumber_data": null, "history": null, "petugas_input": null, "latitude": "-8.517706886346762", "longitude": "115.26352221468083", "verifikator": "I Wayan Artawan" }, "geometry": { "type": "Point", "coordinates": [ 115.263522214680833, -8.517706886346762 ] } },
{ "type": "Feature", "properties": { "id": 9, "kode_zona": null, "nama_zona": "Kota Payangan", "diameter": 3.0, "kondisi": "Baik", "merk": null, "lokasi": "Depan Kantor Pos", "th_pasang": null, "elevasi": null, "tapping": null, "notes": null, "foto": null, "tgl_input": null, "tgl_update": "2022-07-25", "no_aset": 2.0, "fid": 75, "context": "Ventile", "pelayanan": "Pelayanan Payangan", "tgl_delete": null, "nama_dma": "7.4.1 DMA Giri Kusuma", "no_bap": null, "subsitem": null, "tgl_asbuilt": null, "id_verifikasi": null, "sumber_data": null, "history": null, "petugas_input": null, "latitude": "-8.422242950437933", "longitude": "115.24506308450923", "verifikator": "I Nyoman Sumayasa" }, "geometry": { "type": "Point", "coordinates": [ 115.245063084509226, -8.422242950437933 ] } },
{ "type": "Feature", "properties": { "id": 92, "kode_zona": null, "nama_zona": "Lodtunduh", "diameter": null, "kondisi": "Baik", "merk": null, "lokasi": "Jl. Raya Mawang", "th_pasang": null, "elevasi": null, "tapping": "75", "notes": null, "foto": null, "tgl_input": null, "tgl_update": null, "no_aset": null, "fid": 372, "context": "Ventile", "pelayanan": "Pelayanan Ubud", "tgl_delete": null, "nama_dma": "5.6.2 DMA Lodtunduh Barat", "no_bap": null, "subsitem": null, "tgl_asbuilt": null, "id_verifikasi": null, "sumber_data": null, "history": null, "petugas_input": null, "latitude": "-8.546668339967948", "longitude": "115.26209633862062", "verifikator": "I Wayan Eka Putrayasa" }, "geometry": { "type": "Point", "coordinates": [ 115.262096338620623, -8.546668339967948 ] } },
{ "type": "Feature", "properties": { "id": 93, "kode_zona": null, "nama_zona": "Lodtunduh", "diameter": null, "kondisi": "Baik", "merk": null, "lokasi": "Jl. Raya Mawang", "th_pasang": null, "elevasi": null, "tapping": "75", "notes": null, "foto": null, "tgl_input": null, "tgl_update": null, "no_aset": null, "fid": 373, "context": "Ventile", "pelayanan": "Pelayanan Ubud", "tgl_delete": null, "nama_dma": "5.6.2 DMA Lodtunduh Barat", "no_bap": null, "subsitem": null, "tgl_asbuilt": null, "id_verifikasi": null, "sumber_data": null, "history": null, "petugas_input": null, "latitude": "-8.555243423195849", "longitude": "115.26207117379447", "verifikator": "I Wayan Eka Putrayasa" }, "geometry": { "type": "Point", "coordinates": [ 115.262071173794467, -8.555243423195849 ] } },
{ "type": "Feature", "properties": { "id": 119, "kode_zona": null, "nama_zona": "Batubulan", "diameter": 2.0, "kondisi": "Baik", "merk": null, "lokasi": "Jl. Raya Celuk", "th_pasang": null, "elevasi": null, "tapping": null, "notes": null, "foto": null, "tgl_input": null, "tgl_update": null, "no_aset": null, "fid": 136, "context": "Ventile", "pelayanan": "Pelayanan Sukawati", "tgl_delete": null, "nama_dma": "2.2.1 DMA Tegal Tamu 8 dan Seraya", "no_bap": null, "subsitem": null, "tgl_asbuilt": null, "id_verifikasi": null, "sumber_data": null, "history": null, "petugas_input": null, "latitude": "-8.600087305221699", "longitude": "115.26777722596849", "verifikator": "I Kadek Heriawan" }, "geometry": { "type": "Point", "coordinates": [ 115.267777225968487, -8.600087305221699 ] } },
{ "type": "Feature", "properties": { "id": 109, "kode_zona": null, "nama_zona": "Kota Gianyar", "diameter": null, "kondisi": "Baik", "merk": null, "lokasi": "Jl. Mulawarman", "th_pasang": null, "elevasi": null, "tapping": "150", "notes": null, "foto": null, "tgl_input": null, "tgl_update": null, "no_aset": null, "fid": 319, "context": "Ventile", "pelayanan": "Pelayanan Gianyar", "tgl_delete": null, "nama_dma": "1.14.6 DMA SB Tedung", "no_bap": null, "subsitem": "SB Tedung", "tgl_asbuilt": null, "id_verifikasi": null, "sumber_data": null, "history": null, "petugas_input": null, "latitude": "-8.553588289761054", "longitude": "115.3270036055639", "verifikator": "Dewa Ketut Arsana" }, "geometry": { "type": "Point", "coordinates": [ 115.327003605563903, -8.553588289761054 ] } },
{ "type": "Feature", "properties": { "id": 91, "kode_zona": null, "nama_zona": "Sayan", "diameter": 2.0, "kondisi": "Baik", "merk": null, "lokasi": "SELATAN PASAR SINDHU", "th_pasang": null, "elevasi": null, "tapping": null, "notes": null, "foto": null, "tgl_input": "2022-03-22", "tgl_update": "2022-03-22", "no_aset": null, "fid": 370, "context": "Ventile", "pelayanan": "Pelayanan Ubud", "tgl_delete": null, "nama_dma": "5.2.2 DMA Pande ( Wil.Timur )", "no_bap": null, "subsitem": null, "tgl_asbuilt": null, "id_verifikasi": null, "sumber_data": null, "history": null, "petugas_input": null, "latitude": "-8.521139398176867", "longitude": "115.24105666574532", "verifikator": "I Wayan Eka Putrayasa" }, "geometry": { "type": "Point", "coordinates": [ 115.241056665745319, -8.521139398176867 ] } },
{ "type": "Feature", "properties": { "id": 98, "kode_zona": null, "nama_zona": "Tulikup", "diameter": null, "kondisi": "Baik", "merk": null, "lokasi": "Banjar Tegal", "th_pasang": null, "elevasi": null, "tapping": null, "notes": null, "foto": null, "tgl_input": null, "tgl_update": null, "no_aset": null, "fid": 111, "context": "Ventile", "pelayanan": "Pelayanan Gianyar", "tgl_delete": null, "nama_dma": "1.10.3 DMA Meranggi", "no_bap": null, "subsitem": null, "tgl_asbuilt": null, "id_verifikasi": null, "sumber_data": null, "history": null, "petugas_input": null, "latitude": "-8.543889358380348", "longitude": "115.35732982446791", "verifikator": "I Wayan Degug" }, "geometry": { "type": "Point", "coordinates": [ 115.357329824467911, -8.543889358380348 ] } },
{ "type": "Feature", "properties": { "id": 97, "kode_zona": null, "nama_zona": "Tulikup", "diameter": null, "kondisi": "Baik", "merk": null, "lokasi": "Jl. Taman Bali", "th_pasang": null, "elevasi": null, "tapping": null, "notes": null, "foto": null, "tgl_input": null, "tgl_update": null, "no_aset": null, "fid": 110, "context": "Ventile", "pelayanan": "Pelayanan Gianyar", "tgl_delete": null, "nama_dma": "1.10.1 DMA Kembengan Barat + JDU", "no_bap": null, "subsitem": null, "tgl_asbuilt": null, "id_verifikasi": 45, "sumber_data": null, "history": null, "petugas_input": null, "latitude": "-8.534582999999888", "longitude": "115.35618200000478", "verifikator": "I Wayan Degug" }, "geometry": { "type": "Point", "coordinates": [ 115.356182000004779, -8.534582999999888 ] } },
{ "type": "Feature", "properties": { "id": 29, "kode_zona": null, "nama_zona": "Kota Payangan", "diameter": 2.0, "kondisi": "Baik", "merk": null, "lokasi": "Selatan Pertigaan Mancigan", "th_pasang": null, "elevasi": null, "tapping": null, "notes": null, "foto": null, "tgl_input": null, "tgl_update": "2022-07-25", "no_aset": 5.0, "fid": 79, "context": "Ventile", "pelayanan": "Pelayanan Payangan", "tgl_delete": null, "nama_dma": "7.4.3 DMA Melinggih Timur (Ulapan)", "no_bap": null, "subsitem": null, "tgl_asbuilt": null, "id_verifikasi": null, "sumber_data": null, "history": null, "petugas_input": null, "latitude": "-8.428863636474665", "longitude": "115.24723738249934", "verifikator": "I Nyoman Sumayasa" }, "geometry": { "type": "Point", "coordinates": [ 115.247237382499335, -8.428863636474665 ] } },
{ "type": "Feature", "properties": { "id": 113, "kode_zona": null, "nama_zona": "Pesalakan", "diameter": 1.0, "kondisi": "Baik", "merk": null, "lokasi": "Utara Rmh A A Arjana", "th_pasang": null, "elevasi": null, "tapping": null, "notes": null, "foto": null, "tgl_input": null, "tgl_update": null, "no_aset": null, "fid": 227, "context": "Ventile", "pelayanan": "Pelayanan Tampaksiring", "tgl_delete": null, "nama_dma": "3.6.1 DMA Cemadik", "no_bap": null, "subsitem": null, "tgl_asbuilt": null, "id_verifikasi": null, "sumber_data": null, "history": null, "petugas_input": null, "latitude": "-8.496508195472517", "longitude": "115.30445416912933", "verifikator": "I Nyoman Suarta, S.E." }, "geometry": { "type": "Point", "coordinates": [ 115.304454169129329, -8.496508195472517 ] } },
{ "type": "Feature", "properties": { "id": 276, "kode_zona": null, "nama_zona": "Keliki", "diameter": null, "kondisi": "Baik", "merk": null, "lokasi": "Jl. Raya Sebali", "th_pasang": null, "elevasi": null, "tapping": null, "notes": null, "foto": null, "tgl_input": null, "tgl_update": null, "no_aset": null, "fid": 185, "context": "Ventile", "pelayanan": "Pelayanan Tegallalang", "tgl_delete": null, "nama_dma": "6.4.1 DMA Keliki", "no_bap": null, "subsitem": null, "tgl_asbuilt": "2024-06-06", "id_verifikasi": null, "sumber_data": "ABD", "history": null, "petugas_input": null, "latitude": "-8.46741321302467", "longitude": "115.25985007220767", "verifikator": "I Wayan Sujarwa" }, "geometry": { "type": "Point", "coordinates": [ 115.259850072207669, -8.46741321302467 ] } },
{ "type": "Feature", "properties": { "id": 106, "kode_zona": null, "nama_zona": "Petak Kaja Selatan", "diameter": 0.0, "kondisi": "Baik", "merk": null, "lokasi": "Banjar Bonnyuh", "th_pasang": null, "elevasi": null, "tapping": null, "notes": null, "foto": null, "tgl_input": null, "tgl_update": null, "no_aset": null, "fid": 306, "context": "Ventile", "pelayanan": "Pelayanan Gianyar", "tgl_delete": null, "nama_dma": "1.2.2 DMA Bonyuh", "no_bap": null, "subsitem": null, "tgl_asbuilt": null, "id_verifikasi": null, "sumber_data": null, "history": null, "petugas_input": null, "latitude": "-8.476143973494382", "longitude": "115.31840800190804", "verifikator": "I Made Sutika Semarajaya" }, "geometry": { "type": "Point", "coordinates": [ 115.31840800190804, -8.476143973494382 ] } },
{ "type": "Feature", "properties": { "id": 275, "kode_zona": null, "nama_zona": "Keliki", "diameter": null, "kondisi": "Baik", "merk": null, "lokasi": "Jl. Raya Sebali", "th_pasang": null, "elevasi": null, "tapping": null, "notes": null, "foto": null, "tgl_input": null, "tgl_update": null, "no_aset": null, "fid": 184, "context": "Ventile", "pelayanan": "Pelayanan Tegallalang", "tgl_delete": null, "nama_dma": "6.4.1 DMA Keliki", "no_bap": null, "subsitem": null, "tgl_asbuilt": "2024-06-06", "id_verifikasi": null, "sumber_data": "ABD", "history": null, "petugas_input": null, "latitude": "-8.46193294682103", "longitude": "115.25906779964384", "verifikator": "I Wayan Sujarwa" }, "geometry": { "type": "Point", "coordinates": [ 115.259067799643844, -8.46193294682103 ] } },
{ "type": "Feature", "properties": { "id": 277, "kode_zona": null, "nama_zona": "Keliki", "diameter": null, "kondisi": "Baik", "merk": null, "lokasi": "Jl. Raya Sebali", "th_pasang": null, "elevasi": null, "tapping": null, "notes": null, "foto": null, "tgl_input": null, "tgl_update": null, "no_aset": null, "fid": 187, "context": "Ventile", "pelayanan": "Pelayanan Tegallalang", "tgl_delete": null, "nama_dma": "6.4.2 DMA Bangkiangsidem", "no_bap": null, "subsitem": null, "tgl_asbuilt": "2024-06-06", "id_verifikasi": null, "sumber_data": "ABD", "history": null, "petugas_input": null, "latitude": "-8.480353124681464", "longitude": "115.25827756106764", "verifikator": "I Wayan Sujarwa" }, "geometry": { "type": "Point", "coordinates": [ 115.258277561067644, -8.480353124681464 ] } },
{ "type": "Feature", "properties": { "id": 103, "kode_zona": null, "nama_zona": "Beng", "diameter": null, "kondisi": "Baik", "merk": null, "lokasi": "LINGKUNGAN KELOD KANGIN, BENG", "th_pasang": null, "elevasi": null, "tapping": "100", "notes": null, "foto": null, "tgl_input": null, "tgl_update": "2025-01-31", "no_aset": null, "fid": 301, "context": "Ventile", "pelayanan": "Pelayanan Gianyar", "tgl_delete": null, "nama_dma": "1.6.5 DMA Nataran Pande", "no_bap": "0111\/BAP\/I\/VIII\/2024", "subsitem": null, "tgl_asbuilt": null, "id_verifikasi": null, "sumber_data": "BAP", "history": "2025-01-31 Memperbaiki data nama_dma disesuaikan dengan posisi DMA area atau poligon DMA menjadi 1.6.4 DMA Nataran Pande", "petugas_input": null, "latitude": "-8.532589788716981", "longitude": "115.32876702552575", "verifikator": "Dewa Ketut Arsana" }, "geometry": { "type": "Point", "coordinates": [ 115.32876702552575, -8.532589788716981 ] } },
{ "type": "Feature", "properties": { "id": 99, "kode_zona": null, "nama_zona": "Sumita", "diameter": null, "kondisi": "Baik", "merk": null, "lokasi": "Jl. Raya Suwat", "th_pasang": null, "elevasi": null, "tapping": null, "notes": null, "foto": null, "tgl_input": null, "tgl_update": null, "no_aset": null, "fid": 116, "context": "Ventile", "pelayanan": "Pelayanan Gianyar", "tgl_delete": null, "nama_dma": "1.4.1 DMA Melayang Benawah", "no_bap": null, "subsitem": null, "tgl_asbuilt": null, "id_verifikasi": null, "sumber_data": null, "history": null, "petugas_input": null, "latitude": "-8.4761206637861", "longitude": "115.31285526516345", "verifikator": "I Made Sutika Semarajaya" }, "geometry": { "type": "Point", "coordinates": [ 115.312855265163449, -8.4761206637861 ] } },
{ "type": "Feature", "properties": { "id": 95, "kode_zona": null, "nama_zona": "Sidan", "diameter": null, "kondisi": "Baik", "merk": null, "lokasi": "Barat Balai Banjar Bukit Sari", "th_pasang": null, "elevasi": null, "tapping": null, "notes": null, "foto": null, "tgl_input": null, "tgl_update": null, "no_aset": null, "fid": 101, "context": "Ventile", "pelayanan": "Pelayanan Gianyar", "tgl_delete": null, "nama_dma": "1.8.1 DMA Dukuh", "no_bap": null, "subsitem": null, "tgl_asbuilt": null, "id_verifikasi": null, "sumber_data": null, "history": null, "petugas_input": null, "latitude": "-8.525962941060428", "longitude": "115.3487457628841", "verifikator": "I Wayan Degug" }, "geometry": { "type": "Point", "coordinates": [ 115.348745762884107, -8.525962941060428 ] } },
{ "type": "Feature", "properties": { "id": 100, "kode_zona": null, "nama_zona": "Sumita", "diameter": null, "kondisi": "Baik", "merk": null, "lokasi": "Jl. Raya Suwat", "th_pasang": null, "elevasi": null, "tapping": null, "notes": null, "foto": null, "tgl_input": null, "tgl_update": null, "no_aset": null, "fid": 117, "context": "Ventile", "pelayanan": "Pelayanan Gianyar", "tgl_delete": null, "nama_dma": "1.4.1 DMA Melayang Benawah", "no_bap": null, "subsitem": null, "tgl_asbuilt": null, "id_verifikasi": null, "sumber_data": null, "history": null, "petugas_input": null, "latitude": "-8.476930105133217", "longitude": "115.3131053419617", "verifikator": "I Made Sutika Semarajaya" }, "geometry": { "type": "Point", "coordinates": [ 115.313105341961702, -8.476930105133217 ] } },
{ "type": "Feature", "properties": { "id": 94, "kode_zona": null, "nama_zona": "Bukit Jati", "diameter": null, "kondisi": "Baik", "merk": null, "lokasi": "Banjar Bukit Batu", "th_pasang": null, "elevasi": null, "tapping": null, "notes": null, "foto": null, "tgl_input": null, "tgl_update": null, "no_aset": null, "fid": 100, "context": "Ventile", "pelayanan": "Pelayanan Gianyar", "tgl_delete": null, "nama_dma": "1.11.2 DMA Res. Bukit Jati", "no_bap": null, "subsitem": null, "tgl_asbuilt": null, "id_verifikasi": null, "sumber_data": null, "history": null, "petugas_input": null, "latitude": "-8.528360447553252", "longitude": "115.33931383309195", "verifikator": "I Wayan Degug" }, "geometry": { "type": "Point", "coordinates": [ 115.33931383309195, -8.528360447553252 ] } },
{ "type": "Feature", "properties": { "id": 104, "kode_zona": null, "nama_zona": "Beng", "diameter": null, "kondisi": "Baik", "merk": null, "lokasi": "Kuburan Beng", "th_pasang": null, "elevasi": null, "tapping": "40", "notes": null, "foto": null, "tgl_input": null, "tgl_update": "2025-01-31", "no_aset": null, "fid": 302, "context": "Ventile", "pelayanan": "Pelayanan Gianyar", "tgl_delete": null, "nama_dma": "1.6.7 DMA Kuburan Beng", "no_bap": null, "subsitem": null, "tgl_asbuilt": null, "id_verifikasi": null, "sumber_data": null, "history": "2025-01-31 Memperbaiki data nama_dma disesuaikan dengan posisi DMA area atau poligon DMA menjadi 1.11.3 DMA Kuburan Beng", "petugas_input": null, "latitude": "-8.534966201036276", "longitude": "115.32912847430448", "verifikator": "Dewa Ketut Arsana" }, "geometry": { "type": "Point", "coordinates": [ 115.329128474304483, -8.534966201036276 ] } },
{ "type": "Feature", "properties": { "id": 96, "kode_zona": null, "nama_zona": "Sidan", "diameter": null, "kondisi": "Baik", "merk": null, "lokasi": "Jl. Merdeka", "th_pasang": null, "elevasi": null, "tapping": null, "notes": null, "foto": null, "tgl_input": null, "tgl_update": null, "no_aset": null, "fid": 102, "context": "Ventile", "pelayanan": "Pelayanan Gianyar", "tgl_delete": "2025-01-07", "nama_dma": "1.8.4 DMA Sidan (Tengah)", "no_bap": null, "subsitem": null, "tgl_asbuilt": null, "id_verifikasi": null, "sumber_data": null, "history": null, "petugas_input": null, "latitude": "-8.535396649051801", "longitude": "115.3484809578221", "verifikator": "I Wayan Degug" }, "geometry": { "type": "Point", "coordinates": [ 115.348480957822105, -8.535396649051801 ] } },
{ "type": "Feature", "properties": { "id": 101, "kode_zona": null, "nama_zona": "Sumita", "diameter": null, "kondisi": "Baik", "merk": null, "lokasi": "Jl. Raya Suwat", "th_pasang": null, "elevasi": null, "tapping": null, "notes": null, "foto": null, "tgl_input": null, "tgl_update": null, "no_aset": null, "fid": 119, "context": "Ventile", "pelayanan": "Pelayanan Gianyar", "tgl_delete": null, "nama_dma": "1.4.4 DMA Suwat", "no_bap": null, "subsitem": null, "tgl_asbuilt": null, "id_verifikasi": null, "sumber_data": null, "history": null, "petugas_input": null, "latitude": "-8.48390492821144", "longitude": "115.3134706147705", "verifikator": "I Made Sutika Semarajaya" }, "geometry": { "type": "Point", "coordinates": [ 115.313470614770495, -8.483904928211439 ] } },
{ "type": "Feature", "properties": { "id": 116, "kode_zona": null, "nama_zona": "Kota Sukawati", "diameter": 1.0, "kondisi": "Baik", "merk": null, "lokasi": "Banjar Rangkan", "th_pasang": null, "elevasi": null, "tapping": null, "notes": null, "foto": null, "tgl_input": null, "tgl_update": null, "no_aset": null, "fid": 133, "context": "Ventile", "pelayanan": "Pelayanan Sukawati", "tgl_delete": null, "nama_dma": "2.4.11 DMA Guwang", "no_bap": null, "subsitem": null, "tgl_asbuilt": null, "id_verifikasi": null, "sumber_data": null, "history": null, "petugas_input": null, "latitude": "-8.616471718178287", "longitude": "115.29796691632414", "verifikator": "I Komang Sucipta" }, "geometry": { "type": "Point", "coordinates": [ 115.297966916324143, -8.616471718178287 ] } },
{ "type": "Feature", "properties": { "id": 117, "kode_zona": null, "nama_zona": "Kota Sukawati", "diameter": 1.0, "kondisi": "Baik", "merk": null, "lokasi": "Jl. Raya Celuk", "th_pasang": null, "elevasi": null, "tapping": null, "notes": null, "foto": null, "tgl_input": null, "tgl_update": null, "no_aset": null, "fid": 134, "context": "Ventile", "pelayanan": "Pelayanan Sukawati", "tgl_delete": null, "nama_dma": "2.4.3 DMA Celuk", "no_bap": null, "subsitem": null, "tgl_asbuilt": null, "id_verifikasi": null, "sumber_data": null, "history": null, "petugas_input": null, "latitude": "-8.60017328002026", "longitude": "115.2713303043895", "verifikator": "I Komang Sucipta" }, "geometry": { "type": "Point", "coordinates": [ 115.271330304389494, -8.600173280020259 ] } },
{ "type": "Feature", "properties": { "id": 118, "kode_zona": null, "nama_zona": "Batubulan", "diameter": 2.0, "kondisi": "Baik", "merk": null, "lokasi": "Jl. Raya Celuk", "th_pasang": null, "elevasi": null, "tapping": null, "notes": null, "foto": null, "tgl_input": null, "tgl_update": null, "no_aset": null, "fid": 135, "context": "Ventile", "pelayanan": "Pelayanan Sukawati", "tgl_delete": null, "nama_dma": "2.2.1 DMA Tegal Tamu 8 dan Seraya", "no_bap": null, "subsitem": null, "tgl_asbuilt": null, "id_verifikasi": null, "sumber_data": null, "history": null, "petugas_input": null, "latitude": "-8.600005582219781", "longitude": "115.26823186891231", "verifikator": "I Kadek Heriawan" }, "geometry": { "type": "Point", "coordinates": [ 115.268231868912309, -8.600005582219781 ] } },
{ "type": "Feature", "properties": { "id": 105, "kode_zona": null, "nama_zona": "Sumita", "diameter": 0.0, "kondisi": "Baik", "merk": null, "lokasi": "Jl. Benawah-Petak Kaja", "th_pasang": null, "elevasi": null, "tapping": "100", "notes": null, "foto": null, "tgl_input": null, "tgl_update": null, "no_aset": null, "fid": 303, "context": "Ventile", "pelayanan": "Pelayanan Gianyar", "tgl_delete": null, "nama_dma": "1.4.1 DMA Melayang Benawah", "no_bap": null, "subsitem": null, "tgl_asbuilt": null, "id_verifikasi": null, "sumber_data": null, "history": null, "petugas_input": null, "latitude": "-8.460587949055569", "longitude": "115.31512375843621", "verifikator": "I Made Sutika Semarajaya" }, "geometry": { "type": "Point", "coordinates": [ 115.315123758436215, -8.460587949055569 ] } },
{ "type": "Feature", "properties": { "id": 30, "kode_zona": null, "nama_zona": "Kota Payangan", "diameter": 3.0, "kondisi": "Baik", "merk": null, "lokasi": "Barat BR Payangan Desa", "th_pasang": null, "elevasi": null, "tapping": null, "notes": null, "foto": null, "tgl_input": null, "tgl_update": "2022-07-25", "no_aset": 6.0, "fid": 88, "context": "Ventile", "pelayanan": "Pelayanan Payangan", "tgl_delete": null, "nama_dma": "7.4.4 DMA Melinggih", "no_bap": null, "subsitem": null, "tgl_asbuilt": null, "id_verifikasi": null, "sumber_data": null, "history": null, "petugas_input": null, "latitude": "-8.430568171766526", "longitude": "115.23981375588697", "verifikator": "I Nyoman Sumayasa" }, "geometry": { "type": "Point", "coordinates": [ 115.239813755886971, -8.430568171766526 ] } },
{ "type": "Feature", "properties": { "id": 31, "kode_zona": null, "nama_zona": "Kota Payangan", "diameter": 3.0, "kondisi": "Baik", "merk": null, "lokasi": "Jembatan Karang Suwung", "th_pasang": null, "elevasi": null, "tapping": null, "notes": null, "foto": null, "tgl_input": "2022-07-25", "tgl_update": "2022-07-25", "no_aset": 7.0, "fid": 188, "context": "Ventile", "pelayanan": "Pelayanan Payangan", "tgl_delete": null, "nama_dma": "7.4.7 DMA Karang Suwung (BBT DN 200)", "no_bap": null, "subsitem": null, "tgl_asbuilt": null, "id_verifikasi": null, "sumber_data": null, "history": null, "petugas_input": null, "latitude": "-8.438005230979368", "longitude": "115.24246075943032", "verifikator": "I Nyoman Sumayasa" }, "geometry": { "type": "Point", "coordinates": [ 115.242460759430315, -8.438005230979368 ] } },
{ "type": "Feature", "properties": { "id": 32, "kode_zona": null, "nama_zona": "Kelusa", "diameter": 150.0, "kondisi": "Baik", "merk": null, "lokasi": "Timur Jembatan Kelusa", "th_pasang": null, "elevasi": null, "tapping": "150", "notes": null, "foto": null, "tgl_input": null, "tgl_update": "2022-06-15", "no_aset": 2.0, "fid": 191, "context": "Ventile", "pelayanan": "Pelayanan Payangan", "tgl_delete": null, "nama_dma": "7.5.1 DMA Yangapi", "no_bap": null, "subsitem": null, "tgl_asbuilt": null, "id_verifikasi": null, "sumber_data": null, "history": null, "petugas_input": null, "latitude": "-8.437388662776907", "longitude": "115.25567799375231", "verifikator": "I Nyoman Sumayasa" }, "geometry": { "type": "Point", "coordinates": [ 115.255677993752315, -8.437388662776907 ] } },
{ "type": "Feature", "properties": { "id": 44, "kode_zona": null, "nama_zona": "Kelusa", "diameter": 150.0, "kondisi": "Baik", "merk": null, "lokasi": "Selatan Pura Hyang Api", "th_pasang": null, "elevasi": null, "tapping": "150", "notes": null, "foto": null, "tgl_input": null, "tgl_update": "2022-06-15", "no_aset": 3.0, "fid": 192, "context": "Ventile", "pelayanan": "Pelayanan Payangan", "tgl_delete": null, "nama_dma": "7.5.1 DMA Yangapi", "no_bap": null, "subsitem": null, "tgl_asbuilt": null, "id_verifikasi": null, "sumber_data": null, "history": null, "petugas_input": null, "latitude": "-8.437943914817302", "longitude": "115.25708309516008", "verifikator": "I Nyoman Sumayasa" }, "geometry": { "type": "Point", "coordinates": [ 115.257083095160084, -8.437943914817302 ] } },
{ "type": "Feature", "properties": { "id": 45, "kode_zona": null, "nama_zona": "Kelusa", "diameter": 150.0, "kondisi": "Baik", "merk": null, "lokasi": "Timur Kantor Desa Kelusa", "th_pasang": null, "elevasi": null, "tapping": "150", "notes": null, "foto": null, "tgl_input": null, "tgl_update": "2022-06-15", "no_aset": 4.0, "fid": 193, "context": "Ventile", "pelayanan": "Pelayanan Payangan", "tgl_delete": null, "nama_dma": "7.5.1 DMA Yangapi", "no_bap": null, "subsitem": null, "tgl_asbuilt": null, "id_verifikasi": null, "sumber_data": null, "history": null, "petugas_input": null, "latitude": "-8.44118679782603", "longitude": "115.25635145482744", "verifikator": "I Nyoman Sumayasa" }, "geometry": { "type": "Point", "coordinates": [ 115.256351454827438, -8.441186797826029 ] } },
{ "type": "Feature", "properties": { "id": 46, "kode_zona": null, "nama_zona": "Kelusa", "diameter": 3.0, "kondisi": "Baik", "merk": null, "lokasi": "Selatan DMA Keliki Kawan", "th_pasang": null, "elevasi": null, "tapping": "75", "notes": null, "foto": null, "tgl_input": null, "tgl_update": "2022-06-15", "no_aset": 6.0, "fid": 194, "context": "Ventile", "pelayanan": "Pelayanan Payangan", "tgl_delete": null, "nama_dma": "7.5.2 DMA Keliki Kawan", "no_bap": null, "subsitem": null, "tgl_asbuilt": null, "id_verifikasi": null, "sumber_data": null, "history": null, "petugas_input": null, "latitude": "-8.443385250131524", "longitude": "115.25806076619783", "verifikator": "I Nyoman Sumayasa" }, "geometry": { "type": "Point", "coordinates": [ 115.258060766197829, -8.443385250131524 ] } },
{ "type": "Feature", "properties": { "id": 48, "kode_zona": null, "nama_zona": "Kelusa", "diameter": 150.0, "kondisi": "Baik", "merk": null, "lokasi": "Selatan Perempatan Yeh Tengah", "th_pasang": null, "elevasi": null, "tapping": "150", "notes": null, "foto": null, "tgl_input": null, "tgl_update": "2022-06-15", "no_aset": 8.0, "fid": 196, "context": "Ventile", "pelayanan": "Pelayanan Payangan", "tgl_delete": null, "nama_dma": "7.5.1 DMA Yangapi", "no_bap": null, "subsitem": null, "tgl_asbuilt": null, "id_verifikasi": null, "sumber_data": null, "history": null, "petugas_input": null, "latitude": "-8.4436911488587", "longitude": "115.26407060305145", "verifikator": "I Nyoman Sumayasa" }, "geometry": { "type": "Point", "coordinates": [ 115.264070603051451, -8.443691148858701 ] } },
{ "type": "Feature", "properties": { "id": 50, "kode_zona": null, "nama_zona": "Kelusa", "diameter": 2.0, "kondisi": "Baik", "merk": null, "lokasi": "Pertigaan Warung Jual Buah", "th_pasang": null, "elevasi": null, "tapping": "50", "notes": null, "foto": null, "tgl_input": "2022-02-16", "tgl_update": "2025-02-20", "no_aset": 5.0, "fid": 363, "context": "Ventile", "pelayanan": "Pelayanan Payangan", "tgl_delete": "2025-02-20", "nama_dma": "7.5.1 DMA Yangapi", "no_bap": null, "subsitem": null, "tgl_asbuilt": null, "id_verifikasi": null, "sumber_data": null, "history": null, "petugas_input": null, "latitude": "-8.442524237623584", "longitude": "115.25706498025153", "verifikator": "I Nyoman Sumayasa" }, "geometry": { "type": "Point", "coordinates": [ 115.257064980251528, -8.442524237623584 ] } },
{ "type": "Feature", "properties": { "id": 51, "kode_zona": null, "nama_zona": "Kota Payangan", "diameter": 150.0, "kondisi": "Baik", "merk": null, "lokasi": "timur BBT", "th_pasang": null, "elevasi": null, "tapping": null, "notes": null, "foto": null, "tgl_input": null, "tgl_update": "2022-07-25", "no_aset": 1.0, "fid": 395, "context": "Ventile", "pelayanan": "Pelayanan Payangan", "tgl_delete": null, "nama_dma": "7.4.1 DMA Giri Kusuma", "no_bap": null, "subsitem": null, "tgl_asbuilt": null, "id_verifikasi": null, "sumber_data": null, "history": null, "petugas_input": null, "latitude": "-8.41503875795534", "longitude": "115.24328628015977", "verifikator": "I Nyoman Sumayasa" }, "geometry": { "type": "Point", "coordinates": [ 115.243286280159765, -8.41503875795534 ] } },
{ "type": "Feature", "properties": { "id": 52, "kode_zona": null, "nama_zona": "Kota Payangan", "diameter": 150.0, "kondisi": "Baik", "merk": null, "lokasi": "Depan BR Melinggih", "th_pasang": null, "elevasi": null, "tapping": null, "notes": null, "foto": null, "tgl_input": null, "tgl_update": "2022-07-25", "no_aset": 3.0, "fid": 396, "context": "Ventile", "pelayanan": "Pelayanan Payangan", "tgl_delete": null, "nama_dma": "7.4.1 DMA Giri Kusuma", "no_bap": null, "subsitem": null, "tgl_asbuilt": null, "id_verifikasi": null, "sumber_data": null, "history": null, "petugas_input": null, "latitude": "-8.427432510970107", "longitude": "115.24607447571157", "verifikator": "I Nyoman Sumayasa" }, "geometry": { "type": "Point", "coordinates": [ 115.246074475711566, -8.427432510970107 ] } },
{ "type": "Feature", "properties": { "id": 15, "kode_zona": null, "nama_zona": "Kerta", "diameter": 2.0, "kondisi": "Baik", "merk": null, "lokasi": "Depan Rumah Pak Gianyar", "th_pasang": null, "elevasi": null, "tapping": null, "notes": null, "foto": null, "tgl_input": null, "tgl_update": null, "no_aset": 14.0, "fid": 32, "context": "Ventile", "pelayanan": "Pelayanan Payangan", "tgl_delete": null, "nama_dma": "7.1.1 DMA Kerta Timur", "no_bap": null, "subsitem": null, "tgl_asbuilt": null, "id_verifikasi": null, "sumber_data": null, "history": null, "petugas_input": null, "latitude": "-8.367772822683746", "longitude": "115.2700967402822", "verifikator": "I Made Darsana" }, "geometry": { "type": "Point", "coordinates": [ 115.270096740282199, -8.367772822683746 ] } },
{ "type": "Feature", "properties": { "id": 16, "kode_zona": null, "nama_zona": "Kerta", "diameter": 3.0, "kondisi": "Baik", "merk": null, "lokasi": "Depan Toko Bagunan Mawar", "th_pasang": null, "elevasi": null, "tapping": null, "notes": null, "foto": null, "tgl_input": "2022-05-20", "tgl_update": "2022-05-20", "no_aset": 12.0, "fid": 33, "context": "Ventile", "pelayanan": "Pelayanan Payangan", "tgl_delete": null, "nama_dma": "7.1.1 DMA Kerta Timur", "no_bap": null, "subsitem": null, "tgl_asbuilt": null, "id_verifikasi": null, "sumber_data": null, "history": null, "petugas_input": null, "latitude": "-8.359632800007773", "longitude": "115.27320306773339", "verifikator": "I Made Darsana" }, "geometry": { "type": "Point", "coordinates": [ 115.273203067733391, -8.359632800007773 ] } },
{ "type": "Feature", "properties": { "id": 17, "kode_zona": null, "nama_zona": "Kerta", "diameter": 3.0, "kondisi": "Baik", "merk": null, "lokasi": "Depan Pos Kambling Pura Alas Angker", "th_pasang": null, "elevasi": null, "tapping": null, "notes": null, "foto": null, "tgl_input": null, "tgl_update": null, "no_aset": 4.0, "fid": 35, "context": "Ventile", "pelayanan": "Pelayanan Payangan", "tgl_delete": null, "nama_dma": "7.1.1 DMA Kerta Timur", "no_bap": null, "subsitem": null, "tgl_asbuilt": null, "id_verifikasi": null, "sumber_data": null, "history": null, "petugas_input": null, "latitude": "-8.331134010777706", "longitude": "115.28859419389283", "verifikator": "I Made Darsana" }, "geometry": { "type": "Point", "coordinates": [ 115.288594193892834, -8.331134010777706 ] } },
{ "type": "Feature", "properties": { "id": 18, "kode_zona": null, "nama_zona": "Puhu", "diameter": 3.0, "kondisi": "Baik", "merk": null, "lokasi": "BANJAR CARIK", "th_pasang": null, "elevasi": null, "tapping": null, "notes": null, "foto": null, "tgl_input": "2022-05-27", "tgl_update": "2024-08-09", "no_aset": 9.0, "fid": 36, "context": "Ventile", "pelayanan": "Pelayanan Payangan", "tgl_delete": null, "nama_dma": "7.2.1 DMA Carik", "no_bap": "0011\/BAP\/IV\/VIII\/2024", "subsitem": null, "tgl_asbuilt": null, "id_verifikasi": null, "sumber_data": "BAP", "history": null, "petugas_input": null, "latitude": "-8.377436143514045", "longitude": "115.27232803062368", "verifikator": "I Made Darsana" }, "geometry": { "type": "Point", "coordinates": [ 115.272328030623683, -8.377436143514045 ] } },
{ "type": "Feature", "properties": { "id": 19, "kode_zona": null, "nama_zona": "Kerta", "diameter": 3.0, "kondisi": "Baik", "merk": null, "lokasi": "Tikungan Selatan Rumah Suparna", "th_pasang": null, "elevasi": null, "tapping": null, "notes": null, "foto": null, "tgl_input": null, "tgl_update": null, "no_aset": 6.0, "fid": 47, "context": "Ventile", "pelayanan": "Pelayanan Payangan", "tgl_delete": null, "nama_dma": "7.1.1 DMA Kerta Timur", "no_bap": null, "subsitem": null, "tgl_asbuilt": null, "id_verifikasi": null, "sumber_data": null, "history": null, "petugas_input": null, "latitude": "-8.335349920799084", "longitude": "115.28566213814314", "verifikator": "I Made Darsana" }, "geometry": { "type": "Point", "coordinates": [ 115.285662138143138, -8.335349920799084 ] } },
{ "type": "Feature", "properties": { "id": 20, "kode_zona": null, "nama_zona": "Puhu", "diameter": 3.0, "kondisi": "Baik", "merk": null, "lokasi": "Utara Tikungan Puhu", "th_pasang": null, "elevasi": null, "tapping": null, "notes": null, "foto": null, "tgl_input": "2022-05-27", "tgl_update": "2022-05-27", "no_aset": 11.0, "fid": 48, "context": "Ventile", "pelayanan": "Pelayanan Payangan", "tgl_delete": "2025-02-21", "nama_dma": "7.2.1 DMA Carik", "no_bap": null, "subsitem": null, "tgl_asbuilt": null, "id_verifikasi": null, "sumber_data": null, "history": null, "petugas_input": null, "latitude": "-8.388028934557417", "longitude": "115.26941128492243", "verifikator": "I Made Darsana" }, "geometry": { "type": "Point", "coordinates": [ 115.269411284922427, -8.388028934557417 ] } },
{ "type": "Feature", "properties": { "id": 21, "kode_zona": null, "nama_zona": "Kerta", "diameter": 3.0, "kondisi": "Baik", "merk": null, "lokasi": "Tiang Pemancar", "th_pasang": null, "elevasi": null, "tapping": null, "notes": null, "foto": null, "tgl_input": null, "tgl_update": "2025-07-10", "no_aset": 10.0, "fid": 49, "context": "Ventile", "pelayanan": "Pelayanan Payangan", "tgl_delete": null, "nama_dma": "7.1.1 DMA Kerta Timur", "no_bap": "0042\/BAP\/IV\/VII\/2025", "subsitem": null, "tgl_asbuilt": null, "id_verifikasi": null, "sumber_data": null, "history": null, "petugas_input": null, "latitude": "-8.34723292906276", "longitude": "115.27904700884245", "verifikator": "I Made Darsana" }, "geometry": { "type": "Point", "coordinates": [ 115.279047008842454, -8.347232929062759 ] } },
{ "type": "Feature", "properties": { "id": 174, "kode_zona": null, "nama_zona": "Puhu", "diameter": 100.0, "kondisi": "Baik", "merk": null, "lokasi": "Depan Pura Dalem Semaon", "th_pasang": null, "elevasi": null, "tapping": null, "notes": null, "foto": null, "tgl_input": "2022-05-27", "tgl_update": "2022-05-27", "no_aset": 6.0, "fid": 25, "context": "Ventile", "pelayanan": "Pelayanan Payangan", "tgl_delete": null, "nama_dma": "7.2.4 DMA Semaon", "no_bap": null, "subsitem": null, "tgl_asbuilt": null, "id_verifikasi": null, "sumber_data": null, "history": null, "petugas_input": null, "latitude": "-8.397706063461573", "longitude": "115.2501127612896", "verifikator": "I Made Darsana" }, "geometry": { "type": "Point", "coordinates": [ 115.2501127612896, -8.397706063461573 ] } },
{ "type": "Feature", "properties": { "id": 176, "kode_zona": null, "nama_zona": "Kerta", "diameter": 2.0, "kondisi": "Baik", "merk": null, "lokasi": "Selatan Keran Umum Di Buu", "th_pasang": null, "elevasi": null, "tapping": null, "notes": null, "foto": null, "tgl_input": "2022-05-20", "tgl_update": "2022-05-20", "no_aset": 16.0, "fid": 27, "context": "Ventile", "pelayanan": "Pelayanan Payangan", "tgl_delete": null, "nama_dma": "7.1.1 DMA Kerta Timur", "no_bap": null, "subsitem": null, "tgl_asbuilt": null, "id_verifikasi": null, "sumber_data": null, "history": null, "petugas_input": null, "latitude": "-8.336671274458219", "longitude": "115.29307391387881", "verifikator": "I Made Darsana" }, "geometry": { "type": "Point", "coordinates": [ 115.293073913878814, -8.336671274458219 ] } },
{ "type": "Feature", "properties": { "id": 133, "kode_zona": null, "nama_zona": "Batubulan", "diameter": 1.0, "kondisi": "Baik", "merk": null, "lokasi": "Jl. Pasekan", "th_pasang": null, "elevasi": null, "tapping": null, "notes": null, "foto": null, "tgl_input": null, "tgl_update": null, "no_aset": null, "fid": 167, "context": "Ventile", "pelayanan": "Pelayanan Sukawati", "tgl_delete": null, "nama_dma": "2.2.5 DMA Batu Intan", "no_bap": null, "subsitem": null, "tgl_asbuilt": null, "id_verifikasi": null, "sumber_data": null, "history": null, "petugas_input": null, "latitude": "-8.618655275944633", "longitude": "115.26037591579775", "verifikator": "I Kadek Heriawan" }, "geometry": { "type": "Point", "coordinates": [ 115.260375915797752, -8.618655275944633 ] } },
{ "type": "Feature", "properties": { "id": 126, "kode_zona": null, "nama_zona": "Kota Sukawati", "diameter": 150.0, "kondisi": "Baik", "merk": null, "lokasi": "Timur Balai Banjar Jeleka", "th_pasang": null, "elevasi": null, "tapping": null, "notes": null, "foto": null, "tgl_input": null, "tgl_update": null, "no_aset": null, "fid": 159, "context": "Ventile", "pelayanan": "Pelayanan Sukawati", "tgl_delete": null, "nama_dma": "2.4.1 DMA Boster Abianseka", "no_bap": null, "subsitem": null, "tgl_asbuilt": null, "id_verifikasi": null, "sumber_data": null, "history": null, "petugas_input": null, "latitude": "-8.58241924272915", "longitude": "115.27349826074636", "verifikator": "I Komang Sucipta" }, "geometry": { "type": "Point", "coordinates": [ 115.273498260746365, -8.58241924272915 ] } },
{ "type": "Feature", "properties": { "id": 135, "kode_zona": null, "nama_zona": "Kemenuh", "diameter": 1.0, "kondisi": "Baik", "merk": null, "lokasi": "Jl. Ir. Sutami", "th_pasang": null, "elevasi": null, "tapping": null, "notes": null, "foto": null, "tgl_input": null, "tgl_update": null, "no_aset": null, "fid": 171, "context": "Ventile", "pelayanan": "Pelayanan Sukawati", "tgl_delete": null, "nama_dma": "2.5.2 DMA Tegenungan", "no_bap": null, "subsitem": null, "tgl_asbuilt": null, "id_verifikasi": null, "sumber_data": null, "history": null, "petugas_input": null, "latitude": "-8.57696085130025", "longitude": "115.28708444558976", "verifikator": "I Komang Sucipta" }, "geometry": { "type": "Point", "coordinates": [ 115.287084445589755, -8.57696085130025 ] } },
{ "type": "Feature", "properties": { "id": 128, "kode_zona": null, "nama_zona": "Kota Sukawati", "diameter": 1.0, "kondisi": "Baik", "merk": null, "lokasi": "SB Abianseka II", "th_pasang": null, "elevasi": null, "tapping": null, "notes": null, "foto": null, "tgl_input": null, "tgl_update": null, "no_aset": null, "fid": 161, "context": "Ventile", "pelayanan": "Pelayanan Sukawati", "tgl_delete": null, "nama_dma": "2.4.1 DMA Boster Abianseka", "no_bap": null, "subsitem": null, "tgl_asbuilt": null, "id_verifikasi": null, "sumber_data": null, "history": null, "petugas_input": null, "latitude": "-8.56180908379693", "longitude": "115.27163676251217", "verifikator": "I Komang Sucipta" }, "geometry": { "type": "Point", "coordinates": [ 115.271636762512173, -8.561809083796931 ] } },
{ "type": "Feature", "properties": { "id": 72, "kode_zona": null, "nama_zona": "Pering", "diameter": null, "kondisi": "Baik", "merk": null, "lokasi": "Banjar Tojan", "th_pasang": null, "elevasi": null, "tapping": "75", "notes": null, "foto": null, "tgl_input": null, "tgl_update": null, "no_aset": null, "fid": 261, "context": "Ventile", "pelayanan": "Pelayanan Blahbatuh", "tgl_delete": null, "nama_dma": "4.3.1 DMA Perangsada", "no_bap": null, "subsitem": null, "tgl_asbuilt": null, "id_verifikasi": null, "sumber_data": null, "history": null, "petugas_input": null, "latitude": "-8.575771071357936", "longitude": "115.30477572097078", "verifikator": "Gilang Mada Awiyat" }, "geometry": { "type": "Point", "coordinates": [ 115.304775720970781, -8.575771071357936 ] } },
{ "type": "Feature", "properties": { "id": 73, "kode_zona": null, "nama_zona": "Keramas", "diameter": null, "kondisi": "Baik", "merk": null, "lokasi": "Jl. Segara Wilis", "th_pasang": null, "elevasi": null, "tapping": "75", "notes": null, "foto": null, "tgl_input": null, "tgl_update": "2025-01-31", "no_aset": null, "fid": 265, "context": "Ventile", "pelayanan": "Pelayanan Blahbatuh", "tgl_delete": null, "nama_dma": "4.4.6 DMA Dayang", "no_bap": null, "subsitem": null, "tgl_asbuilt": null, "id_verifikasi": null, "sumber_data": null, "history": "2025-01-31 Memperbaiki data nama_dma disesuaikan dengan posisi DMA area atau poligon DMA menjadi 4.6.4 DMA Selat  Bona", "petugas_input": null, "latitude": "-8.57672659742908", "longitude": "115.3222923557584", "verifikator": "I Gede Parwata" }, "geometry": { "type": "Point", "coordinates": [ 115.322292355758407, -8.576726597429079 ] } },
{ "type": "Feature", "properties": { "id": 47, "kode_zona": null, "nama_zona": "Kelusa", "diameter": 150.0, "kondisi": "Baik", "merk": null, "lokasi": "Banjar Yeh Tengah", "th_pasang": null, "elevasi": null, "tapping": "150", "notes": null, "foto": null, "tgl_input": null, "tgl_update": "2022-06-15", "no_aset": 7.0, "fid": 195, "context": "Ventile", "pelayanan": "Pelayanan Payangan", "tgl_delete": null, "nama_dma": "7.5.1 DMA Yangapi", "no_bap": null, "subsitem": null, "tgl_asbuilt": null, "id_verifikasi": null, "sumber_data": null, "history": null, "petugas_input": null, "latitude": "-8.443390308408432", "longitude": "115.2633449056146", "verifikator": "I Nyoman Sumayasa" }, "geometry": { "type": "Point", "coordinates": [ 115.263344905614602, -8.443390308408432 ] } },
{ "type": "Feature", "properties": { "id": 124, "kode_zona": null, "nama_zona": "Kota Sukawati", "diameter": 2.0, "kondisi": "Baik", "merk": null, "lokasi": "JEMBATAN JAGARAGA", "th_pasang": null, "elevasi": null, "tapping": null, "notes": null, "foto": null, "tgl_input": null, "tgl_update": null, "no_aset": null, "fid": 141, "context": "Ventile", "pelayanan": "Pelayanan Sukawati", "tgl_delete": null, "nama_dma": "2.4.3 DMA Celuk", "no_bap": null, "subsitem": null, "tgl_asbuilt": null, "id_verifikasi": null, "sumber_data": null, "history": null, "petugas_input": null, "latitude": "-8.59084297740387", "longitude": "115.26838490230914", "verifikator": "I Komang Sucipta" }, "geometry": { "type": "Point", "coordinates": [ 115.268384902309137, -8.59084297740387 ] } },
{ "type": "Feature", "properties": { "id": 125, "kode_zona": null, "nama_zona": "Kota Sukawati", "diameter": 2.0, "kondisi": "Baik", "merk": null, "lokasi": "SELATAN BR PALAK", "th_pasang": null, "elevasi": null, "tapping": null, "notes": null, "foto": null, "tgl_input": null, "tgl_update": null, "no_aset": null, "fid": 142, "context": "Ventile", "pelayanan": "Pelayanan Sukawati", "tgl_delete": null, "nama_dma": "2.4.4 DMA Peninjoan 6 (JDU)", "no_bap": null, "subsitem": null, "tgl_asbuilt": null, "id_verifikasi": null, "sumber_data": null, "history": null, "petugas_input": null, "latitude": "-8.598878881474", "longitude": "115.28722632853813", "verifikator": "I Komang Sucipta" }, "geometry": { "type": "Point", "coordinates": [ 115.287226328538125, -8.598878881474 ] } },
{ "type": "Feature", "properties": { "id": 127, "kode_zona": null, "nama_zona": "Kota Sukawati", "diameter": 1.0, "kondisi": "Baik", "merk": null, "lokasi": "BARAT SPBU SAKAH", "th_pasang": null, "elevasi": null, "tapping": null, "notes": null, "foto": null, "tgl_input": null, "tgl_update": null, "no_aset": null, "fid": 160, "context": "Ventile", "pelayanan": "Pelayanan Sukawati", "tgl_delete": null, "nama_dma": "2.4.5 SB Sakah", "no_bap": null, "subsitem": null, "tgl_asbuilt": null, "id_verifikasi": null, "sumber_data": null, "history": null, "petugas_input": null, "latitude": "-8.567182472614167", "longitude": "115.27465845931312", "verifikator": "I Komang Sucipta" }, "geometry": { "type": "Point", "coordinates": [ 115.274658459313116, -8.567182472614167 ] } },
{ "type": "Feature", "properties": { "id": 131, "kode_zona": null, "nama_zona": "Kota Sukawati", "diameter": 2.0, "kondisi": "Baik", "merk": null, "lokasi": "JEMBATAN CANGI", "th_pasang": null, "elevasi": null, "tapping": null, "notes": null, "foto": null, "tgl_input": null, "tgl_update": null, "no_aset": null, "fid": 165, "context": "Ventile", "pelayanan": "Pelayanan Sukawati", "tgl_delete": null, "nama_dma": "2.4.5 SB Sakah", "no_bap": null, "subsitem": null, "tgl_asbuilt": null, "id_verifikasi": null, "sumber_data": null, "history": null, "petugas_input": null, "latitude": "-8.56351736611896", "longitude": "115.27668639032865", "verifikator": "I Komang Sucipta" }, "geometry": { "type": "Point", "coordinates": [ 115.276686390328649, -8.56351736611896 ] } },
{ "type": "Feature", "properties": { "id": 562, "kode_zona": null, "nama_zona": "Batubulan", "diameter": null, "kondisi": "Baik", "merk": null, "lokasi": "GANG MELATI PERUMAHAN BUMI ASRI BLOK II B BANJAR SASIH BATUBULAN", "th_pasang": "2024", "elevasi": null, "tapping": null, "notes": null, "foto": null, "tgl_input": "2024-07-31", "tgl_update": "2024-07-31", "no_aset": null, "fid": null, "context": "Ventile", "pelayanan": "Pelayanan Sukawati", "tgl_delete": null, "nama_dma": "2.2.7 DMA Sasih", "no_bap": "0178\/BAP\/VI\/VII\/2024", "subsitem": null, "tgl_asbuilt": null, "id_verifikasi": null, "sumber_data": "BAP", "history": null, "petugas_input": null, "latitude": "-8.635247448744579", "longitude": "115.26571816259367", "verifikator": "I Kadek Heriawan" }, "geometry": { "type": "Point", "coordinates": [ 115.265718162593672, -8.635247448744579 ] } },
{ "type": "Feature", "properties": { "id": 0, "kode_zona": "Kota Tegalalang", "nama_zona": "Kota Tegalalang", "diameter": 1.0, "kondisi": "Baik", "merk": null, "lokasi": "Pertigaan Abangan", "th_pasang": null, "elevasi": null, "tapping": "75", "notes": null, "foto": null, "tgl_input": "2024-07-31", "tgl_update": null, "no_aset": null, "fid": null, "context": "Ventile", "pelayanan": "Pelayanan Tegallalang", "tgl_delete": "2025-01-31", "nama_dma": "6.3.4 DMA Abangan", "no_bap": null, "subsitem": "Bayad II", "tgl_asbuilt": "2024-06-06", "id_verifikasi": null, "sumber_data": "ABD", "history": "2025-01-31 Geom Error", "petugas_input": null, "latitude": "9063581.718996398", "longitude": "309307.9313031085", "verifikator": null }, "geometry": { "type": "Point", "coordinates": [ 309307.931303108518478, 9063581.718996398150921 ] } },
{ "type": "Feature", "properties": { "id": 134, "kode_zona": null, "nama_zona": null, "diameter": 1.0, "kondisi": "Baik", "merk": null, "lokasi": null, "th_pasang": null, "elevasi": null, "tapping": null, "notes": null, "foto": null, "tgl_input": null, "tgl_update": null, "no_aset": null, "fid": 170, "context": "Ventile", "pelayanan": "Pelayanan Error", "tgl_delete": "2022-10-31", "nama_dma": "Deleted", "no_bap": null, "subsitem": null, "tgl_asbuilt": null, "id_verifikasi": null, "sumber_data": null, "history": null, "petugas_input": null, "latitude": null, "longitude": null, "verifikator": null }, "geometry": null },
{ "type": "Feature", "properties": { "id": 162, "kode_zona": null, "nama_zona": "Kota Ubud", "diameter": 2.0, "kondisi": "Baik", "merk": null, "lokasi": "Air valve di pipa 8\" Jln Raya timur Bank BCA", "th_pasang": null, "elevasi": null, "tapping": null, "notes": null, "foto": null, "tgl_input": null, "tgl_update": null, "no_aset": null, "fid": 286, "context": "Ventile", "pelayanan": "Pelayanan Ubud", "tgl_delete": null, "nama_dma": "5.3.1 DMA Kota Campuhan 8", "no_bap": null, "subsitem": null, "tgl_asbuilt": null, "id_verifikasi": null, "sumber_data": null, "history": null, "petugas_input": null, "latitude": "-8.50901690141165", "longitude": "115.26891798430056", "verifikator": "I Wayan Artawan" }, "geometry": { "type": "Point", "coordinates": [ 115.268917984300558, -8.50901690141165 ] } },
{ "type": "Feature", "properties": { "id": 163, "kode_zona": null, "nama_zona": "Kota Ubud", "diameter": 2.0, "kondisi": "Baik", "merk": null, "lokasi": "Air valve di pipa 6\" timur pertamina teges kangin peliatan", "th_pasang": null, "elevasi": null, "tapping": null, "notes": null, "foto": null, "tgl_input": null, "tgl_update": null, "no_aset": null, "fid": 287, "context": "Ventile", "pelayanan": "Pelayanan Ubud", "tgl_delete": null, "nama_dma": "5.3.1 DMA Kota Campuhan 8", "no_bap": null, "subsitem": null, "tgl_asbuilt": null, "id_verifikasi": null, "sumber_data": null, "history": null, "petugas_input": null, "latitude": "-8.52319358162021", "longitude": "115.27657001197905", "verifikator": "I Wayan Artawan" }, "geometry": { "type": "Point", "coordinates": [ 115.276570011979047, -8.523193581620211 ] } },
{ "type": "Feature", "properties": { "id": 164, "kode_zona": null, "nama_zona": "Ubud Utara", "diameter": 2.0, "kondisi": "Baik", "merk": null, "lokasi": "Di pipa 6\" Bentuyung", "th_pasang": null, "elevasi": null, "tapping": null, "notes": null, "foto": null, "tgl_input": null, "tgl_update": null, "no_aset": null, "fid": 288, "context": "Ventile", "pelayanan": "Pelayanan Ubud", "tgl_delete": null, "nama_dma": "5.4.1 DMA Junjungan Utara (JDU)", "no_bap": null, "subsitem": null, "tgl_asbuilt": null, "id_verifikasi": null, "sumber_data": null, "history": null, "petugas_input": null, "latitude": "-8.472949014738868", "longitude": "115.27002006908052", "verifikator": "I Wayan Artawan" }, "geometry": { "type": "Point", "coordinates": [ 115.270020069080516, -8.472949014738868 ] } },
{ "type": "Feature", "properties": { "id": 177, "kode_zona": null, "nama_zona": "Ubud Utara", "diameter": 2.0, "kondisi": "Baik", "merk": null, "lokasi": "Selatan DMA Bentuyung", "th_pasang": null, "elevasi": null, "tapping": null, "notes": null, "foto": null, "tgl_input": null, "tgl_update": null, "no_aset": null, "fid": 18, "context": "Ventile", "pelayanan": "Pelayanan Ubud", "tgl_delete": null, "nama_dma": "5.4.4 DMA Tegallantang", "no_bap": null, "subsitem": null, "tgl_asbuilt": null, "id_verifikasi": null, "sumber_data": null, "history": null, "petugas_input": null, "latitude": "-8.475901115288169", "longitude": "115.26970752604363", "verifikator": "I Wayan Artawan" }, "geometry": { "type": "Point", "coordinates": [ 115.269707526043632, -8.475901115288169 ] } },
{ "type": "Feature", "properties": { "id": 195, "kode_zona": null, "nama_zona": "Ubud Utara", "diameter": 1.0, "kondisi": "Baik", "merk": null, "lokasi": "DEPAN MEGENDA JLN SRIWEDARI LINGK TAMAN KAJA", "th_pasang": null, "elevasi": null, "tapping": null, "notes": null, "foto": null, "tgl_input": null, "tgl_update": null, "no_aset": null, "fid": 45, "context": "Ventile", "pelayanan": "Pelayanan Ubud", "tgl_delete": null, "nama_dma": "5.4.4 DMA Tegallantang", "no_bap": null, "subsitem": null, "tgl_asbuilt": null, "id_verifikasi": null, "sumber_data": null, "history": null, "petugas_input": null, "latitude": "-8.501598186899153", "longitude": "115.2662964915718", "verifikator": "I Wayan Artawan" }, "geometry": { "type": "Point", "coordinates": [ 115.266296491571794, -8.501598186899153 ] } },
{ "type": "Feature", "properties": { "id": 181, "kode_zona": null, "nama_zona": "Kota Tegallalang", "diameter": 2.0, "kondisi": "Baik", "merk": null, "lokasi": "BERMAND", "th_pasang": "2017", "elevasi": null, "tapping": "50", "notes": null, "foto": null, "tgl_input": null, "tgl_update": null, "no_aset": null, "fid": 16, "context": "Ventile", "pelayanan": "Pelayanan Tegallalang", "tgl_delete": null, "nama_dma": "6.3.1 DMA Gagah", "no_bap": null, "subsitem": null, "tgl_asbuilt": "2024-06-06", "id_verifikasi": null, "sumber_data": "ABD", "history": null, "petugas_input": null, "latitude": "-8.438201615240851", "longitude": "115.27834624021116", "verifikator": "I Wayan Sujarwa" }, "geometry": { "type": "Point", "coordinates": [ 115.278346240211164, -8.438201615240851 ] } },
{ "type": "Feature", "properties": { "id": 166, "kode_zona": null, "nama_zona": "Bona", "diameter": 100.0, "kondisi": "Baik", "merk": "C30", "lokasi": "Timur Br Pasadana", "th_pasang": null, "elevasi": null, "tapping": null, "notes": null, "foto": null, "tgl_input": null, "tgl_update": null, "no_aset": null, "fid": 6, "context": "Ventile", "pelayanan": "Pelayanan Blahbatuh", "tgl_delete": null, "nama_dma": "4.6.2 DMA Pasedana Bona Kaja 4", "no_bap": null, "subsitem": null, "tgl_asbuilt": null, "id_verifikasi": null, "sumber_data": null, "history": null, "petugas_input": null, "latitude": "-8.553017502667212", "longitude": "115.31488307293365", "verifikator": "Gilang Mada Awiyat" }, "geometry": { "type": "Point", "coordinates": [ 115.314883072933654, -8.553017502667212 ] } },
{ "type": "Feature", "properties": { "id": 165, "kode_zona": null, "nama_zona": "Kerta", "diameter": null, "kondisi": "Baik", "merk": null, "lokasi": "Pertigaan Jalan Menuju Pilan Dan Seming", "th_pasang": null, "elevasi": null, "tapping": null, "notes": null, "foto": null, "tgl_input": null, "tgl_update": null, "no_aset": 2.0, "fid": 10, "context": "Ventile", "pelayanan": "Pelayanan Payangan", "tgl_delete": null, "nama_dma": "7.1.2 DMA Kerta Barat", "no_bap": null, "subsitem": null, "tgl_asbuilt": null, "id_verifikasi": null, "sumber_data": null, "history": null, "petugas_input": null, "latitude": "-8.329605455728302", "longitude": "115.27512847740195", "verifikator": "I Made Darsana" }, "geometry": { "type": "Point", "coordinates": [ 115.27512847740195, -8.329605455728302 ] } },
{ "type": "Feature", "properties": { "id": 168, "kode_zona": null, "nama_zona": "Kerta", "diameter": null, "kondisi": "Baik", "merk": null, "lokasi": "Pertigaan Jalan Ke Pilan", "th_pasang": null, "elevasi": null, "tapping": null, "notes": null, "foto": null, "tgl_input": null, "tgl_update": null, "no_aset": 3.0, "fid": 14, "context": "Ventile", "pelayanan": "Pelayanan Payangan", "tgl_delete": null, "nama_dma": "7.1.2 DMA Kerta Barat", "no_bap": null, "subsitem": null, "tgl_asbuilt": null, "id_verifikasi": null, "sumber_data": null, "history": null, "petugas_input": null, "latitude": "-8.333718547024587", "longitude": "115.27453201318919", "verifikator": "I Made Darsana" }, "geometry": { "type": "Point", "coordinates": [ 115.274532013189187, -8.333718547024587 ] } },
{ "type": "Feature", "properties": { "id": 170, "kode_zona": null, "nama_zona": "Puhu", "diameter": 100.0, "kondisi": "Baik", "merk": null, "lokasi": "Depan Sekolah SMU N1 Payangan", "th_pasang": null, "elevasi": null, "tapping": null, "notes": null, "foto": null, "tgl_input": "2022-05-27", "tgl_update": "2022-05-27", "no_aset": 2.0, "fid": 19, "context": "Ventile", "pelayanan": "Pelayanan Payangan", "tgl_delete": null, "nama_dma": "7.2.3 DMA Penginyahan", "no_bap": null, "subsitem": null, "tgl_asbuilt": null, "id_verifikasi": null, "sumber_data": null, "history": null, "petugas_input": null, "latitude": "-8.38071732920145", "longitude": "115.2655852143572", "verifikator": "I Made Darsana" }, "geometry": { "type": "Point", "coordinates": [ 115.265585214357202, -8.380717329201451 ] } },
{ "type": "Feature", "properties": { "id": 171, "kode_zona": null, "nama_zona": "Puhu", "diameter": 100.0, "kondisi": "Baik", "merk": null, "lokasi": "Depan Kuburan Pengiyahan", "th_pasang": null, "elevasi": null, "tapping": null, "notes": null, "foto": null, "tgl_input": "2022-05-27", "tgl_update": "2022-05-27", "no_aset": 3.0, "fid": 20, "context": "Ventile", "pelayanan": "Pelayanan Payangan", "tgl_delete": null, "nama_dma": "7.2.3 DMA Penginyahan", "no_bap": null, "subsitem": null, "tgl_asbuilt": null, "id_verifikasi": null, "sumber_data": null, "history": null, "petugas_input": null, "latitude": "-8.382891841780474", "longitude": "115.26397055534012", "verifikator": "I Made Darsana" }, "geometry": { "type": "Point", "coordinates": [ 115.263970555340123, -8.382891841780474 ] } },
{ "type": "Feature", "properties": { "id": 172, "kode_zona": null, "nama_zona": "Puhu", "diameter": 100.0, "kondisi": "Baik", "merk": null, "lokasi": "Depan Rumah Pak Pundut", "th_pasang": null, "elevasi": null, "tapping": null, "notes": null, "foto": null, "tgl_input": "2022-05-27", "tgl_update": "2022-05-27", "no_aset": 4.0, "fid": 21, "context": "Ventile", "pelayanan": "Pelayanan Payangan", "tgl_delete": null, "nama_dma": "7.2.3 DMA Penginyahan", "no_bap": null, "subsitem": null, "tgl_asbuilt": null, "id_verifikasi": null, "sumber_data": null, "history": null, "petugas_input": null, "latitude": "-8.38542830705761", "longitude": "115.26233462848678", "verifikator": "I Made Darsana" }, "geometry": { "type": "Point", "coordinates": [ 115.262334628486784, -8.385428307057611 ] } },
{ "type": "Feature", "properties": { "id": 173, "kode_zona": null, "nama_zona": "Puhu", "diameter": 100.0, "kondisi": "Baik", "merk": null, "lokasi": "Depan BR Ponggang", "th_pasang": null, "elevasi": null, "tapping": null, "notes": null, "foto": null, "tgl_input": "2022-05-27", "tgl_update": "2022-05-27", "no_aset": 5.0, "fid": 22, "context": "Ventile", "pelayanan": "Pelayanan Payangan", "tgl_delete": null, "nama_dma": "7.2.3 DMA Penginyahan", "no_bap": null, "subsitem": null, "tgl_asbuilt": null, "id_verifikasi": null, "sumber_data": null, "history": null, "petugas_input": null, "latitude": "-8.387156196303101", "longitude": "115.2617766221292", "verifikator": "I Made Darsana" }, "geometry": { "type": "Point", "coordinates": [ 115.261776622129204, -8.387156196303101 ] } },
{ "type": "Feature", "properties": { "id": 110, "kode_zona": null, "nama_zona": "Mancawarna", "diameter": 1.0, "kondisi": "Baik", "merk": "DKY", "lokasi": "Selatan Toko Minimart", "th_pasang": "2019", "elevasi": null, "tapping": null, "notes": null, "foto": null, "tgl_input": null, "tgl_update": null, "no_aset": null, "fid": 108, "context": "Ventile", "pelayanan": "Pelayanan Tampaksiring", "tgl_delete": null, "nama_dma": "3.3.5 DMA Cagaan", "no_bap": null, "subsitem": null, "tgl_asbuilt": null, "id_verifikasi": null, "sumber_data": null, "history": null, "petugas_input": null, "latitude": "-8.481587613359824", "longitude": "115.29809415324661", "verifikator": "Dewa Gede Agus Saputra" }, "geometry": { "type": "Point", "coordinates": [ 115.298094153246609, -8.481587613359824 ] } },
{ "type": "Feature", "properties": { "id": 111, "kode_zona": null, "nama_zona": "Kota Tampaksiring", "diameter": 1.0, "kondisi": "Baik", "merk": "DKY", "lokasi": "Utara Alfamart", "th_pasang": "2019", "elevasi": null, "tapping": null, "notes": null, "foto": null, "tgl_input": null, "tgl_update": null, "no_aset": null, "fid": 109, "context": "Ventile", "pelayanan": "Pelayanan Tampaksiring", "tgl_delete": null, "nama_dma": "3.2.2 DMA Manukaya", "no_bap": null, "subsitem": null, "tgl_asbuilt": null, "id_verifikasi": null, "sumber_data": null, "history": null, "petugas_input": null, "latitude": "-8.438224127844645", "longitude": "115.30781113276895", "verifikator": "Dewa Gede Agus Saputra" }, "geometry": { "type": "Point", "coordinates": [ 115.307811132768947, -8.438224127844645 ] } },
{ "type": "Feature", "properties": { "id": 112, "kode_zona": null, "nama_zona": "Manukaya", "diameter": 1.0, "kondisi": "Baik", "merk": "DKY", "lokasi": "Selatan Res. Temen", "th_pasang": "2019", "elevasi": null, "tapping": null, "notes": null, "foto": null, "tgl_input": null, "tgl_update": "2025-01-22", "no_aset": null, "fid": 226, "context": "Ventile", "pelayanan": "Pelayanan Tampaksiring", "tgl_delete": null, "nama_dma": "3.1.3 DMA Temen", "no_bap": null, "subsitem": null, "tgl_asbuilt": null, "id_verifikasi": null, "sumber_data": null, "history": null, "petugas_input": null, "latitude": "-8.38272146927723", "longitude": "115.33570490855914", "verifikator": "Dewa Gede Agus Saputra" }, "geometry": { "type": "Point", "coordinates": [ 115.335704908559137, -8.38272146927723 ] } },
{ "type": "Feature", "properties": { "id": 114, "kode_zona": null, "nama_zona": "Manukaya", "diameter": 1.0, "kondisi": "Baik", "merk": "DKY", "lokasi": "Utara Pr Dalem Basangambu", "th_pasang": "2019", "elevasi": null, "tapping": null, "notes": null, "foto": null, "tgl_input": null, "tgl_update": null, "no_aset": null, "fid": 228, "context": "Ventile", "pelayanan": "Pelayanan Tampaksiring", "tgl_delete": null, "nama_dma": "3.1.2 DMA Keranjangan", "no_bap": null, "subsitem": null, "tgl_asbuilt": null, "id_verifikasi": null, "sumber_data": null, "history": null, "petugas_input": null, "latitude": "-8.405098622745294", "longitude": "115.32349226101489", "verifikator": "Dewa Gede Agus Saputra" }, "geometry": { "type": "Point", "coordinates": [ 115.323492261014891, -8.405098622745294 ] } },
{ "type": "Feature", "properties": { "id": 115, "kode_zona": null, "nama_zona": "Manukaya", "diameter": 1.0, "kondisi": "Baik", "merk": "DKY", "lokasi": "Utara Jln menuju ke Belahan", "th_pasang": "2019", "elevasi": null, "tapping": null, "notes": null, "foto": null, "tgl_input": null, "tgl_update": null, "no_aset": null, "fid": 232, "context": "Ventile", "pelayanan": "Pelayanan Tampaksiring", "tgl_delete": "2025-01-22", "nama_dma": "3.1.2 DMA Keranjangan", "no_bap": null, "subsitem": null, "tgl_asbuilt": null, "id_verifikasi": null, "sumber_data": null, "history": null, "petugas_input": null, "latitude": "-8.404805642984845", "longitude": "115.32368557061048", "verifikator": "Dewa Gede Agus Saputra" }, "geometry": { "type": "Point", "coordinates": [ 115.323685570610479, -8.404805642984845 ] } },
{ "type": "Feature", "properties": { "id": 188, "kode_zona": null, "nama_zona": "Sanding", "diameter": 1.0, "kondisi": "Baik", "merk": "DKY", "lokasi": "Tugu Perbatasan", "th_pasang": "2019", "elevasi": null, "tapping": null, "notes": null, "foto": null, "tgl_input": null, "tgl_update": "2024-10-16", "no_aset": null, "fid": 8, "context": "Ventile", "pelayanan": "Pelayanan Tampaksiring", "tgl_delete": null, "nama_dma": "3.4.1 DMA Sanding", "no_bap": "0078\/BAP\/VII\/X\/2024", "subsitem": null, "tgl_asbuilt": null, "id_verifikasi": null, "sumber_data": "BAP", "history": null, "petugas_input": null, "latitude": "-8.467075820533601", "longitude": "115.29377589667517", "verifikator": "Dewa Gede Agus Saputra" }, "geometry": { "type": "Point", "coordinates": [ 115.293775896675172, -8.467075820533601 ] } },
{ "type": "Feature", "properties": { "id": 189, "kode_zona": null, "nama_zona": "Mancawarna", "diameter": 1.0, "kondisi": "Baik", "merk": "DKY", "lokasi": "Selatan Toko Pinky", "th_pasang": "2019", "elevasi": null, "tapping": null, "notes": null, "foto": null, "tgl_input": null, "tgl_update": null, "no_aset": null, "fid": 37, "context": "Ventile", "pelayanan": "Pelayanan Tampaksiring", "tgl_delete": "2025-06-30", "nama_dma": "3.3.4 DMA Pengembungan", "no_bap": null, "subsitem": null, "tgl_asbuilt": null, "id_verifikasi": null, "sumber_data": null, "history": null, "petugas_input": null, "latitude": "-8.469086928225579", "longitude": "115.30054962824366", "verifikator": "Dewa Gede Agus Saputra" }, "geometry": { "type": "Point", "coordinates": [ 115.300549628243658, -8.469086928225579 ] } },
{ "type": "Feature", "properties": { "id": 187, "kode_zona": null, "nama_zona": "Tulikup", "diameter": null, "kondisi": "Baik", "merk": null, "lokasi": "Banjar Siyut", "th_pasang": null, "elevasi": null, "tapping": null, "notes": null, "foto": null, "tgl_input": null, "tgl_update": null, "no_aset": null, "fid": 263, "context": "Ventile", "pelayanan": "Pelayanan Gianyar", "tgl_delete": null, "nama_dma": "1.10.3 DMA Meranggi", "no_bap": null, "subsitem": null, "tgl_asbuilt": null, "id_verifikasi": 89, "sumber_data": null, "history": null, "petugas_input": null, "latitude": "-8.56234879351812", "longitude": "115.3632166147438", "verifikator": "I Wayan Degug" }, "geometry": { "type": "Point", "coordinates": [ 115.363216614743806, -8.562348793518121 ] } },
{ "type": "Feature", "properties": { "id": 194, "kode_zona": null, "nama_zona": "Kota Ubud", "diameter": null, "kondisi": "Baik", "merk": null, "lokasi": "Timur Jembatan", "th_pasang": null, "elevasi": null, "tapping": null, "notes": null, "foto": null, "tgl_input": null, "tgl_update": null, "no_aset": null, "fid": 44, "context": "Ventile", "pelayanan": "Pelayanan Ubud", "tgl_delete": null, "nama_dma": "5.3.1 DMA Kota Campuhan 8", "no_bap": null, "subsitem": null, "tgl_asbuilt": null, "id_verifikasi": null, "sumber_data": null, "history": null, "petugas_input": null, "latitude": "-8.504931332058453", "longitude": "115.25475308480873", "verifikator": "I Wayan Artawan" }, "geometry": { "type": "Point", "coordinates": [ 115.254753084808726, -8.504931332058453 ] } },
{ "type": "Feature", "properties": { "id": 197, "kode_zona": null, "nama_zona": "Kedewatan", "diameter": 0.0, "kondisi": "Baik", "merk": null, "lokasi": "Jl. Raya Lungsiakan", "th_pasang": null, "elevasi": null, "tapping": null, "notes": null, "foto": null, "tgl_input": null, "tgl_update": "2025-01-31", "no_aset": null, "fid": 67, "context": "Ventile", "pelayanan": "Pelayanan Ubud", "tgl_delete": null, "nama_dma": "5.1.4 DMA Kedewatan", "no_bap": null, "subsitem": null, "tgl_asbuilt": null, "id_verifikasi": null, "sumber_data": null, "history": "2025-01-31 Memperbaiki data nama_dma disesuaikan dengan posisi DMA area atau poligon DMA menjadi 5.1.4 DMA Kedewatan", "petugas_input": null, "latitude": "-8.486954322624424", "longitude": "115.25372879366836", "verifikator": "I Wayan Eka Putrayasa" }, "geometry": { "type": "Point", "coordinates": [ 115.253728793668358, -8.486954322624424 ] } },
{ "type": "Feature", "properties": { "id": 150, "kode_zona": null, "nama_zona": "Batubulan", "diameter": null, "kondisi": "Baik", "merk": null, "lokasi": "Timur Balai Banjar Tegehe", "th_pasang": null, "elevasi": null, "tapping": null, "notes": null, "foto": null, "tgl_input": null, "tgl_update": null, "no_aset": null, "fid": 304, "context": "Ventile", "pelayanan": "Pelayanan Sukawati", "tgl_delete": null, "nama_dma": "2.2.3 DMA Kapal", "no_bap": null, "subsitem": null, "tgl_asbuilt": null, "id_verifikasi": null, "sumber_data": null, "history": null, "petugas_input": null, "latitude": "-8.628579138923035", "longitude": "115.25860651398946", "verifikator": "I Kadek Heriawan" }, "geometry": { "type": "Point", "coordinates": [ 115.258606513989463, -8.628579138923035 ] } },
{ "type": "Feature", "properties": { "id": 136, "kode_zona": null, "nama_zona": "Kemenuh", "diameter": 1.0, "kondisi": "Baik", "merk": null, "lokasi": "Jl. Raya Kemenuh", "th_pasang": null, "elevasi": null, "tapping": null, "notes": null, "foto": null, "tgl_input": null, "tgl_update": null, "no_aset": null, "fid": 173, "context": "Ventile", "pelayanan": "Pelayanan Sukawati", "tgl_delete": null, "nama_dma": "2.5.1 DMA Tengkulak Kaja", "no_bap": null, "subsitem": null, "tgl_asbuilt": null, "id_verifikasi": null, "sumber_data": null, "history": null, "petugas_input": null, "latitude": "-8.56548039577647", "longitude": "115.2824550605191", "verifikator": "I Komang Sucipta" }, "geometry": { "type": "Point", "coordinates": [ 115.282455060519098, -8.56548039577647 ] } },
{ "type": "Feature", "properties": { "id": 219, "kode_zona": null, "nama_zona": "Kota Gianyar", "diameter": 0.0, "kondisi": "Baik", "merk": null, "lokasi": "Jl. Raden Wijaya", "th_pasang": null, "elevasi": null, "tapping": null, "notes": null, "foto": null, "tgl_input": null, "tgl_update": null, "no_aset": null, "fid": 71, "context": "Ventile", "pelayanan": "Pelayanan Gianyar", "tgl_delete": null, "nama_dma": "1.14.3 DMA SB TMP", "no_bap": null, "subsitem": null, "tgl_asbuilt": null, "id_verifikasi": null, "sumber_data": null, "history": null, "petugas_input": null, "latitude": "-8.544282235598672", "longitude": "115.32093836759874", "verifikator": "Dewa Ketut Arsana" }, "geometry": { "type": "Point", "coordinates": [ 115.320938367598743, -8.544282235598672 ] } },
{ "type": "Feature", "properties": { "id": 207, "kode_zona": null, "nama_zona": "Kerta", "diameter": 3.0, "kondisi": "Baik", "merk": null, "lokasi": "Depan Pertigaan Jalan Menuju Ke Marga Tengah", "th_pasang": null, "elevasi": null, "tapping": null, "notes": null, "foto": null, "tgl_input": null, "tgl_update": null, "no_aset": 5.0, "fid": 39, "context": "Ventile", "pelayanan": "Pelayanan Payangan", "tgl_delete": null, "nama_dma": "7.1.1 DMA Kerta Timur", "no_bap": null, "subsitem": null, "tgl_asbuilt": null, "id_verifikasi": null, "sumber_data": null, "history": null, "petugas_input": null, "latitude": "-8.332438949306493", "longitude": "115.28653319630642", "verifikator": "I Made Darsana" }, "geometry": { "type": "Point", "coordinates": [ 115.286533196306422, -8.332438949306493 ] } },
{ "type": "Feature", "properties": { "id": 208, "kode_zona": null, "nama_zona": "Puhu", "diameter": 3.0, "kondisi": "Baik", "merk": null, "lokasi": "Selatan Hotel Padma", "th_pasang": null, "elevasi": null, "tapping": null, "notes": null, "foto": null, "tgl_input": "2022-05-27", "tgl_update": "2022-05-27", "no_aset": 10.0, "fid": 43, "context": "Ventile", "pelayanan": "Pelayanan Payangan", "tgl_delete": null, "nama_dma": "7.2.1 DMA Carik", "no_bap": null, "subsitem": null, "tgl_asbuilt": null, "id_verifikasi": null, "sumber_data": null, "history": null, "petugas_input": null, "latitude": "-8.382796535362719", "longitude": "115.2713547275984", "verifikator": "I Made Darsana" }, "geometry": { "type": "Point", "coordinates": [ 115.271354727598407, -8.382796535362719 ] } },
{ "type": "Feature", "properties": { "id": 190, "kode_zona": null, "nama_zona": "Manukaya", "diameter": 1.0, "kondisi": "Baik", "merk": "DKY", "lokasi": "Selatan LPD Basangambu", "th_pasang": "2019", "elevasi": null, "tapping": null, "notes": null, "foto": null, "tgl_input": null, "tgl_update": "2024-12-11", "no_aset": null, "fid": 23, "context": "Ventile", "pelayanan": "Pelayanan Tampaksiring", "tgl_delete": null, "nama_dma": "3.1.1 DMA Basangambu", "no_bap": "0060\/BAP\/VII\/XII\/2024", "subsitem": null, "tgl_asbuilt": null, "id_verifikasi": null, "sumber_data": "BAP", "history": null, "petugas_input": null, "latitude": "-8.413262902474434", "longitude": "115.31960854330686", "verifikator": "Dewa Gede Agus Saputra" }, "geometry": { "type": "Point", "coordinates": [ 115.319608543306856, -8.413262902474434 ] } },
{ "type": "Feature", "properties": { "id": 191, "kode_zona": null, "nama_zona": "Manukaya", "diameter": 1.0, "kondisi": "Baik", "merk": "BERMAD ( C30 )", "lokasi": "Selatan Warung Bakso Babi", "th_pasang": "2019", "elevasi": null, "tapping": null, "notes": null, "foto": null, "tgl_input": null, "tgl_update": null, "no_aset": null, "fid": 24, "context": "Ventile", "pelayanan": "Pelayanan Tampaksiring", "tgl_delete": null, "nama_dma": "3.1.1 DMA Basangambu", "no_bap": null, "subsitem": null, "tgl_asbuilt": null, "id_verifikasi": null, "sumber_data": null, "history": null, "petugas_input": null, "latitude": "-8.411332927514316", "longitude": "115.32040589907683", "verifikator": "Dewa Gede Agus Saputra" }, "geometry": { "type": "Point", "coordinates": [ 115.320405899076832, -8.411332927514316 ] } },
{ "type": "Feature", "properties": { "id": 192, "kode_zona": null, "nama_zona": "Mancawarna", "diameter": 1.0, "kondisi": "Baik", "merk": null, "lokasi": "Selatan Rmh Nyoman Suarta", "th_pasang": null, "elevasi": null, "tapping": null, "notes": null, "foto": null, "tgl_input": null, "tgl_update": null, "no_aset": null, "fid": 28, "context": "Ventile", "pelayanan": "Pelayanan Tampaksiring", "tgl_delete": null, "nama_dma": "3.3.1 DMA Mancawarna Utara", "no_bap": null, "subsitem": null, "tgl_asbuilt": null, "id_verifikasi": null, "sumber_data": null, "history": null, "petugas_input": null, "latitude": "-8.451301988892805", "longitude": "115.30782963978676", "verifikator": "Dewa Gede Agus Saputra" }, "geometry": { "type": "Point", "coordinates": [ 115.30782963978676, -8.451301988892805 ] } },
{ "type": "Feature", "properties": { "id": 225, "kode_zona": null, "nama_zona": "Kota Tampaksiring", "diameter": 1.0, "kondisi": "Baik", "merk": null, "lokasi": "Selatan KU Bantas", "th_pasang": null, "elevasi": null, "tapping": null, "notes": null, "foto": null, "tgl_input": null, "tgl_update": null, "no_aset": null, "fid": 38, "context": "Ventile", "pelayanan": "Pelayanan Tampaksiring", "tgl_delete": null, "nama_dma": "3.2.1 DMA Bantas", "no_bap": null, "subsitem": null, "tgl_asbuilt": null, "id_verifikasi": null, "sumber_data": null, "history": null, "petugas_input": null, "latitude": "-8.40274593254791", "longitude": "115.31627343388999", "verifikator": "Dewa Gede Agus Saputra" }, "geometry": { "type": "Point", "coordinates": [ 115.31627343388999, -8.40274593254791 ] } },
{ "type": "Feature", "properties": { "id": 220, "kode_zona": null, "nama_zona": "Kota Gianyar", "diameter": 0.0, "kondisi": "Baik", "merk": null, "lokasi": "Jl. Dharma Giri", "th_pasang": null, "elevasi": null, "tapping": null, "notes": null, "foto": null, "tgl_input": null, "tgl_update": "2025-01-31", "no_aset": null, "fid": 72, "context": "Ventile", "pelayanan": "Pelayanan Gianyar", "tgl_delete": null, "nama_dma": "1.14.1 DMA Bitra I", "no_bap": null, "subsitem": null, "tgl_asbuilt": null, "id_verifikasi": null, "sumber_data": null, "history": "2025-01-31 Memperbaiki data nama_dma disesuaikan dengan posisi DMA area atau poligon DMA menjadi 1.14.1 DMA Bitra I", "petugas_input": null, "latitude": "-8.540929811959378", "longitude": "115.31747643069079", "verifikator": "Dewa Ketut Arsana" }, "geometry": { "type": "Point", "coordinates": [ 115.317476430690789, -8.540929811959378 ] } },
{ "type": "Feature", "properties": { "id": 563, "kode_zona": null, "nama_zona": "Batubulan", "diameter": null, "kondisi": "Baik", "merk": null, "lokasi": "GANG MELATI PERUMAHAN BUMI ASRI BLOK II B BANJAR SASIH BATUBULAN", "th_pasang": "2024", "elevasi": null, "tapping": null, "notes": null, "foto": null, "tgl_input": "2024-07-31", "tgl_update": "2024-07-31", "no_aset": null, "fid": null, "context": "Ventile", "pelayanan": "Pelayanan Sukawati", "tgl_delete": null, "nama_dma": "2.2.7 DMA Sasih", "no_bap": "0177\/BAP\/VI\/VII\/2024", "subsitem": null, "tgl_asbuilt": null, "id_verifikasi": null, "sumber_data": "BAP", "history": null, "petugas_input": null, "latitude": "-8.6350782564746", "longitude": "115.26728170798896", "verifikator": "I Kadek Heriawan" }, "geometry": { "type": "Point", "coordinates": [ 115.267281707988957, -8.6350782564746 ] } },
{ "type": "Feature", "properties": { "id": 218, "kode_zona": null, "nama_zona": "Kota Gianyar", "diameter": 0.0, "kondisi": "Baik", "merk": null, "lokasi": "Jl. Astina Selatan", "th_pasang": null, "elevasi": null, "tapping": null, "notes": null, "foto": null, "tgl_input": null, "tgl_update": null, "no_aset": null, "fid": 70, "context": "Ventile", "pelayanan": "Pelayanan Gianyar", "tgl_delete": "2025-01-13", "nama_dma": "1.14.3 DMA SB TMP", "no_bap": null, "subsitem": null, "tgl_asbuilt": null, "id_verifikasi": null, "sumber_data": null, "history": null, "petugas_input": null, "latitude": "-8.5503194455929", "longitude": "115.32056543738003", "verifikator": "Dewa Ketut Arsana" }, "geometry": { "type": "Point", "coordinates": [ 115.320565437380026, -8.550319445592899 ] } },
{ "type": "Feature", "properties": { "id": 215, "kode_zona": null, "nama_zona": "Siangan", "diameter": null, "kondisi": "Baik", "merk": null, "lokasi": "Utara Balai Banjar Lokaserana", "th_pasang": null, "elevasi": null, "tapping": null, "notes": null, "foto": null, "tgl_input": null, "tgl_update": null, "no_aset": null, "fid": 46, "context": "Ventile", "pelayanan": "Pelayanan Gianyar", "tgl_delete": null, "nama_dma": "1.7.2 DMA Lokaserana", "no_bap": null, "subsitem": null, "tgl_asbuilt": null, "id_verifikasi": null, "sumber_data": null, "history": null, "petugas_input": null, "latitude": "-8.510547061822594", "longitude": "115.30615272510049", "verifikator": "I Made Sutika Semarajaya" }, "geometry": { "type": "Point", "coordinates": [ 115.306152725100489, -8.510547061822594 ] } },
{ "type": "Feature", "properties": { "id": 216, "kode_zona": null, "nama_zona": "Bakbakan", "diameter": null, "kondisi": "Baik", "merk": null, "lokasi": "Jl. Mangga", "th_pasang": null, "elevasi": null, "tapping": null, "notes": null, "foto": null, "tgl_input": null, "tgl_update": null, "no_aset": null, "fid": 50, "context": "Ventile", "pelayanan": "Pelayanan Gianyar", "tgl_delete": null, "nama_dma": "1.5.3 DMA Selat", "no_bap": null, "subsitem": null, "tgl_asbuilt": null, "id_verifikasi": null, "sumber_data": null, "history": null, "petugas_input": null, "latitude": "-8.516859236693405", "longitude": "115.33371682224589", "verifikator": "I Made Sutika Semarajaya" }, "geometry": { "type": "Point", "coordinates": [ 115.33371682224589, -8.516859236693405 ] } },
{ "type": "Feature", "properties": { "id": 217, "kode_zona": null, "nama_zona": "Bukit Jati", "diameter": null, "kondisi": "Baik", "merk": null, "lokasi": "Banjar Bukit Batu", "th_pasang": null, "elevasi": null, "tapping": null, "notes": null, "foto": null, "tgl_input": null, "tgl_update": null, "no_aset": null, "fid": 65, "context": "Ventile", "pelayanan": "Pelayanan Gianyar", "tgl_delete": null, "nama_dma": "1.11.2 DMA Res. Bukit Jati", "no_bap": null, "subsitem": null, "tgl_asbuilt": null, "id_verifikasi": null, "sumber_data": null, "history": null, "petugas_input": null, "latitude": "-8.531888897813031", "longitude": "115.34292861638662", "verifikator": "I Wayan Degug" }, "geometry": { "type": "Point", "coordinates": [ 115.342928616386615, -8.531888897813031 ] } },
{ "type": "Feature", "properties": { "id": 226, "kode_zona": null, "nama_zona": "Kota Tampaksiring", "diameter": 1.0, "kondisi": "Baik", "merk": "BERMAD (C30)", "lokasi": "Kantor Telkom", "th_pasang": "2019", "elevasi": null, "tapping": null, "notes": null, "foto": null, "tgl_input": null, "tgl_update": null, "no_aset": null, "fid": 42, "context": "Ventile", "pelayanan": "Pelayanan Tampaksiring", "tgl_delete": null, "nama_dma": "3.2.2 DMA Manukaya", "no_bap": null, "subsitem": null, "tgl_asbuilt": null, "id_verifikasi": null, "sumber_data": null, "history": null, "petugas_input": null, "latitude": "-8.41658253409826", "longitude": "115.3095979662541", "verifikator": "Dewa Gede Agus Saputra" }, "geometry": { "type": "Point", "coordinates": [ 115.309597966254103, -8.416582534098261 ] } },
{ "type": "Feature", "properties": { "id": 227, "kode_zona": null, "nama_zona": "Mancawarna", "diameter": 0.0, "kondisi": "Baik", "merk": null, "lokasi": "Sipon Umadawa", "th_pasang": null, "elevasi": null, "tapping": null, "notes": null, "foto": null, "tgl_input": null, "tgl_update": "2025-06-17", "no_aset": null, "fid": 87, "context": "Ventile", "pelayanan": "Pelayanan Tampaksiring", "tgl_delete": null, "nama_dma": "3.3.5 DMA Cagaan", "no_bap": "0104\/BAP\/VII\/VI\/2025", "subsitem": null, "tgl_asbuilt": null, "id_verifikasi": null, "sumber_data": "BAP", "history": null, "petugas_input": null, "latitude": "-8.487264152681862", "longitude": "115.2985090927819", "verifikator": "Dewa Gede Agus Saputra" }, "geometry": { "type": "Point", "coordinates": [ 115.298509092781899, -8.487264152681862 ] } },
{ "type": "Feature", "properties": { "id": 221, "kode_zona": null, "nama_zona": "Tegaltugu", "diameter": 0.0, "kondisi": "Baik", "merk": null, "lokasi": "Selatan Alun-Alun Gianyar", "th_pasang": null, "elevasi": null, "tapping": null, "notes": null, "foto": null, "tgl_input": null, "tgl_update": "2025-01-31", "no_aset": null, "fid": 73, "context": "Ventile", "pelayanan": "Pelayanan Gianyar", "tgl_delete": null, "nama_dma": "1.12.1 DMA Pasdalem", "no_bap": null, "subsitem": null, "tgl_asbuilt": null, "id_verifikasi": null, "sumber_data": null, "history": "2025-01-31 Memperbaiki data nama_dma disesuaikan dengan posisi DMA area atau poligon DMA menjadi 1.12.1 DMA Pasdalem", "petugas_input": null, "latitude": "-8.543144174283999", "longitude": "115.32906038090687", "verifikator": "I Wayan Degug" }, "geometry": { "type": "Point", "coordinates": [ 115.329060380906867, -8.543144174283999 ] } },
{ "type": "Feature", "properties": { "id": 222, "kode_zona": null, "nama_zona": "Tegaltugu", "diameter": 0.0, "kondisi": "Baik", "merk": null, "lokasi": "Selatan Alun-Alun Gianyar", "th_pasang": null, "elevasi": null, "tapping": null, "notes": null, "foto": null, "tgl_input": null, "tgl_update": "2025-01-31", "no_aset": null, "fid": 74, "context": "Ventile", "pelayanan": "Pelayanan Gianyar", "tgl_delete": null, "nama_dma": "1.12.1 DMA Pasdalem", "no_bap": null, "subsitem": null, "tgl_asbuilt": null, "id_verifikasi": null, "sumber_data": null, "history": "2025-01-31 Memperbaiki data nama_dma disesuaikan dengan posisi DMA area atau poligon DMA menjadi 1.12.1 DMA Pasdalem", "petugas_input": null, "latitude": "-8.543144174283999", "longitude": "115.32906038090687", "verifikator": "I Wayan Degug" }, "geometry": { "type": "Point", "coordinates": [ 115.329060380906867, -8.543144174283999 ] } },
{ "type": "Feature", "properties": { "id": 205, "kode_zona": null, "nama_zona": "Kota Tegallalang", "diameter": 0.0, "kondisi": "Baik", "merk": null, "lokasi": "Jl. Tirta Tawar", "th_pasang": null, "elevasi": null, "tapping": null, "notes": null, "foto": null, "tgl_input": null, "tgl_update": null, "no_aset": null, "fid": 41, "context": "Ventile", "pelayanan": "Pelayanan Tegallalang", "tgl_delete": null, "nama_dma": "6.3.4 DMA Abangan", "no_bap": null, "subsitem": null, "tgl_asbuilt": "2024-06-06", "id_verifikasi": null, "sumber_data": "ABD", "history": null, "petugas_input": null, "latitude": "-8.460538621867736", "longitude": "115.27444073030274", "verifikator": "I Wayan Sujarwa" }, "geometry": { "type": "Point", "coordinates": [ 115.274440730302743, -8.460538621867736 ] } },
{ "type": "Feature", "properties": { "id": 204, "kode_zona": null, "nama_zona": "Kota Tegallalang", "diameter": 0.0, "kondisi": "Baik", "merk": null, "lokasi": "Jl. Raya Tegallalang", "th_pasang": null, "elevasi": null, "tapping": null, "notes": null, "foto": null, "tgl_input": null, "tgl_update": null, "no_aset": null, "fid": 40, "context": "Ventile", "pelayanan": "Pelayanan Tegallalang", "tgl_delete": null, "nama_dma": "6.3.6 DMA Gentong", "no_bap": null, "subsitem": null, "tgl_asbuilt": "2024-06-06", "id_verifikasi": null, "sumber_data": "ABD", "history": null, "petugas_input": null, "latitude": "-8.474350499013637", "longitude": "115.27814246982575", "verifikator": "I Wayan Sujarwa" }, "geometry": { "type": "Point", "coordinates": [ 115.278142469825752, -8.474350499013637 ] } },
{ "type": "Feature", "properties": { "id": 198, "kode_zona": null, "nama_zona": "Kedewatan", "diameter": 0.0, "kondisi": "Baik", "merk": null, "lokasi": "Jl. Raya Kedewatan", "th_pasang": null, "elevasi": null, "tapping": null, "notes": null, "foto": null, "tgl_input": null, "tgl_update": null, "no_aset": null, "fid": 81, "context": "Ventile", "pelayanan": "Pelayanan Ubud", "tgl_delete": null, "nama_dma": "5.1.4 DMA Kedewatan", "no_bap": null, "subsitem": null, "tgl_asbuilt": null, "id_verifikasi": null, "sumber_data": null, "history": null, "petugas_input": null, "latitude": "-8.481619355522351", "longitude": "115.24681109532251", "verifikator": "I Wayan Eka Putrayasa" }, "geometry": { "type": "Point", "coordinates": [ 115.246811095322514, -8.481619355522351 ] } },
{ "type": "Feature", "properties": { "id": 199, "kode_zona": null, "nama_zona": "Kedewatan", "diameter": 0.0, "kondisi": "Baik", "merk": null, "lokasi": "Jl. Raya Kedewatan", "th_pasang": null, "elevasi": null, "tapping": null, "notes": null, "foto": null, "tgl_input": null, "tgl_update": null, "no_aset": null, "fid": 82, "context": "Ventile", "pelayanan": "Pelayanan Ubud", "tgl_delete": "2025-04-16", "nama_dma": "5.1.2 DMA Bunutan", "no_bap": null, "subsitem": null, "tgl_asbuilt": null, "id_verifikasi": null, "sumber_data": null, "history": null, "petugas_input": null, "latitude": "-8.47724719297462", "longitude": "115.24867534133146", "verifikator": "I Wayan Eka Putrayasa" }, "geometry": { "type": "Point", "coordinates": [ 115.248675341331463, -8.47724719297462 ] } },
{ "type": "Feature", "properties": { "id": 200, "kode_zona": null, "nama_zona": "Kedewatan", "diameter": 0.0, "kondisi": "Baik", "merk": null, "lokasi": "Jl. Raya Kedewatan", "th_pasang": null, "elevasi": null, "tapping": null, "notes": null, "foto": null, "tgl_input": null, "tgl_update": null, "no_aset": null, "fid": 83, "context": "Ventile", "pelayanan": "Pelayanan Ubud", "tgl_delete": "2025-01-30", "nama_dma": "5.1.4 DMA Kedewatan", "no_bap": null, "subsitem": null, "tgl_asbuilt": null, "id_verifikasi": null, "sumber_data": null, "history": null, "petugas_input": null, "latitude": "-8.487548225734514", "longitude": "115.24634521200947", "verifikator": "I Wayan Eka Putrayasa" }, "geometry": { "type": "Point", "coordinates": [ 115.246345212009473, -8.487548225734514 ] } },
{ "type": "Feature", "properties": { "id": 201, "kode_zona": null, "nama_zona": "Kedewatan", "diameter": 0.0, "kondisi": "Baik", "merk": null, "lokasi": "Jl. Raya Kedewatan", "th_pasang": null, "elevasi": null, "tapping": "250", "notes": null, "foto": null, "tgl_input": null, "tgl_update": "2025-04-16", "no_aset": null, "fid": 84, "context": "Ventile", "pelayanan": "Pelayanan Ubud", "tgl_delete": null, "nama_dma": "5.1.5 DMA Penestanan", "no_bap": null, "subsitem": null, "tgl_asbuilt": null, "id_verifikasi": null, "sumber_data": null, "history": null, "petugas_input": null, "latitude": "-8.496283142771954", "longitude": "115.24485565669757", "verifikator": "I Wayan Eka Putrayasa" }, "geometry": { "type": "Point", "coordinates": [ 115.244855656697567, -8.496283142771954 ] } },
{ "type": "Feature", "properties": { "id": 202, "kode_zona": null, "nama_zona": "Kedewatan", "diameter": 0.0, "kondisi": "Baik", "merk": null, "lokasi": "Jl. Raya Kedewatan", "th_pasang": null, "elevasi": null, "tapping": null, "notes": null, "foto": null, "tgl_input": null, "tgl_update": null, "no_aset": null, "fid": 89, "context": "Ventile", "pelayanan": "Pelayanan Ubud", "tgl_delete": null, "nama_dma": "5.1.1 DMA Tanggayuda", "no_bap": null, "subsitem": null, "tgl_asbuilt": null, "id_verifikasi": null, "sumber_data": null, "history": null, "petugas_input": null, "latitude": "-8.461046319286188", "longitude": "115.24675812097689", "verifikator": "I Wayan Eka Putrayasa" }, "geometry": { "type": "Point", "coordinates": [ 115.246758120976892, -8.461046319286188 ] } },
{ "type": "Feature", "properties": { "id": 203, "kode_zona": null, "nama_zona": "Kedewatan", "diameter": 0.0, "kondisi": "Baik", "merk": null, "lokasi": "Jl. Raya Kedewatan", "th_pasang": null, "elevasi": null, "tapping": null, "notes": null, "foto": null, "tgl_input": null, "tgl_update": null, "no_aset": null, "fid": 90, "context": "Ventile", "pelayanan": "Pelayanan Ubud", "tgl_delete": null, "nama_dma": "5.1.2 DMA Bunutan", "no_bap": null, "subsitem": null, "tgl_asbuilt": null, "id_verifikasi": null, "sumber_data": null, "history": null, "petugas_input": null, "latitude": "-8.465582263491692", "longitude": "115.24799075771698", "verifikator": "I Wayan Eka Putrayasa" }, "geometry": { "type": "Point", "coordinates": [ 115.247990757716977, -8.465582263491692 ] } },
{ "type": "Feature", "properties": { "id": 251, "kode_zona": null, "nama_zona": "Tarukan", "diameter": 1.0, "kondisi": "Baik", "merk": "DKY", "lokasi": "Utara Pr Menguntur", "th_pasang": "2019", "elevasi": null, "tapping": null, "notes": null, "foto": null, "tgl_input": null, "tgl_update": null, "no_aset": null, "fid": 103, "context": "Ventile", "pelayanan": "Pelayanan Tampaksiring", "tgl_delete": null, "nama_dma": "3.5.2 DMA Pedapdapan", "no_bap": null, "subsitem": null, "tgl_asbuilt": null, "id_verifikasi": null, "sumber_data": null, "history": null, "petugas_input": null, "latitude": "-8.508785237954248", "longitude": "115.29415614853421", "verifikator": "I Nyoman Suarta, S.E." }, "geometry": { "type": "Point", "coordinates": [ 115.294156148534213, -8.508785237954248 ] } },
{ "type": "Feature", "properties": { "id": 252, "kode_zona": null, "nama_zona": "Tarukan", "diameter": 1.0, "kondisi": "Baik", "merk": "DKY", "lokasi": "Selatan Br. Pedapdapan", "th_pasang": "2019", "elevasi": null, "tapping": null, "notes": null, "foto": null, "tgl_input": null, "tgl_update": null, "no_aset": null, "fid": 104, "context": "Ventile", "pelayanan": "Pelayanan Tampaksiring", "tgl_delete": null, "nama_dma": "3.5.2 DMA Pedapdapan", "no_bap": null, "subsitem": null, "tgl_asbuilt": null, "id_verifikasi": null, "sumber_data": null, "history": null, "petugas_input": null, "latitude": "-8.502797544977405", "longitude": "115.29288505998194", "verifikator": "I Nyoman Suarta, S.E." }, "geometry": { "type": "Point", "coordinates": [ 115.292885059981941, -8.502797544977405 ] } },
{ "type": "Feature", "properties": { "id": 253, "kode_zona": null, "nama_zona": "Tarukan", "diameter": 1.0, "kondisi": "Baik", "merk": "BERMAND\/C30", "lokasi": "Utara Indomart", "th_pasang": "2019", "elevasi": null, "tapping": null, "notes": null, "foto": null, "tgl_input": null, "tgl_update": null, "no_aset": null, "fid": 105, "context": "Ventile", "pelayanan": "Pelayanan Tampaksiring", "tgl_delete": null, "nama_dma": "3.5.2 DMA Pedapdapan", "no_bap": null, "subsitem": null, "tgl_asbuilt": null, "id_verifikasi": null, "sumber_data": null, "history": null, "petugas_input": null, "latitude": "-8.503251455293997", "longitude": "115.2929170491573", "verifikator": "I Nyoman Suarta, S.E." }, "geometry": { "type": "Point", "coordinates": [ 115.292917049157296, -8.503251455293997 ] } },
{ "type": "Feature", "properties": { "id": 236, "kode_zona": null, "nama_zona": "Peliatan", "diameter": 2.0, "kondisi": "Baik", "merk": null, "lokasi": "Air valve di pipa 8\"  Selatan patung arjuna br. Ambengan Peliatan", "th_pasang": null, "elevasi": null, "tapping": null, "notes": null, "foto": null, "tgl_input": null, "tgl_update": null, "no_aset": null, "fid": 121, "context": "Ventile", "pelayanan": "Pelayanan Ubud", "tgl_delete": null, "nama_dma": "5.5.2 DMA Ambengan", "no_bap": null, "subsitem": null, "tgl_asbuilt": null, "id_verifikasi": null, "sumber_data": null, "history": null, "petugas_input": null, "latitude": "-8.510091342183188", "longitude": "115.27118449953782", "verifikator": "I Wayan Artawan" }, "geometry": { "type": "Point", "coordinates": [ 115.271184499537824, -8.510091342183188 ] } },
{ "type": "Feature", "properties": { "id": 238, "kode_zona": null, "nama_zona": "Kota Ubud", "diameter": 2.0, "kondisi": "Baik", "merk": null, "lokasi": "Br Pengosekan Kelod Selatan arma", "th_pasang": null, "elevasi": null, "tapping": null, "notes": null, "foto": null, "tgl_input": null, "tgl_update": null, "no_aset": null, "fid": 127, "context": "Ventile", "pelayanan": "Pelayanan Ubud", "tgl_delete": null, "nama_dma": "5.3.5 DMA Br. Kalah", "no_bap": null, "subsitem": null, "tgl_asbuilt": null, "id_verifikasi": null, "sumber_data": null, "history": null, "petugas_input": null, "latitude": "-8.524341251501168", "longitude": "115.26465852638655", "verifikator": "I Wayan Artawan" }, "geometry": { "type": "Point", "coordinates": [ 115.264658526386555, -8.524341251501168 ] } },
{ "type": "Feature", "properties": { "id": 245, "kode_zona": null, "nama_zona": "Laplapan", "diameter": 1.0, "kondisi": "Baik", "merk": null, "lokasi": "Selatan balai banjar laplapan", "th_pasang": null, "elevasi": null, "tapping": null, "notes": null, "foto": null, "tgl_input": null, "tgl_update": "2025-07-09", "no_aset": null, "fid": 147, "context": "Ventile", "pelayanan": "Pelayanan Ubud", "tgl_delete": null, "nama_dma": "5.7.1 DMA Laplapan", "no_bap": "0021\/BAP\/III\/VII\/2025", "subsitem": null, "tgl_asbuilt": null, "id_verifikasi": null, "sumber_data": null, "history": null, "petugas_input": null, "latitude": "-8.502866517971906", "longitude": "115.27866486700547", "verifikator": "I Wayan Artawan" }, "geometry": { "type": "Point", "coordinates": [ 115.278664867005475, -8.502866517971906 ] } },
{ "type": "Feature", "properties": { "id": 10, "kode_zona": null, "nama_zona": "Blangsinga", "diameter": 100.0, "kondisi": "Baik", "merk": null, "lokasi": "SB Blangsinga", "th_pasang": null, "elevasi": null, "tapping": null, "notes": null, "foto": null, "tgl_input": null, "tgl_update": null, "no_aset": null, "fid": 9, "context": "Ventile", "pelayanan": "Pelayanan Blahbatuh", "tgl_delete": null, "nama_dma": "4.2.1 DMA Blangsinga", "no_bap": null, "subsitem": null, "tgl_asbuilt": null, "id_verifikasi": null, "sumber_data": null, "history": null, "petugas_input": null, "latitude": "-8.572989333885841", "longitude": "115.29388608828737", "verifikator": "I Gede Parwata" }, "geometry": { "type": "Point", "coordinates": [ 115.293886088287366, -8.572989333885841 ] } },
{ "type": "Feature", "properties": { "id": 175, "kode_zona": null, "nama_zona": "Puhu", "diameter": 100.0, "kondisi": "Baik", "merk": null, "lokasi": "Utara Pertamina Semaon", "th_pasang": null, "elevasi": null, "tapping": null, "notes": null, "foto": null, "tgl_input": "2022-05-27", "tgl_update": "2022-05-27", "no_aset": 8.0, "fid": 26, "context": "Ventile", "pelayanan": "Pelayanan Payangan", "tgl_delete": "2025-02-21", "nama_dma": "7.2.4 DMA Semaon", "no_bap": null, "subsitem": null, "tgl_asbuilt": null, "id_verifikasi": null, "sumber_data": null, "history": null, "petugas_input": null, "latitude": "-8.405707596656532", "longitude": "115.24624060319361", "verifikator": "I Made Darsana" }, "geometry": { "type": "Point", "coordinates": [ 115.246240603193613, -8.405707596656532 ] } },
{ "type": "Feature", "properties": { "id": 178, "kode_zona": null, "nama_zona": "Kerta", "diameter": 3.0, "kondisi": "Baik", "merk": null, "lokasi": "Utara Kantor Desa Kerta", "th_pasang": null, "elevasi": null, "tapping": null, "notes": null, "foto": null, "tgl_input": null, "tgl_update": null, "no_aset": 7.0, "fid": 29, "context": "Ventile", "pelayanan": "Pelayanan Payangan", "tgl_delete": null, "nama_dma": "7.1.1 DMA Kerta Timur", "no_bap": null, "subsitem": null, "tgl_asbuilt": null, "id_verifikasi": null, "sumber_data": null, "history": null, "petugas_input": null, "latitude": "-8.33648967344417", "longitude": "115.28415227602984", "verifikator": "I Made Darsana" }, "geometry": { "type": "Point", "coordinates": [ 115.284152276029843, -8.33648967344417 ] } },
{ "type": "Feature", "properties": { "id": 179, "kode_zona": null, "nama_zona": "Kerta", "diameter": 3.0, "kondisi": "Baik", "merk": null, "lokasi": "Depan Kuburan Kerta", "th_pasang": null, "elevasi": null, "tapping": null, "notes": null, "foto": null, "tgl_input": null, "tgl_update": null, "no_aset": 8.0, "fid": 30, "context": "Ventile", "pelayanan": "Pelayanan Payangan", "tgl_delete": null, "nama_dma": "7.1.1 DMA Kerta Timur", "no_bap": null, "subsitem": null, "tgl_asbuilt": null, "id_verifikasi": null, "sumber_data": null, "history": null, "petugas_input": null, "latitude": "-8.337351536782549", "longitude": "115.28341552674502", "verifikator": "I Made Darsana" }, "geometry": { "type": "Point", "coordinates": [ 115.283415526745017, -8.337351536782549 ] } },
{ "type": "Feature", "properties": { "id": 193, "kode_zona": null, "nama_zona": "Sanding", "diameter": 2.0, "kondisi": "Baik", "merk": null, "lokasi": "Utara Br. Sanding Serongga", "th_pasang": null, "elevasi": null, "tapping": null, "notes": null, "foto": null, "tgl_input": null, "tgl_update": null, "no_aset": null, "fid": 34, "context": "Ventile", "pelayanan": "Pelayanan Tampaksiring", "tgl_delete": null, "nama_dma": "3.4.1 DMA Sanding", "no_bap": null, "subsitem": null, "tgl_asbuilt": null, "id_verifikasi": null, "sumber_data": null, "history": null, "petugas_input": null, "latitude": "-8.46678957716241", "longitude": "115.29517345381174", "verifikator": "Dewa Gede Agus Saputra" }, "geometry": { "type": "Point", "coordinates": [ 115.295173453811742, -8.466789577162411 ] } },
{ "type": "Feature", "properties": { "id": 250, "kode_zona": null, "nama_zona": "Sanding", "diameter": 1.0, "kondisi": "Baik", "merk": "DKY", "lokasi": "Timur Kuburan Umahanyar", "th_pasang": "2019", "elevasi": null, "tapping": null, "notes": null, "foto": null, "tgl_input": null, "tgl_update": null, "no_aset": null, "fid": 99, "context": "Ventile", "pelayanan": "Pelayanan Tampaksiring", "tgl_delete": null, "nama_dma": "3.4.2 DMA Sembuwuk", "no_bap": null, "subsitem": null, "tgl_asbuilt": null, "id_verifikasi": null, "sumber_data": null, "history": null, "petugas_input": null, "latitude": "-8.477333218862753", "longitude": "115.28734960340702", "verifikator": "Dewa Gede Agus Saputra" }, "geometry": { "type": "Point", "coordinates": [ 115.287349603407023, -8.477333218862753 ] } },
{ "type": "Feature", "properties": { "id": 311, "kode_zona": null, "nama_zona": "Manukaya", "diameter": 1.0, "kondisi": "Baik", "merk": "DKY", "lokasi": "Jln menuju ke Belahan", "th_pasang": "2019", "elevasi": null, "tapping": null, "notes": null, "foto": null, "tgl_input": null, "tgl_update": null, "no_aset": null, "fid": 224, "context": "Ventile", "pelayanan": "Pelayanan Tampaksiring", "tgl_delete": "2025-01-22", "nama_dma": "3.1.2 DMA Keranjangan", "no_bap": null, "subsitem": null, "tgl_asbuilt": null, "id_verifikasi": null, "sumber_data": null, "history": null, "petugas_input": null, "latitude": "-8.405078651099757", "longitude": "115.32388558630737", "verifikator": "Dewa Gede Agus Saputra" }, "geometry": { "type": "Point", "coordinates": [ 115.32388558630737, -8.405078651099757 ] } },
{ "type": "Feature", "properties": { "id": 644, "kode_zona": null, "nama_zona": "Batubulan Kangin", "diameter": null, "kondisi": "Baik", "merk": null, "lokasi": "Banjar Akta", "th_pasang": null, "elevasi": null, "tapping": "75", "notes": null, "foto": null, "tgl_input": "2025-02-17", "tgl_update": null, "no_aset": null, "fid": null, "context": "Ventile", "pelayanan": "Pelayanan Sukawati", "tgl_delete": null, "nama_dma": "2.3.3 DMA Petanu Ketewel", "no_bap": "0112\/BAP\/VI\/II\/2025", "subsitem": null, "tgl_asbuilt": null, "id_verifikasi": null, "sumber_data": "BAP", "history": null, "petugas_input": null, "latitude": "-8.640132826507964", "longitude": "115.27545410860472", "verifikator": "I Kadek Heriawan" }, "geometry": { "type": "Point", "coordinates": [ 115.27545410860472, -8.640132826507964 ] } },
{ "type": "Feature", "properties": { "id": 234, "kode_zona": null, "nama_zona": "Sayan", "diameter": 1.0, "kondisi": "Baik", "merk": null, "lokasi": "Ventil 1\" dipipa 4\" br baung sayan", "th_pasang": null, "elevasi": null, "tapping": null, "notes": null, "foto": null, "tgl_input": null, "tgl_update": null, "no_aset": null, "fid": 98, "context": "Ventile", "pelayanan": "Pelayanan Ubud", "tgl_delete": null, "nama_dma": "5.2.1 DMA Baung ( Wil.Barat )", "no_bap": null, "subsitem": null, "tgl_asbuilt": null, "id_verifikasi": null, "sumber_data": null, "history": null, "petugas_input": null, "latitude": "-8.509109272451235", "longitude": "115.24034463229495", "verifikator": "I Wayan Eka Putrayasa" }, "geometry": { "type": "Point", "coordinates": [ 115.240344632294949, -8.509109272451235 ] } },
{ "type": "Feature", "properties": { "id": 235, "kode_zona": null, "nama_zona": "Sayan", "diameter": 1.0, "kondisi": "Baik", "merk": null, "lokasi": "Ventil 1 di pipa 4\" br. demayu", "th_pasang": null, "elevasi": null, "tapping": null, "notes": null, "foto": null, "tgl_input": null, "tgl_update": null, "no_aset": null, "fid": 112, "context": "Ventile", "pelayanan": "Pelayanan Ubud", "tgl_delete": null, "nama_dma": "5.2.1 DMA Baung ( Wil.Barat )", "no_bap": null, "subsitem": null, "tgl_asbuilt": null, "id_verifikasi": null, "sumber_data": null, "history": null, "petugas_input": null, "latitude": "-8.523491697925056", "longitude": "115.23729631464215", "verifikator": "I Wayan Eka Putrayasa" }, "geometry": { "type": "Point", "coordinates": [ 115.237296314642151, -8.523491697925056 ] } },
{ "type": "Feature", "properties": { "id": 237, "kode_zona": null, "nama_zona": "Sayan", "diameter": 1.0, "kondisi": "Baik", "merk": null, "lokasi": "Ventil 1 di pipa 4\" selatan agung bebek sayan", "th_pasang": null, "elevasi": null, "tapping": null, "notes": null, "foto": null, "tgl_input": null, "tgl_update": null, "no_aset": null, "fid": 126, "context": "Ventile", "pelayanan": "Pelayanan Ubud", "tgl_delete": null, "nama_dma": "5.2.3 DMA Singakerta", "no_bap": null, "subsitem": null, "tgl_asbuilt": null, "id_verifikasi": null, "sumber_data": null, "history": null, "petugas_input": null, "latitude": "-8.524056868345939", "longitude": "115.24259000301788", "verifikator": "I Wayan Eka Putrayasa" }, "geometry": { "type": "Point", "coordinates": [ 115.242590003017881, -8.524056868345939 ] } },
{ "type": "Feature", "properties": { "id": 241, "kode_zona": null, "nama_zona": "Lodtunduh", "diameter": 1.0, "kondisi": "Baik", "merk": null, "lokasi": "Vt1 di pipa 2' Timur SD gelogor", "th_pasang": null, "elevasi": null, "tapping": null, "notes": null, "foto": null, "tgl_input": null, "tgl_update": null, "no_aset": null, "fid": 143, "context": "Ventile", "pelayanan": "Pelayanan Ubud", "tgl_delete": null, "nama_dma": "5.6.2 DMA Lodtunduh Barat", "no_bap": null, "subsitem": null, "tgl_asbuilt": null, "id_verifikasi": null, "sumber_data": null, "history": null, "petugas_input": null, "latitude": "-8.559353790904524", "longitude": "115.2569532181708", "verifikator": "I Wayan Eka Putrayasa" }, "geometry": { "type": "Point", "coordinates": [ 115.256953218170807, -8.559353790904524 ] } },
{ "type": "Feature", "properties": { "id": 243, "kode_zona": null, "nama_zona": "Kedewatan", "diameter": 3.0, "kondisi": "Baik", "merk": null, "lokasi": "Ventil 3 di pipa 10\" di Selatan kantor desa bunutan kedewatan", "th_pasang": null, "elevasi": null, "tapping": null, "notes": null, "foto": null, "tgl_input": null, "tgl_update": null, "no_aset": null, "fid": 145, "context": "Ventile", "pelayanan": "Pelayanan Ubud", "tgl_delete": null, "nama_dma": "5.1.2 DMA Bunutan", "no_bap": null, "subsitem": null, "tgl_asbuilt": null, "id_verifikasi": null, "sumber_data": null, "history": null, "petugas_input": null, "latitude": "-8.467122654674904", "longitude": "115.24866780808658", "verifikator": "I Wayan Eka Putrayasa" }, "geometry": { "type": "Point", "coordinates": [ 115.24866780808658, -8.467122654674904 ] } },
{ "type": "Feature", "properties": { "id": 244, "kode_zona": null, "nama_zona": "Kedewatan", "diameter": 2.0, "kondisi": "Baik", "merk": null, "lokasi": "Ventil 2\" dipipa 6\" selatan kantor desa bunutan- kedewatan", "th_pasang": null, "elevasi": null, "tapping": null, "notes": null, "foto": null, "tgl_input": null, "tgl_update": null, "no_aset": null, "fid": 146, "context": "Ventile", "pelayanan": "Pelayanan Ubud", "tgl_delete": null, "nama_dma": "5.1.2 DMA Bunutan", "no_bap": null, "subsitem": null, "tgl_asbuilt": null, "id_verifikasi": null, "sumber_data": null, "history": null, "petugas_input": null, "latitude": "-8.46711685436684", "longitude": "115.24860699278588", "verifikator": "I Wayan Eka Putrayasa" }, "geometry": { "type": "Point", "coordinates": [ 115.248606992785881, -8.467116854366839 ] } },
{ "type": "Feature", "properties": { "id": 312, "kode_zona": null, "nama_zona": "Manukaya", "diameter": 1.0, "kondisi": "Baik", "merk": "DKY", "lokasi": "Selatan Res. Keranjangan", "th_pasang": "2019", "elevasi": null, "tapping": null, "notes": null, "foto": null, "tgl_input": null, "tgl_update": "2025-01-31", "no_aset": null, "fid": 225, "context": "Ventile", "pelayanan": "Pelayanan Tampaksiring", "tgl_delete": null, "nama_dma": "3.1.3 DMA Temen", "no_bap": null, "subsitem": null, "tgl_asbuilt": null, "id_verifikasi": null, "sumber_data": null, "history": "2025-01-31 Memperbaiki data nama_dma disesuaikan dengan posisi DMA area atau poligon DMA menjadi 3.1.3 DMA Temen", "petugas_input": null, "latitude": "-8.397421284200055", "longitude": "115.32764026519386", "verifikator": "Dewa Gede Agus Saputra" }, "geometry": { "type": "Point", "coordinates": [ 115.327640265193864, -8.397421284200055 ] } },
{ "type": "Feature", "properties": { "id": 254, "kode_zona": null, "nama_zona": "Tarukan", "diameter": 1.0, "kondisi": "Baik", "merk": "DKY", "lokasi": "Timur Penyosohan Gabah", "th_pasang": "2019", "elevasi": null, "tapping": null, "notes": null, "foto": null, "tgl_input": null, "tgl_update": null, "no_aset": null, "fid": 106, "context": "Ventile", "pelayanan": "Pelayanan Tampaksiring", "tgl_delete": null, "nama_dma": "3.5.1 DMA Tarukan", "no_bap": null, "subsitem": null, "tgl_asbuilt": null, "id_verifikasi": null, "sumber_data": null, "history": null, "petugas_input": null, "latitude": "-8.486241906533245", "longitude": "115.29357032011377", "verifikator": "I Nyoman Suarta, S.E." }, "geometry": { "type": "Point", "coordinates": [ 115.293570320113773, -8.486241906533245 ] } },
{ "type": "Feature", "properties": { "id": 247, "kode_zona": null, "nama_zona": "Kedisan Barat", "diameter": null, "kondisi": "Baik", "merk": null, "lokasi": "Reservoir Kedisan", "th_pasang": null, "elevasi": null, "tapping": null, "notes": null, "foto": null, "tgl_input": null, "tgl_update": null, "no_aset": null, "fid": 114, "context": "Ventile", "pelayanan": "Pelayanan Tegallalang", "tgl_delete": null, "nama_dma": "6.2.1 DMA Kedisan", "no_bap": null, "subsitem": null, "tgl_asbuilt": null, "id_verifikasi": null, "sumber_data": null, "history": null, "petugas_input": null, "latitude": "-8.411527182119663", "longitude": "115.29016648606562", "verifikator": "I Wayan Suardana" }, "geometry": { "type": "Point", "coordinates": [ 115.290166486065615, -8.411527182119663 ] } },
{ "type": "Feature", "properties": { "id": 196, "kode_zona": null, "nama_zona": "Kedewatan", "diameter": 0.0, "kondisi": "Baik", "merk": null, "lokasi": "Jl. Raya Kedewatan", "th_pasang": null, "elevasi": null, "tapping": null, "notes": null, "foto": null, "tgl_input": null, "tgl_update": null, "no_aset": null, "fid": 66, "context": "Ventile", "pelayanan": "Pelayanan Ubud", "tgl_delete": null, "nama_dma": "5.1.1 DMA Tanggayuda", "no_bap": null, "subsitem": null, "tgl_asbuilt": null, "id_verifikasi": null, "sumber_data": null, "history": null, "petugas_input": null, "latitude": "-8.46011023048661", "longitude": "115.24626154362075", "verifikator": "I Wayan Eka Putrayasa" }, "geometry": { "type": "Point", "coordinates": [ 115.246261543620747, -8.46011023048661 ] } },
{ "type": "Feature", "properties": { "id": 57, "kode_zona": null, "nama_zona": "Blangsinga", "diameter": 0.0, "kondisi": "Baik", "merk": null, "lokasi": "Banjar Saba", "th_pasang": null, "elevasi": null, "tapping": "50", "notes": null, "foto": null, "tgl_input": null, "tgl_update": null, "no_aset": null, "fid": 97, "context": "Ventile", "pelayanan": "Pelayanan Blahbatuh", "tgl_delete": null, "nama_dma": "4.2.4 DMA Saba", "no_bap": null, "subsitem": null, "tgl_asbuilt": null, "id_verifikasi": null, "sumber_data": null, "history": null, "petugas_input": null, "latitude": "-8.604133234167577", "longitude": "115.3075420965606", "verifikator": "I Gede Parwata" }, "geometry": { "type": "Point", "coordinates": [ 115.307542096560596, -8.604133234167577 ] } },
{ "type": "Feature", "properties": { "id": 664, "kode_zona": null, "nama_zona": "Singapadu", "diameter": null, "kondisi": "Baik", "merk": null, "lokasi": "Timur Balai Banjar Geriya Kutri", "th_pasang": null, "elevasi": null, "tapping": null, "notes": null, "foto": null, "tgl_input": "2025-04-10", "tgl_update": null, "no_aset": null, "fid": null, "context": "Ventile", "pelayanan": "Pelayanan Sukawati", "tgl_delete": null, "nama_dma": "2.1.2 DMA Kengetan Timur 6", "no_bap": null, "subsitem": null, "tgl_asbuilt": null, "id_verifikasi": null, "sumber_data": null, "history": null, "petugas_input": null, "latitude": "-8.576903670196232", "longitude": "115.25659337417812", "verifikator": "I Kadek Heriawan" }, "geometry": { "type": "Point", "coordinates": [ 115.256593374178124, -8.576903670196232 ] } },
{ "type": "Feature", "properties": { "id": 249, "kode_zona": null, "nama_zona": "Kota Gianyar", "diameter": 0.0, "kondisi": "Baik", "merk": null, "lokasi": "Jl. Kebo Iwa", "th_pasang": null, "elevasi": null, "tapping": "250", "notes": null, "foto": null, "tgl_input": null, "tgl_update": "2025-01-13", "no_aset": null, "fid": 96, "context": "Ventile", "pelayanan": "Pelayanan Gianyar", "tgl_delete": null, "nama_dma": "1.14.3 DMA SB TMP", "no_bap": null, "subsitem": null, "tgl_asbuilt": null, "id_verifikasi": null, "sumber_data": null, "history": null, "petugas_input": null, "latitude": "-8.545000019582972", "longitude": "115.32272820561711", "verifikator": "Dewa Ketut Arsana" }, "geometry": { "type": "Point", "coordinates": [ 115.322728205617111, -8.545000019582972 ] } },
{ "type": "Feature", "properties": { "id": 248, "kode_zona": null, "nama_zona": "Kedisan Barat", "diameter": null, "kondisi": "Baik", "merk": null, "lokasi": "Reservoir Kedisan", "th_pasang": null, "elevasi": null, "tapping": null, "notes": null, "foto": null, "tgl_input": null, "tgl_update": null, "no_aset": null, "fid": 115, "context": "Ventile", "pelayanan": "Pelayanan Tegallalang", "tgl_delete": null, "nama_dma": "6.2.1 DMA Kedisan", "no_bap": null, "subsitem": null, "tgl_asbuilt": null, "id_verifikasi": null, "sumber_data": null, "history": null, "petugas_input": null, "latitude": "-8.411661053267036", "longitude": "115.29066987184986", "verifikator": "I Wayan Suardana" }, "geometry": { "type": "Point", "coordinates": [ 115.290669871849857, -8.411661053267036 ] } },
{ "type": "Feature", "properties": { "id": 268, "kode_zona": null, "nama_zona": "Kota Tegallalang", "diameter": 2.0, "kondisi": "Baik", "merk": "DKY", "lokasi": "DEPAN RUMAH PANDE MERTA", "th_pasang": "2017", "elevasi": null, "tapping": "200", "notes": null, "foto": "https:\/\/www.google.com\/maps\/@-8.4468281,115.2805797,3a,75y,255.69h,71.32t\/data=!3m6!1e1!3m4!1sy-2ky5oNwA4JfGeWXg9VZw!2e0!7i16384!8i8192", "tgl_input": null, "tgl_update": null, "no_aset": null, "fid": 151, "context": "Ventile", "pelayanan": "Pelayanan Tegallalang", "tgl_delete": null, "nama_dma": "6.3.2 DMA Tangkup", "no_bap": null, "subsitem": null, "tgl_asbuilt": "2024-06-06", "id_verifikasi": null, "sumber_data": "ABD", "history": null, "petugas_input": null, "latitude": "-8.44682698310128", "longitude": "115.28056000196824", "verifikator": "I Wayan Sujarwa" }, "geometry": { "type": "Point", "coordinates": [ 115.28056000196824, -8.44682698310128 ] } },
{ "type": "Feature", "properties": { "id": 269, "kode_zona": null, "nama_zona": "Kota Tegallalang", "diameter": 1.0, "kondisi": "Baik", "merk": "BERMAD", "lokasi": "TAKU PEJENG AJI", "th_pasang": "2010", "elevasi": null, "tapping": "50", "notes": null, "foto": null, "tgl_input": null, "tgl_update": null, "no_aset": null, "fid": 152, "context": "Ventile", "pelayanan": "Pelayanan Tegallalang", "tgl_delete": null, "nama_dma": "6.3.2 DMA Tangkup", "no_bap": null, "subsitem": "DN 200", "tgl_asbuilt": "2024-06-06", "id_verifikasi": null, "sumber_data": "ABD", "history": null, "petugas_input": null, "latitude": "-8.448392808618038", "longitude": "115.27573056073228", "verifikator": "I Wayan Sujarwa" }, "geometry": { "type": "Point", "coordinates": [ 115.275730560732285, -8.448392808618038 ] } },
{ "type": "Feature", "properties": { "id": 240, "kode_zona": null, "nama_zona": "Ubud Utara", "diameter": 1.0, "kondisi": "Baik", "merk": null, "lokasi": "Ventil 1 di pipa 6\" depan rumah pak tiles junjungan", "th_pasang": null, "elevasi": null, "tapping": null, "notes": null, "foto": null, "tgl_input": null, "tgl_update": null, "no_aset": null, "fid": 129, "context": "Ventile", "pelayanan": "Pelayanan Ubud", "tgl_delete": null, "nama_dma": "5.4.1 DMA Junjungan Utara (JDU)", "no_bap": null, "subsitem": null, "tgl_asbuilt": null, "id_verifikasi": null, "sumber_data": null, "history": null, "petugas_input": null, "latitude": "-8.474719464378865", "longitude": "115.27156309228599", "verifikator": "I Wayan Artawan" }, "geometry": { "type": "Point", "coordinates": [ 115.271563092285987, -8.474719464378865 ] } },
{ "type": "Feature", "properties": { "id": 265, "kode_zona": null, "nama_zona": "Ubud Utara", "diameter": 1.0, "kondisi": "Baik", "merk": null, "lokasi": "Dpn pande house lingk junjungan", "th_pasang": null, "elevasi": null, "tapping": null, "notes": null, "foto": null, "tgl_input": null, "tgl_update": null, "no_aset": null, "fid": 168, "context": "Ventile", "pelayanan": "Pelayanan Ubud", "tgl_delete": null, "nama_dma": "5.4.1 DMA Junjungan Utara (JDU)", "no_bap": null, "subsitem": null, "tgl_asbuilt": null, "id_verifikasi": null, "sumber_data": null, "history": null, "petugas_input": null, "latitude": "-8.474770819554264", "longitude": "115.27047336813662", "verifikator": "I Wayan Artawan" }, "geometry": { "type": "Point", "coordinates": [ 115.270473368136621, -8.474770819554264 ] } },
{ "type": "Feature", "properties": { "id": 239, "kode_zona": null, "nama_zona": "Laplapan", "diameter": 1.0, "kondisi": "Baik", "merk": null, "lokasi": "sebelah barat SD laplapan", "th_pasang": null, "elevasi": null, "tapping": null, "notes": null, "foto": null, "tgl_input": null, "tgl_update": null, "no_aset": null, "fid": 128, "context": "Ventile", "pelayanan": "Pelayanan Ubud", "tgl_delete": null, "nama_dma": "5.7.1 DMA Laplapan", "no_bap": null, "subsitem": null, "tgl_asbuilt": null, "id_verifikasi": null, "sumber_data": null, "history": null, "petugas_input": null, "latitude": "-8.497831685592308", "longitude": "115.27997438815602", "verifikator": "I Wayan Artawan" }, "geometry": { "type": "Point", "coordinates": [ 115.27997438815602, -8.497831685592308 ] } },
{ "type": "Feature", "properties": { "id": 264, "kode_zona": null, "nama_zona": "Kota Tegallalang", "diameter": null, "kondisi": "Baik", "merk": null, "lokasi": "Perbatasan junjungan dgn tegalalang", "th_pasang": null, "elevasi": null, "tapping": null, "notes": null, "foto": null, "tgl_input": null, "tgl_update": null, "no_aset": null, "fid": 163, "context": "Ventile", "pelayanan": "Pelayanan Tegallalang", "tgl_delete": null, "nama_dma": "6.3.4 DMA Abangan", "no_bap": null, "subsitem": "DN 200", "tgl_asbuilt": "2024-06-06", "id_verifikasi": null, "sumber_data": "ABD", "history": null, "petugas_input": null, "latitude": "-8.468063790338688", "longitude": "115.27134261792236", "verifikator": "I Wayan Sujarwa" }, "geometry": { "type": "Point", "coordinates": [ 115.271342617922357, -8.468063790338688 ] } },
{ "type": "Feature", "properties": { "id": 266, "kode_zona": null, "nama_zona": "Kota Tegallalang", "diameter": 1.0, "kondisi": "Baik", "merk": "BERMAD", "lokasi": "TAKU PEJENG AJI", "th_pasang": "2010", "elevasi": null, "tapping": "100", "notes": null, "foto": null, "tgl_input": null, "tgl_update": null, "no_aset": null, "fid": 149, "context": "Ventile", "pelayanan": "Pelayanan Tegallalang", "tgl_delete": null, "nama_dma": "6.3.2 DMA Tangkup", "no_bap": null, "subsitem": null, "tgl_asbuilt": "2024-06-06", "id_verifikasi": null, "sumber_data": "ABD", "history": null, "petugas_input": null, "latitude": "-8.448376068647605", "longitude": "115.2757277834389", "verifikator": "I Wayan Sujarwa" }, "geometry": { "type": "Point", "coordinates": [ 115.275727783438896, -8.448376068647605 ] } },
{ "type": "Feature", "properties": { "id": 267, "kode_zona": null, "nama_zona": "Kota Tegallalang", "diameter": 2.0, "kondisi": "Baik", "merk": "DKY", "lokasi": "DEPAN KORAMIL", "th_pasang": "2017", "elevasi": null, "tapping": "200", "notes": null, "foto": "https:\/\/www.google.com\/maps\/@-8.4391387,115.2799126,3a,75y,92.6h,52.82t\/data=!3m6!1e1!3m4!1sbZz--yThaSfhr_FVlCtYjw!2e0!7i16384!8i8192", "tgl_input": null, "tgl_update": null, "no_aset": null, "fid": 150, "context": "Ventile", "pelayanan": "Pelayanan Tegallalang", "tgl_delete": null, "nama_dma": "6.3.2 DMA Tangkup", "no_bap": null, "subsitem": null, "tgl_asbuilt": "2024-06-06", "id_verifikasi": null, "sumber_data": "ABD", "history": null, "petugas_input": null, "latitude": "-8.438813188978703", "longitude": "115.27985364724363", "verifikator": "I Wayan Sujarwa" }, "geometry": { "type": "Point", "coordinates": [ 115.279853647243627, -8.438813188978703 ] } },
{ "type": "Feature", "properties": { "id": 274, "kode_zona": null, "nama_zona": "Keliki", "diameter": null, "kondisi": "Baik", "merk": null, "lokasi": "Jl. Raya Sebali", "th_pasang": null, "elevasi": null, "tapping": null, "notes": null, "foto": null, "tgl_input": null, "tgl_update": null, "no_aset": null, "fid": 183, "context": "Ventile", "pelayanan": "Pelayanan Tegallalang", "tgl_delete": null, "nama_dma": "6.4.1 DMA Keliki", "no_bap": null, "subsitem": null, "tgl_asbuilt": "2024-06-06", "id_verifikasi": null, "sumber_data": "ABD", "history": null, "petugas_input": null, "latitude": "-8.454022542724305", "longitude": "115.26085890329958", "verifikator": "I Wayan Sujarwa" }, "geometry": { "type": "Point", "coordinates": [ 115.260858903299578, -8.454022542724305 ] } },
{ "type": "Feature", "properties": { "id": 672, "kode_zona": null, "nama_zona": "Sumita", "diameter": null, "kondisi": "Baik", "merk": null, "lokasi": "Jl. Benawah-Petak Kaja", "th_pasang": null, "elevasi": null, "tapping": null, "notes": null, "foto": null, "tgl_input": "2025-04-29", "tgl_update": null, "no_aset": null, "fid": null, "context": "Ventile", "pelayanan": "Pelayanan Gianyar", "tgl_delete": null, "nama_dma": "1.4.1 DMA Melayang Benawah", "no_bap": null, "subsitem": null, "tgl_asbuilt": null, "id_verifikasi": null, "sumber_data": null, "history": null, "petugas_input": null, "latitude": "-8.458557299491302", "longitude": "115.31645619540448", "verifikator": "I Made Sutika Semarajaya" }, "geometry": { "type": "Point", "coordinates": [ 115.316456195404484, -8.458557299491302 ] } },
{ "type": "Feature", "properties": { "id": 271, "kode_zona": null, "nama_zona": "Kedisan Barat", "diameter": null, "kondisi": "Baik", "merk": null, "lokasi": "Banjar Kedisan", "th_pasang": null, "elevasi": null, "tapping": null, "notes": null, "foto": null, "tgl_input": null, "tgl_update": null, "no_aset": null, "fid": 180, "context": "Ventile", "pelayanan": "Pelayanan Tegallalang", "tgl_delete": null, "nama_dma": "6.2.2 DMA Kebon", "no_bap": null, "subsitem": null, "tgl_asbuilt": null, "id_verifikasi": null, "sumber_data": null, "history": null, "petugas_input": null, "latitude": "-8.42011859782041", "longitude": "115.28862200273909", "verifikator": "I Wayan Suardana" }, "geometry": { "type": "Point", "coordinates": [ 115.288622002739089, -8.42011859782041 ] } },
{ "type": "Feature", "properties": { "id": 273, "kode_zona": null, "nama_zona": "Keliki", "diameter": null, "kondisi": "Baik", "merk": null, "lokasi": "Jl. Raya Dalem", "th_pasang": null, "elevasi": null, "tapping": null, "notes": null, "foto": null, "tgl_input": null, "tgl_update": null, "no_aset": null, "fid": 182, "context": "Ventile", "pelayanan": "Pelayanan Tegallalang", "tgl_delete": null, "nama_dma": "6.4.3 DMA Pacung Tgll", "no_bap": null, "subsitem": "DN 200", "tgl_asbuilt": "2024-06-06", "id_verifikasi": null, "sumber_data": "ABD", "history": null, "petugas_input": null, "latitude": "-8.447790145976327", "longitude": "115.2670101377883", "verifikator": "I Wayan Sujarwa" }, "geometry": { "type": "Point", "coordinates": [ 115.267010137788304, -8.447790145976327 ] } },
{ "type": "Feature", "properties": { "id": 58, "kode_zona": null, "nama_zona": "Bona", "diameter": null, "kondisi": "Baik", "merk": null, "lokasi": "BANJAR KEBON, BONA", "th_pasang": null, "elevasi": null, "tapping": "50", "notes": null, "foto": null, "tgl_input": null, "tgl_update": "2024-12-12", "no_aset": null, "fid": 202, "context": "Ventile", "pelayanan": "Pelayanan Blahbatuh", "tgl_delete": null, "nama_dma": "4.6.3 DMA Bona Kaja Selatan 3", "no_bap": "0042\/BAP\/II\/XII\/2024", "subsitem": null, "tgl_asbuilt": null, "id_verifikasi": null, "sumber_data": "BAP", "history": null, "petugas_input": null, "latitude": "-8.556252479990551", "longitude": "115.31982654757375", "verifikator": "Gilang Mada Awiyat" }, "geometry": { "type": "Point", "coordinates": [ 115.319826547573754, -8.556252479990551 ] } },
{ "type": "Feature", "properties": { "id": 282, "kode_zona": null, "nama_zona": "Kelusa", "diameter": 150.0, "kondisi": "Baik", "merk": null, "lokasi": "Timur Jembatan Kelusa", "th_pasang": null, "elevasi": null, "tapping": "150", "notes": null, "foto": null, "tgl_input": null, "tgl_update": "2022-06-15", "no_aset": 1.0, "fid": 190, "context": "Ventile", "pelayanan": "Pelayanan Payangan", "tgl_delete": null, "nama_dma": "7.5.1 DMA Yangapi", "no_bap": null, "subsitem": null, "tgl_asbuilt": null, "id_verifikasi": null, "sumber_data": null, "history": null, "petugas_input": null, "latitude": "-8.437274288094851", "longitude": "115.25540057476968", "verifikator": "I Nyoman Sumayasa" }, "geometry": { "type": "Point", "coordinates": [ 115.255400574769681, -8.437274288094851 ] } },
{ "type": "Feature", "properties": { "id": 280, "kode_zona": null, "nama_zona": "Puhu", "diameter": 100.0, "kondisi": "Baik", "merk": null, "lokasi": "Depan Cuci Mobil Tiyingan", "th_pasang": null, "elevasi": null, "tapping": null, "notes": null, "foto": null, "tgl_input": "2022-05-27", "tgl_update": "2022-05-27", "no_aset": 18.0, "fid": 186, "context": "Ventile", "pelayanan": "Pelayanan Payangan", "tgl_delete": null, "nama_dma": "7.2.2 DMA Subilang", "no_bap": null, "subsitem": null, "tgl_asbuilt": null, "id_verifikasi": null, "sumber_data": null, "history": null, "petugas_input": null, "latitude": "-8.411113070880765", "longitude": "115.25352922417406", "verifikator": "I Made Darsana" }, "geometry": { "type": "Point", "coordinates": [ 115.253529224174059, -8.411113070880765 ] } },
{ "type": "Feature", "properties": { "id": 289, "kode_zona": null, "nama_zona": "Kota Tampaksiring", "diameter": 1.0, "kondisi": "Baik", "merk": "BERNARD\/C30", "lokasi": "Depan Wr Makan Umadue", "th_pasang": "2019", "elevasi": null, "tapping": null, "notes": null, "foto": null, "tgl_input": null, "tgl_update": null, "no_aset": null, "fid": 172, "context": "Ventile", "pelayanan": "Pelayanan Tampaksiring", "tgl_delete": null, "nama_dma": "3.2.2 DMA Manukaya", "no_bap": null, "subsitem": null, "tgl_asbuilt": null, "id_verifikasi": null, "sumber_data": null, "history": null, "petugas_input": null, "latitude": "-8.436374996284066", "longitude": "115.30718675801177", "verifikator": "Dewa Gede Agus Saputra" }, "geometry": { "type": "Point", "coordinates": [ 115.307186758011767, -8.436374996284066 ] } },
{ "type": "Feature", "properties": { "id": 255, "kode_zona": null, "nama_zona": "Tarukan", "diameter": 1.0, "kondisi": "Baik", "merk": "DKY", "lokasi": "Selatan Pabrik Tahu", "th_pasang": "2019", "elevasi": null, "tapping": null, "notes": null, "foto": null, "tgl_input": null, "tgl_update": null, "no_aset": null, "fid": 107, "context": "Ventile", "pelayanan": "Pelayanan Tampaksiring", "tgl_delete": null, "nama_dma": "3.5.1 DMA Tarukan", "no_bap": null, "subsitem": null, "tgl_asbuilt": null, "id_verifikasi": null, "sumber_data": null, "history": null, "petugas_input": null, "latitude": "-8.485118893055164", "longitude": "115.29400601153215", "verifikator": "I Nyoman Suarta, S.E." }, "geometry": { "type": "Point", "coordinates": [ 115.294006011532147, -8.485118893055164 ] } },
{ "type": "Feature", "properties": { "id": 288, "kode_zona": null, "nama_zona": "Bakbakan", "diameter": null, "kondisi": "Baik", "merk": null, "lokasi": "Jl. Gunung Lempuyang", "th_pasang": null, "elevasi": null, "tapping": null, "notes": null, "foto": null, "tgl_input": null, "tgl_update": null, "no_aset": null, "fid": 169, "context": "Ventile", "pelayanan": "Pelayanan Gianyar", "tgl_delete": null, "nama_dma": "1.5.3 DMA Selat", "no_bap": null, "subsitem": null, "tgl_asbuilt": null, "id_verifikasi": null, "sumber_data": null, "history": null, "petugas_input": null, "latitude": "-8.533730594092471", "longitude": "115.33468252317967", "verifikator": "I Made Sutika Semarajaya" }, "geometry": { "type": "Point", "coordinates": [ 115.334682523179666, -8.533730594092471 ] } },
{ "type": "Feature", "properties": { "id": 671, "kode_zona": null, "nama_zona": "Sumita", "diameter": null, "kondisi": "Baik", "merk": null, "lokasi": "Jl. Benawah-Petak Kaja", "th_pasang": null, "elevasi": null, "tapping": null, "notes": null, "foto": null, "tgl_input": "2025-04-29", "tgl_update": null, "no_aset": null, "fid": null, "context": "Ventile", "pelayanan": "Pelayanan Gianyar", "tgl_delete": null, "nama_dma": "1.4.1 DMA Melayang Benawah", "no_bap": null, "subsitem": null, "tgl_asbuilt": null, "id_verifikasi": null, "sumber_data": null, "history": null, "petugas_input": null, "latitude": "-8.464534600245077", "longitude": "115.31530137851503", "verifikator": "I Made Sutika Semarajaya" }, "geometry": { "type": "Point", "coordinates": [ 115.315301378515031, -8.464534600245077 ] } },
{ "type": "Feature", "properties": { "id": 287, "kode_zona": null, "nama_zona": "Madangan", "diameter": null, "kondisi": "Baik", "merk": null, "lokasi": "Jl. Ngenjung Sari", "th_pasang": null, "elevasi": null, "tapping": "75", "notes": null, "foto": null, "tgl_input": null, "tgl_update": "2024-10-24", "no_aset": null, "fid": 157, "context": "Ventile", "pelayanan": "Pelayanan Gianyar", "tgl_delete": "2025-04-09", "nama_dma": "1.3.3 DMA Ngenjung Sari", "no_bap": null, "subsitem": null, "tgl_asbuilt": null, "id_verifikasi": null, "sumber_data": "Made Sutika", "history": null, "petugas_input": null, "latitude": "-8.512538302388569", "longitude": "115.32781033201465", "verifikator": "I Made Sutika Semarajaya" }, "geometry": { "type": "Point", "coordinates": [ 115.32781033201465, -8.512538302388569 ] } },
{ "type": "Feature", "properties": { "id": 673, "kode_zona": null, "nama_zona": "Sumita", "diameter": null, "kondisi": "Baik", "merk": null, "lokasi": "Jl. Raya Siangan", "th_pasang": null, "elevasi": null, "tapping": "100", "notes": null, "foto": null, "tgl_input": "2025-04-29", "tgl_update": null, "no_aset": null, "fid": null, "context": "Ventile", "pelayanan": "Pelayanan Gianyar", "tgl_delete": null, "nama_dma": "1.7.1 SB Siangan", "no_bap": null, "subsitem": null, "tgl_asbuilt": null, "id_verifikasi": null, "sumber_data": null, "history": null, "petugas_input": null, "latitude": "-8.512876208191726", "longitude": "115.31255511593443", "verifikator": "I Made Sutika Semarajaya" }, "geometry": { "type": "Point", "coordinates": [ 115.31255511593443, -8.512876208191726 ] } },
{ "type": "Feature", "properties": { "id": 286, "kode_zona": null, "nama_zona": "Beng", "diameter": null, "kondisi": "Baik", "merk": null, "lokasi": "Jl. Gunung Agung", "th_pasang": null, "elevasi": null, "tapping": null, "notes": null, "foto": null, "tgl_input": null, "tgl_update": "2025-01-31", "no_aset": null, "fid": 153, "context": "Ventile", "pelayanan": "Pelayanan Gianyar", "tgl_delete": null, "nama_dma": "1.6.6 DMA Beng Utara", "no_bap": null, "subsitem": null, "tgl_asbuilt": null, "id_verifikasi": null, "sumber_data": null, "history": "2025-01-31 Memperbaiki data nama_dma disesuaikan dengan posisi DMA area atau poligon DMA menjadi 1.6.5 DMA Beng Utara", "petugas_input": null, "latitude": "-8.524004130858025", "longitude": "115.32884191103119", "verifikator": "Dewa Ketut Arsana" }, "geometry": { "type": "Point", "coordinates": [ 115.328841911031191, -8.524004130858025 ] } },
{ "type": "Feature", "properties": { "id": 457, "kode_zona": "BKJ", "nama_zona": "Bukit Jati", "diameter": null, "kondisi": "Baik", "merk": null, "lokasi": "Banjar Bukit Batu", "th_pasang": null, "elevasi": null, "tapping": null, "notes": null, "foto": null, "tgl_input": "2022-12-29", "tgl_update": null, "no_aset": 0.0, "fid": null, "context": "Ventile", "pelayanan": "Pelayanan Gianyar", "tgl_delete": "2025-01-07", "nama_dma": "1.11.2 DMA Res. Bukit Jati", "no_bap": null, "subsitem": null, "tgl_asbuilt": null, "id_verifikasi": null, "sumber_data": null, "history": null, "petugas_input": null, "latitude": "-8.531057927212995", "longitude": "115.3421873744133", "verifikator": "I Wayan Degug" }, "geometry": { "type": "Point", "coordinates": [ 115.342187374413299, -8.531057927212995 ] } },
{ "type": "Feature", "properties": { "id": 670, "kode_zona": null, "nama_zona": "Sumita", "diameter": 75.0, "kondisi": "Baik", "merk": null, "lokasi": "Jl. Sumita", "th_pasang": null, "elevasi": null, "tapping": null, "notes": null, "foto": null, "tgl_input": "2025-04-29", "tgl_update": null, "no_aset": null, "fid": null, "context": "Ventile", "pelayanan": "Pelayanan Gianyar", "tgl_delete": null, "nama_dma": "1.4.2 DMA Siih", "no_bap": null, "subsitem": null, "tgl_asbuilt": null, "id_verifikasi": null, "sumber_data": null, "history": null, "petugas_input": null, "latitude": "-8.47750139453265", "longitude": "115.30961950983128", "verifikator": "I Made Sutika Semarajaya" }, "geometry": { "type": "Point", "coordinates": [ 115.309619509831279, -8.47750139453265 ] } },
{ "type": "Feature", "properties": { "id": 270, "kode_zona": null, "nama_zona": "Kedisan Barat", "diameter": null, "kondisi": "Baik", "merk": null, "lokasi": "Reservoir Kedisan", "th_pasang": null, "elevasi": null, "tapping": null, "notes": null, "foto": null, "tgl_input": null, "tgl_update": "2025-03-19", "no_aset": null, "fid": 179, "context": "Ventile", "pelayanan": "Pelayanan Tegallalang", "tgl_delete": null, "nama_dma": "6.2.4 DMA Pakudui", "no_bap": null, "subsitem": null, "tgl_asbuilt": null, "id_verifikasi": null, "sumber_data": null, "history": null, "petugas_input": null, "latitude": "-8.411445448677966", "longitude": "115.28760756293673", "verifikator": "I Wayan Suardana" }, "geometry": { "type": "Point", "coordinates": [ 115.287607562936728, -8.411445448677966 ] } },
{ "type": "Feature", "properties": { "id": 272, "kode_zona": null, "nama_zona": "Kedisan Barat", "diameter": null, "kondisi": "Baik", "merk": null, "lokasi": "Banjar Kedisan", "th_pasang": null, "elevasi": null, "tapping": null, "notes": null, "foto": null, "tgl_input": null, "tgl_update": null, "no_aset": null, "fid": 181, "context": "Ventile", "pelayanan": "Pelayanan Tegallalang", "tgl_delete": null, "nama_dma": "6.2.2 DMA Kebon", "no_bap": null, "subsitem": null, "tgl_asbuilt": null, "id_verifikasi": null, "sumber_data": null, "history": null, "petugas_input": null, "latitude": "-8.420142124302593", "longitude": "115.2887079284255", "verifikator": "I Wayan Suardana" }, "geometry": { "type": "Point", "coordinates": [ 115.288707928425495, -8.420142124302593 ] } },
{ "type": "Feature", "properties": { "id": 107, "kode_zona": null, "nama_zona": "Petak Kaja Selatan", "diameter": 2.0, "kondisi": "Baik", "merk": null, "lokasi": "Banjar Bonnyuh", "th_pasang": null, "elevasi": null, "tapping": null, "notes": null, "foto": null, "tgl_input": null, "tgl_update": null, "no_aset": null, "fid": 307, "context": "Ventile", "pelayanan": "Pelayanan Gianyar", "tgl_delete": null, "nama_dma": "1.2.2 DMA Bonyuh", "no_bap": null, "subsitem": null, "tgl_asbuilt": null, "id_verifikasi": null, "sumber_data": null, "history": null, "petugas_input": null, "latitude": "-8.475419909389318", "longitude": "115.32140053293737", "verifikator": "I Made Sutika Semarajaya" }, "geometry": { "type": "Point", "coordinates": [ 115.321400532937375, -8.475419909389318 ] } },
{ "type": "Feature", "properties": { "id": 108, "kode_zona": null, "nama_zona": "Petak Kaja Selatan", "diameter": 2.0, "kondisi": "Baik", "merk": null, "lokasi": "Banjar Bonnyuh", "th_pasang": null, "elevasi": null, "tapping": null, "notes": null, "foto": null, "tgl_input": null, "tgl_update": null, "no_aset": null, "fid": 308, "context": "Ventile", "pelayanan": "Pelayanan Gianyar", "tgl_delete": "2025-04-09", "nama_dma": "1.2.2 DMA Bonyuh", "no_bap": null, "subsitem": null, "tgl_asbuilt": null, "id_verifikasi": null, "sumber_data": "", "history": null, "petugas_input": null, "latitude": "-8.47542513208383", "longitude": "115.32141791595345", "verifikator": "I Made Sutika Semarajaya" }, "geometry": { "type": "Point", "coordinates": [ 115.321417915953447, -8.47542513208383 ] } },
{ "type": "Feature", "properties": { "id": 297, "kode_zona": null, "nama_zona": "Peliatan", "diameter": 1.0, "kondisi": "Baik", "merk": null, "lokasi": "Depan pura pande peliatan", "th_pasang": null, "elevasi": null, "tapping": null, "notes": null, "foto": null, "tgl_input": null, "tgl_update": null, "no_aset": null, "fid": 255, "context": "Ventile", "pelayanan": "Pelayanan Ubud", "tgl_delete": null, "nama_dma": "5.5.2 DMA Ambengan", "no_bap": null, "subsitem": null, "tgl_asbuilt": null, "id_verifikasi": null, "sumber_data": null, "history": null, "petugas_input": null, "latitude": "-8.511473999999867", "longitude": "115.27104800000619", "verifikator": "I Wayan Artawan" }, "geometry": { "type": "Point", "coordinates": [ 115.271048000006189, -8.511473999999867 ] } },
{ "type": "Feature", "properties": { "id": 294, "kode_zona": null, "nama_zona": "Kedewatan", "diameter": 2.0, "kondisi": "Baik", "merk": null, "lokasi": "DEPAN RESERVOIR BUNUTAN", "th_pasang": null, "elevasi": null, "tapping": null, "notes": null, "foto": null, "tgl_input": "2022-01-05", "tgl_update": null, "no_aset": null, "fid": 205, "context": "Ventile", "pelayanan": "Pelayanan Ubud", "tgl_delete": null, "nama_dma": "5.1.2 DMA Bunutan", "no_bap": null, "subsitem": null, "tgl_asbuilt": null, "id_verifikasi": null, "sumber_data": null, "history": null, "petugas_input": null, "latitude": "-8.471441253588658", "longitude": "115.24977939378272", "verifikator": "I Wayan Eka Putrayasa" }, "geometry": { "type": "Point", "coordinates": [ 115.249779393782717, -8.471441253588658 ] } },
{ "type": "Feature", "properties": { "id": 306, "kode_zona": null, "nama_zona": "Mancawarna", "diameter": 1.0, "kondisi": "Baik", "merk": "DKY", "lokasi": "Selatan Toko Pinky", "th_pasang": "2019", "elevasi": null, "tapping": null, "notes": null, "foto": null, "tgl_input": null, "tgl_update": null, "no_aset": null, "fid": 219, "context": "Ventile", "pelayanan": "Pelayanan Tampaksiring", "tgl_delete": null, "nama_dma": "3.3.4 DMA Pengembungan", "no_bap": null, "subsitem": null, "tgl_asbuilt": null, "id_verifikasi": null, "sumber_data": null, "history": null, "petugas_input": null, "latitude": "-8.469098933202286", "longitude": "115.30058183708027", "verifikator": "Dewa Gede Agus Saputra" }, "geometry": { "type": "Point", "coordinates": [ 115.300581837080273, -8.469098933202286 ] } },
{ "type": "Feature", "properties": { "id": 295, "kode_zona": null, "nama_zona": "Kedewatan", "diameter": 2.0, "kondisi": "Baik", "merk": null, "lokasi": "DEPAN RESERVOIR BUNUTAN", "th_pasang": null, "elevasi": null, "tapping": null, "notes": null, "foto": null, "tgl_input": "2022-01-05", "tgl_update": null, "no_aset": null, "fid": 208, "context": "Ventile", "pelayanan": "Pelayanan Ubud", "tgl_delete": null, "nama_dma": "5.1.2 DMA Bunutan", "no_bap": null, "subsitem": null, "tgl_asbuilt": null, "id_verifikasi": null, "sumber_data": null, "history": null, "petugas_input": null, "latitude": "-8.471449583019412", "longitude": "115.24976531164158", "verifikator": "I Wayan Eka Putrayasa" }, "geometry": { "type": "Point", "coordinates": [ 115.249765311641582, -8.471449583019412 ] } },
{ "type": "Feature", "properties": { "id": 300, "kode_zona": null, "nama_zona": "Siangan", "diameter": null, "kondisi": "Baik", "merk": null, "lokasi": "Jl. Raya Siangan", "th_pasang": null, "elevasi": null, "tapping": null, "notes": null, "foto": null, "tgl_input": null, "tgl_update": "2025-01-31", "no_aset": null, "fid": 213, "context": "Ventile", "pelayanan": "Pelayanan Gianyar", "tgl_delete": null, "nama_dma": "1.7.1 SB Siangan", "no_bap": null, "subsitem": null, "tgl_asbuilt": null, "id_verifikasi": null, "sumber_data": null, "history": "2025-01-31 Memperbaiki data nama_dma disesuaikan dengan posisi DMA area atau poligon DMA menjadi 1.7.1 SB Siangan", "petugas_input": null, "latitude": "-8.502688988123571", "longitude": "115.31348662409337", "verifikator": "I Made Sutika Semarajaya" }, "geometry": { "type": "Point", "coordinates": [ 115.313486624093372, -8.502688988123571 ] } },
{ "type": "Feature", "properties": { "id": 281, "kode_zona": null, "nama_zona": "Kota Payangan", "diameter": 150.0, "kondisi": "Baik", "merk": null, "lokasi": "samping DMA Br SEMA", "th_pasang": null, "elevasi": null, "tapping": "150", "notes": null, "foto": null, "tgl_input": null, "tgl_update": "2022-08-03", "no_aset": 11.0, "fid": 189, "context": "Ventile", "pelayanan": "Pelayanan Payangan", "tgl_delete": null, "nama_dma": "7.4.5 DMA Sema", "no_bap": null, "subsitem": null, "tgl_asbuilt": null, "id_verifikasi": null, "sumber_data": null, "history": null, "petugas_input": null, "latitude": "-8.438030467363609", "longitude": "115.25106250169179", "verifikator": "I Nyoman Sumayasa" }, "geometry": { "type": "Point", "coordinates": [ 115.251062501691791, -8.438030467363609 ] } },
{ "type": "Feature", "properties": { "id": 307, "kode_zona": null, "nama_zona": "Sanding", "diameter": 1.0, "kondisi": "Baik", "merk": null, "lokasi": "Utara Br. Melayang", "th_pasang": null, "elevasi": null, "tapping": null, "notes": null, "foto": null, "tgl_input": null, "tgl_update": null, "no_aset": null, "fid": 220, "context": "Ventile", "pelayanan": "Pelayanan Tampaksiring", "tgl_delete": null, "nama_dma": "3.4.2 DMA Sembuwuk", "no_bap": null, "subsitem": null, "tgl_asbuilt": null, "id_verifikasi": null, "sumber_data": null, "history": null, "petugas_input": null, "latitude": "-8.486872120220207", "longitude": "115.28435095790265", "verifikator": "Dewa Gede Agus Saputra" }, "geometry": { "type": "Point", "coordinates": [ 115.284350957902646, -8.486872120220207 ] } },
{ "type": "Feature", "properties": { "id": 309, "kode_zona": null, "nama_zona": "Manukaya", "diameter": 1.0, "kondisi": "Baik", "merk": "DKY", "lokasi": "Selatan Res. Basangambu", "th_pasang": "2019", "elevasi": null, "tapping": null, "notes": null, "foto": null, "tgl_input": null, "tgl_update": null, "no_aset": null, "fid": 222, "context": "Ventile", "pelayanan": "Pelayanan Tampaksiring", "tgl_delete": "2025-01-22", "nama_dma": "3.1.1 DMA Basangambu", "no_bap": null, "subsitem": null, "tgl_asbuilt": null, "id_verifikasi": null, "sumber_data": null, "history": null, "petugas_input": null, "latitude": "-8.4114556992631", "longitude": "115.32245537561406", "verifikator": "Dewa Gede Agus Saputra" }, "geometry": { "type": "Point", "coordinates": [ 115.322455375614055, -8.411455699263101 ] } },
{ "type": "Feature", "properties": { "id": 310, "kode_zona": null, "nama_zona": "Manukaya", "diameter": 1.0, "kondisi": "Baik", "merk": "DKY", "lokasi": "Utara Res. Basangambu", "th_pasang": "2019", "elevasi": null, "tapping": null, "notes": null, "foto": null, "tgl_input": null, "tgl_update": null, "no_aset": null, "fid": 223, "context": "Ventile", "pelayanan": "Pelayanan Tampaksiring", "tgl_delete": null, "nama_dma": "3.1.2 DMA Keranjangan", "no_bap": null, "subsitem": null, "tgl_asbuilt": null, "id_verifikasi": null, "sumber_data": null, "history": null, "petugas_input": null, "latitude": "-8.41036050219966", "longitude": "115.3230402743702", "verifikator": "Dewa Gede Agus Saputra" }, "geometry": { "type": "Point", "coordinates": [ 115.3230402743702, -8.41036050219966 ] } },
{ "type": "Feature", "properties": { "id": 308, "kode_zona": null, "nama_zona": "Tarukan", "diameter": 1.0, "kondisi": "Baik", "merk": "BERNAND \/C30", "lokasi": "Selatan Warung Bu Kormi", "th_pasang": "2020", "elevasi": null, "tapping": null, "notes": null, "foto": null, "tgl_input": null, "tgl_update": null, "no_aset": null, "fid": 221, "context": "Ventile", "pelayanan": "Pelayanan Tampaksiring", "tgl_delete": null, "nama_dma": "3.5.2 DMA Pedapdapan", "no_bap": null, "subsitem": null, "tgl_asbuilt": null, "id_verifikasi": null, "sumber_data": null, "history": null, "petugas_input": null, "latitude": "-8.50922794109612", "longitude": "115.29301777782523", "verifikator": "I Nyoman Suarta, S.E." }, "geometry": { "type": "Point", "coordinates": [ 115.293017777825227, -8.509227941096119 ] } },
{ "type": "Feature", "properties": { "id": 459, "kode_zona": "SDN", "nama_zona": "Sidan", "diameter": null, "kondisi": "Baik", "merk": null, "lokasi": "Jl. Merdeka", "th_pasang": null, "elevasi": null, "tapping": null, "notes": null, "foto": null, "tgl_input": "2022-12-29", "tgl_update": "2022-12-29", "no_aset": 0.0, "fid": null, "context": "Ventile", "pelayanan": "Pelayanan Gianyar", "tgl_delete": null, "nama_dma": "1.8.4 DMA Sidan (Tengah)", "no_bap": null, "subsitem": null, "tgl_asbuilt": null, "id_verifikasi": null, "sumber_data": null, "history": null, "petugas_input": null, "latitude": "-8.535418729723013", "longitude": "115.3485154350107", "verifikator": "I Wayan Degug" }, "geometry": { "type": "Point", "coordinates": [ 115.348515435010697, -8.535418729723013 ] } },
{ "type": "Feature", "properties": { "id": 61, "kode_zona": null, "nama_zona": "Bedulu", "diameter": 150.0, "kondisi": "Baik", "merk": null, "lokasi": "Banjar Marga Bingung", "th_pasang": null, "elevasi": null, "tapping": null, "notes": null, "foto": null, "tgl_input": null, "tgl_update": "2022-06-01", "no_aset": 2.0, "fid": 207, "context": "Ventile", "pelayanan": "Pelayanan Blahbatuh", "tgl_delete": null, "nama_dma": "4.7.1 DMA Wanayu", "no_bap": null, "subsitem": null, "tgl_asbuilt": null, "id_verifikasi": null, "sumber_data": null, "history": null, "petugas_input": null, "latitude": "-8.526137881903004", "longitude": "115.29558660673038", "verifikator": "I Gede Parwata" }, "geometry": { "type": "Point", "coordinates": [ 115.295586606730382, -8.526137881903004 ] } },
{ "type": "Feature", "properties": { "id": 315, "kode_zona": null, "nama_zona": "Batubulan Kangin", "diameter": null, "kondisi": "Baik", "merk": null, "lokasi": "Jl. Bypass Prof. Ida Bagus Mantra", "th_pasang": null, "elevasi": null, "tapping": "50", "notes": null, "foto": null, "tgl_input": null, "tgl_update": null, "no_aset": null, "fid": 230, "context": "Ventile", "pelayanan": "Pelayanan Sukawati", "tgl_delete": null, "nama_dma": "2.3.3 DMA Petanu Ketewel", "no_bap": null, "subsitem": null, "tgl_asbuilt": null, "id_verifikasi": null, "sumber_data": null, "history": null, "petugas_input": null, "latitude": "-8.64355751076714", "longitude": "115.2774879361279", "verifikator": "I Kadek Heriawan" }, "geometry": { "type": "Point", "coordinates": [ 115.277487936127898, -8.64355751076714 ] } },
{ "type": "Feature", "properties": { "id": 63, "kode_zona": null, "nama_zona": "Pering", "diameter": null, "kondisi": "Baik", "merk": null, "lokasi": "Banjar Tojan", "th_pasang": null, "elevasi": null, "tapping": "15", "notes": null, "foto": null, "tgl_input": null, "tgl_update": null, "no_aset": null, "fid": 249, "context": "Ventile", "pelayanan": "Pelayanan Blahbatuh", "tgl_delete": null, "nama_dma": "4.3.3 DMA Perum ABRI II", "no_bap": null, "subsitem": null, "tgl_asbuilt": null, "id_verifikasi": null, "sumber_data": null, "history": null, "petugas_input": null, "latitude": "-8.583096938805138", "longitude": "115.30506233189958", "verifikator": "Gilang Mada Awiyat" }, "geometry": { "type": "Point", "coordinates": [ 115.305062331899578, -8.583096938805138 ] } },
{ "type": "Feature", "properties": { "id": 64, "kode_zona": null, "nama_zona": "Pering", "diameter": null, "kondisi": "Baik", "merk": null, "lokasi": "Banjar Tojan", "th_pasang": null, "elevasi": null, "tapping": "150", "notes": null, "foto": null, "tgl_input": null, "tgl_update": null, "no_aset": null, "fid": 250, "context": "Ventile", "pelayanan": "Pelayanan Blahbatuh", "tgl_delete": null, "nama_dma": "4.3.1 DMA Perangsada", "no_bap": null, "subsitem": null, "tgl_asbuilt": null, "id_verifikasi": null, "sumber_data": null, "history": null, "petugas_input": null, "latitude": "-8.58130927815842", "longitude": "115.30540786256991", "verifikator": "Gilang Mada Awiyat" }, "geometry": { "type": "Point", "coordinates": [ 115.305407862569908, -8.58130927815842 ] } },
{ "type": "Feature", "properties": { "id": 62, "kode_zona": null, "nama_zona": "Pering", "diameter": null, "kondisi": "Baik", "merk": null, "lokasi": "SB Pering", "th_pasang": null, "elevasi": null, "tapping": "150", "notes": null, "foto": null, "tgl_input": null, "tgl_update": null, "no_aset": null, "fid": 248, "context": "Ventile", "pelayanan": "Pelayanan Blahbatuh", "tgl_delete": null, "nama_dma": "4.3.1 DMA Perangsada", "no_bap": null, "subsitem": null, "tgl_asbuilt": null, "id_verifikasi": null, "sumber_data": null, "history": null, "petugas_input": null, "latitude": "-8.586659194739005", "longitude": "115.29849689367806", "verifikator": "Gilang Mada Awiyat" }, "geometry": { "type": "Point", "coordinates": [ 115.298496893678063, -8.586659194739005 ] } },
{ "type": "Feature", "properties": { "id": 296, "kode_zona": null, "nama_zona": "Kedewatan", "diameter": 1.0, "kondisi": "Baik", "merk": null, "lokasi": "JALAN BATU KURUNG", "th_pasang": null, "elevasi": null, "tapping": null, "notes": null, "foto": null, "tgl_input": null, "tgl_update": null, "no_aset": null, "fid": 212, "context": "Ventile", "pelayanan": "Pelayanan Ubud", "tgl_delete": "2025-04-16", "nama_dma": "5.1.2 DMA Bunutan", "no_bap": null, "subsitem": null, "tgl_asbuilt": null, "id_verifikasi": null, "sumber_data": null, "history": null, "petugas_input": null, "latitude": "-8.47266009782486", "longitude": "115.24753020789842", "verifikator": "I Wayan Eka Putrayasa" }, "geometry": { "type": "Point", "coordinates": [ 115.247530207898421, -8.472660097824861 ] } },
{ "type": "Feature", "properties": { "id": 298, "kode_zona": null, "nama_zona": "Kedewatan", "diameter": 250.0, "kondisi": "Baik", "merk": null, "lokasi": "DEPAN  YOUNG MART KEDEWATAN", "th_pasang": null, "elevasi": null, "tapping": null, "notes": null, "foto": null, "tgl_input": null, "tgl_update": null, "no_aset": null, "fid": 258, "context": "Ventile", "pelayanan": "Pelayanan Ubud", "tgl_delete": null, "nama_dma": "5.1.4 DMA Kedewatan", "no_bap": null, "subsitem": null, "tgl_asbuilt": null, "id_verifikasi": null, "sumber_data": null, "history": null, "petugas_input": null, "latitude": "-8.485470010372298", "longitude": "115.24623713530417", "verifikator": "I Wayan Eka Putrayasa" }, "geometry": { "type": "Point", "coordinates": [ 115.24623713530417, -8.485470010372298 ] } },
{ "type": "Feature", "properties": { "id": 301, "kode_zona": null, "nama_zona": "Madangan", "diameter": null, "kondisi": "Baik", "merk": null, "lokasi": "Jl. Babakan-Petak Kaja", "th_pasang": null, "elevasi": null, "tapping": "100", "notes": null, "foto": null, "tgl_input": null, "tgl_update": null, "no_aset": null, "fid": 214, "context": "Ventile", "pelayanan": "Pelayanan Gianyar", "tgl_delete": null, "nama_dma": "1.3.1 DMA Kabetan", "no_bap": null, "subsitem": null, "tgl_asbuilt": null, "id_verifikasi": null, "sumber_data": null, "history": null, "petugas_input": null, "latitude": "-8.486376209337863", "longitude": "115.32125863391502", "verifikator": "I Made Sutika Semarajaya" }, "geometry": { "type": "Point", "coordinates": [ 115.321258633915022, -8.486376209337863 ] } },
{ "type": "Feature", "properties": { "id": 304, "kode_zona": "TLG", "nama_zona": "Tegaltugu", "diameter": null, "kondisi": "Baik", "merk": null, "lokasi": "LINGKUNGAN TEGAL TUGU", "th_pasang": null, "elevasi": null, "tapping": "100", "notes": null, "foto": null, "tgl_input": null, "tgl_update": "2024-05-13", "no_aset": null, "fid": 217, "context": "Ventile", "pelayanan": "Pelayanan Gianyar", "tgl_delete": null, "nama_dma": "1.12.2 DMA Tegal Tugu", "no_bap": "0072\/BAP\/I\/V\/2024", "subsitem": null, "tgl_asbuilt": null, "id_verifikasi": null, "sumber_data": "BAP", "history": null, "petugas_input": null, "latitude": "-8.5530029110987", "longitude": "115.33539672974686", "verifikator": "I Wayan Degug" }, "geometry": { "type": "Point", "coordinates": [ 115.335396729746861, -8.5530029110987 ] } },
{ "type": "Feature", "properties": { "id": 305, "kode_zona": null, "nama_zona": "Tegaltugu", "diameter": 100.0, "kondisi": "Baik", "merk": null, "lokasi": "LINGKUNGAN TEGAL TUGU", "th_pasang": null, "elevasi": null, "tapping": "100", "notes": null, "foto": null, "tgl_input": null, "tgl_update": "2024-09-20", "no_aset": null, "fid": 218, "context": "Ventile", "pelayanan": "Pelayanan Gianyar", "tgl_delete": null, "nama_dma": "1.12.2 DMA Tegal Tugu", "no_bap": "0072\/BAP\/I\/IX\/2024", "subsitem": null, "tgl_asbuilt": null, "id_verifikasi": null, "sumber_data": "BAP", "history": null, "petugas_input": null, "latitude": "-8.561082518102694", "longitude": "115.33858442774358", "verifikator": "I Wayan Degug" }, "geometry": { "type": "Point", "coordinates": [ 115.338584427743584, -8.561082518102694 ] } },
{ "type": "Feature", "properties": { "id": 460, "kode_zona": "BLH", "nama_zona": "Blahpane", "diameter": null, "kondisi": "Baik", "merk": null, "lokasi": "BANJAR BLAHPANE KAJA", "th_pasang": null, "elevasi": null, "tapping": null, "notes": null, "foto": null, "tgl_input": "2022-12-29", "tgl_update": "2024-12-27", "no_aset": 0.0, "fid": null, "context": "Ventile", "pelayanan": "Pelayanan Gianyar", "tgl_delete": null, "nama_dma": "1.9.1 DMA Res. Blahpane Kaja", "no_bap": "0228\/BAP\/I\/XII\/2024", "subsitem": null, "tgl_asbuilt": null, "id_verifikasi": null, "sumber_data": "BAP", "history": null, "petugas_input": null, "latitude": "-8.523825555427047", "longitude": "115.35591292943036", "verifikator": "I Wayan Degug" }, "geometry": { "type": "Point", "coordinates": [ 115.35591292943036, -8.523825555427047 ] } },
{ "type": "Feature", "properties": { "id": 314, "kode_zona": null, "nama_zona": "Batubulan Kangin", "diameter": null, "kondisi": "Baik", "merk": null, "lokasi": "Banjar Akta", "th_pasang": null, "elevasi": null, "tapping": "100", "notes": null, "foto": null, "tgl_input": null, "tgl_update": null, "no_aset": null, "fid": 229, "context": "Ventile", "pelayanan": "Pelayanan Sukawati", "tgl_delete": null, "nama_dma": "2.3.3 DMA Petanu Ketewel", "no_bap": null, "subsitem": null, "tgl_asbuilt": null, "id_verifikasi": null, "sumber_data": null, "history": null, "petugas_input": null, "latitude": "-8.640640981313242", "longitude": "115.2709670369755", "verifikator": "I Kadek Heriawan" }, "geometry": { "type": "Point", "coordinates": [ 115.270967036975506, -8.640640981313242 ] } },
{ "type": "Feature", "properties": { "id": 316, "kode_zona": null, "nama_zona": "Batubulan Kangin", "diameter": null, "kondisi": "Baik", "merk": null, "lokasi": "Banjar Akta", "th_pasang": null, "elevasi": null, "tapping": "100", "notes": null, "foto": null, "tgl_input": null, "tgl_update": null, "no_aset": null, "fid": 231, "context": "Ventile", "pelayanan": "Pelayanan Sukawati", "tgl_delete": null, "nama_dma": "2.3.3 DMA Petanu Ketewel", "no_bap": null, "subsitem": null, "tgl_asbuilt": null, "id_verifikasi": null, "sumber_data": null, "history": null, "petugas_input": null, "latitude": "-8.63953176826443", "longitude": "115.27144146017613", "verifikator": "I Kadek Heriawan" }, "geometry": { "type": "Point", "coordinates": [ 115.271441460176135, -8.63953176826443 ] } },
{ "type": "Feature", "properties": { "id": 65, "kode_zona": null, "nama_zona": "Pering", "diameter": null, "kondisi": "Baik", "merk": null, "lokasi": "Banjar Tojan", "th_pasang": null, "elevasi": null, "tapping": "100", "notes": null, "foto": null, "tgl_input": null, "tgl_update": null, "no_aset": null, "fid": 251, "context": "Ventile", "pelayanan": "Pelayanan Blahbatuh", "tgl_delete": null, "nama_dma": "4.3.5 DMA Puskesmas Tojan 4", "no_bap": null, "subsitem": null, "tgl_asbuilt": null, "id_verifikasi": null, "sumber_data": null, "history": null, "petugas_input": null, "latitude": "-8.581518927963366", "longitude": "115.30671569062055", "verifikator": "Gilang Mada Awiyat" }, "geometry": { "type": "Point", "coordinates": [ 115.30671569062055, -8.581518927963366 ] } },
{ "type": "Feature", "properties": { "id": 60, "kode_zona": null, "nama_zona": "Kota Gianyar", "diameter": null, "kondisi": "Baik", "merk": null, "lokasi": "Timur Jembatan", "th_pasang": null, "elevasi": null, "tapping": "100", "notes": null, "foto": null, "tgl_input": null, "tgl_update": null, "no_aset": null, "fid": 206, "context": "Ventile", "pelayanan": "Pelayanan Gianyar", "tgl_delete": null, "nama_dma": "1.14.6 DMA SB Tedung", "no_bap": null, "subsitem": null, "tgl_asbuilt": null, "id_verifikasi": 165, "sumber_data": null, "history": null, "petugas_input": null, "latitude": "-8.570555990927469", "longitude": "115.32830884188962", "verifikator": "I Gede Parwata" }, "geometry": { "type": "Point", "coordinates": [ 115.328308841889623, -8.570555990927469 ] } },
{ "type": "Feature", "properties": { "id": 458, "kode_zona": "BLH", "nama_zona": "Blahpane", "diameter": null, "kondisi": "Baik", "merk": null, "lokasi": "Jl. Taman Bali", "th_pasang": null, "elevasi": null, "tapping": null, "notes": null, "foto": null, "tgl_input": "2022-12-29", "tgl_update": null, "no_aset": 0.0, "fid": null, "context": "Ventile", "pelayanan": "Pelayanan Gianyar", "tgl_delete": "2025-01-31", "nama_dma": "1.9.1 DMA Res. Blahpane Kaja", "no_bap": null, "subsitem": null, "tgl_asbuilt": null, "id_verifikasi": null, "sumber_data": null, "history": "Diverifikasi oleh Yande Juliarta", "petugas_input": null, "latitude": "-8.525470152837974", "longitude": "115.35598803128278", "verifikator": "I Wayan Degug" }, "geometry": { "type": "Point", "coordinates": [ 115.355988031282777, -8.525470152837974 ] } },
{ "type": "Feature", "properties": { "id": 303, "kode_zona": null, "nama_zona": "Tegaltugu", "diameter": null, "kondisi": "Baik", "merk": null, "lokasi": "Jl. Ratna", "th_pasang": null, "elevasi": null, "tapping": "100", "notes": null, "foto": null, "tgl_input": null, "tgl_update": null, "no_aset": null, "fid": 216, "context": "Ventile", "pelayanan": "Pelayanan Gianyar", "tgl_delete": null, "nama_dma": "1.12.2 DMA Tegal Tugu", "no_bap": null, "subsitem": null, "tgl_asbuilt": null, "id_verifikasi": null, "sumber_data": null, "history": null, "petugas_input": null, "latitude": "-8.545573446758063", "longitude": "115.3340337826507", "verifikator": "I Wayan Degug" }, "geometry": { "type": "Point", "coordinates": [ 115.334033782650707, -8.545573446758063 ] } },
{ "type": "Feature", "properties": { "id": 302, "kode_zona": null, "nama_zona": "Madangan", "diameter": null, "kondisi": "Baik", "merk": null, "lokasi": "Jl. Babakan-Petak Kaja", "th_pasang": null, "elevasi": null, "tapping": "100", "notes": null, "foto": null, "tgl_input": null, "tgl_update": null, "no_aset": null, "fid": 215, "context": "Ventile", "pelayanan": "Pelayanan Gianyar", "tgl_delete": null, "nama_dma": "1.3.3 DMA Ngenjung Sari", "no_bap": null, "subsitem": null, "tgl_asbuilt": null, "id_verifikasi": null, "sumber_data": null, "history": null, "petugas_input": null, "latitude": "-8.501965361019518", "longitude": "115.32274273478089", "verifikator": "I Made Sutika Semarajaya" }, "geometry": { "type": "Point", "coordinates": [ 115.322742734780888, -8.501965361019518 ] } },
{ "type": "Feature", "properties": { "id": 299, "kode_zona": null, "nama_zona": "Keliki", "diameter": 0.0, "kondisi": "Baik", "merk": null, "lokasi": "Jl. Raya Sebali", "th_pasang": null, "elevasi": null, "tapping": null, "notes": null, "foto": null, "tgl_input": null, "tgl_update": null, "no_aset": null, "fid": 210, "context": "Ventile", "pelayanan": "Pelayanan Tegallalang", "tgl_delete": null, "nama_dma": "6.4.1 DMA Keliki", "no_bap": null, "subsitem": null, "tgl_asbuilt": "2024-06-06", "id_verifikasi": null, "sumber_data": "ABD", "history": null, "petugas_input": null, "latitude": "-8.464334409789746", "longitude": "115.25975003493613", "verifikator": "I Wayan Sujarwa" }, "geometry": { "type": "Point", "coordinates": [ 115.259750034936133, -8.464334409789746 ] } },
{ "type": "Feature", "properties": { "id": 327, "kode_zona": null, "nama_zona": "Ubud Utara", "diameter": 2.0, "kondisi": "Baik", "merk": null, "lokasi": "Di pipa 3\" DMA petulu", "th_pasang": null, "elevasi": null, "tapping": null, "notes": null, "foto": null, "tgl_input": null, "tgl_update": null, "no_aset": null, "fid": 279, "context": "Ventile", "pelayanan": "Pelayanan Ubud", "tgl_delete": null, "nama_dma": "5.4.1 DMA Junjungan Utara (JDU)", "no_bap": null, "subsitem": null, "tgl_asbuilt": null, "id_verifikasi": null, "sumber_data": null, "history": null, "petugas_input": null, "latitude": "-8.470094391749583", "longitude": "115.27233652199854", "verifikator": "I Wayan Artawan" }, "geometry": { "type": "Point", "coordinates": [ 115.27233652199854, -8.470094391749583 ] } },
{ "type": "Feature", "properties": { "id": 328, "kode_zona": null, "nama_zona": "Ubud Utara", "diameter": 2.0, "kondisi": "Baik", "merk": null, "lokasi": "Utara DMA Junjungan di pipa 8\"", "th_pasang": null, "elevasi": null, "tapping": null, "notes": null, "foto": null, "tgl_input": null, "tgl_update": null, "no_aset": null, "fid": 280, "context": "Ventile", "pelayanan": "Pelayanan Ubud", "tgl_delete": null, "nama_dma": "5.4.1 DMA Junjungan Utara (JDU)", "no_bap": null, "subsitem": null, "tgl_asbuilt": null, "id_verifikasi": null, "sumber_data": null, "history": null, "petugas_input": null, "latitude": "-8.469040208323479", "longitude": "115.2718617637319", "verifikator": "I Wayan Artawan" }, "geometry": { "type": "Point", "coordinates": [ 115.271861763731906, -8.469040208323479 ] } },
{ "type": "Feature", "properties": { "id": 324, "kode_zona": null, "nama_zona": "Batubulan Kangin", "diameter": null, "kondisi": "Baik", "merk": null, "lokasi": "Barat Balai Banjar Puseh", "th_pasang": null, "elevasi": null, "tapping": "150", "notes": null, "foto": null, "tgl_input": null, "tgl_update": null, "no_aset": null, "fid": 240, "context": "Ventile", "pelayanan": "Pelayanan Sukawati", "tgl_delete": null, "nama_dma": "2.3.3 DMA Petanu Ketewel", "no_bap": null, "subsitem": null, "tgl_asbuilt": null, "id_verifikasi": null, "sumber_data": null, "history": null, "petugas_input": null, "latitude": "-8.625208699017362", "longitude": "115.28412211516157", "verifikator": "I Kadek Heriawan" }, "geometry": { "type": "Point", "coordinates": [ 115.284122115161566, -8.625208699017362 ] } },
{ "type": "Feature", "properties": { "id": 66, "kode_zona": null, "nama_zona": "Pering", "diameter": null, "kondisi": "Baik", "merk": null, "lokasi": "Banjar Tojan", "th_pasang": null, "elevasi": null, "tapping": "75", "notes": null, "foto": null, "tgl_input": null, "tgl_update": null, "no_aset": null, "fid": 252, "context": "Ventile", "pelayanan": "Pelayanan Blahbatuh", "tgl_delete": null, "nama_dma": "4.3.4 DMA Puskesmas Tojan 3", "no_bap": null, "subsitem": null, "tgl_asbuilt": null, "id_verifikasi": null, "sumber_data": null, "history": null, "petugas_input": null, "latitude": "-8.581451836637815", "longitude": "115.30676369613457", "verifikator": "Gilang Mada Awiyat" }, "geometry": { "type": "Point", "coordinates": [ 115.306763696134567, -8.581451836637815 ] } },
{ "type": "Feature", "properties": { "id": 345, "kode_zona": null, "nama_zona": null, "diameter": null, "kondisi": "Baik", "merk": null, "lokasi": null, "th_pasang": null, "elevasi": null, "tapping": null, "notes": null, "foto": null, "tgl_input": null, "tgl_update": null, "no_aset": null, "fid": 277, "context": "Ventile", "pelayanan": "Pelayanan Error", "tgl_delete": "2022-10-31", "nama_dma": "Deleted", "no_bap": null, "subsitem": null, "tgl_asbuilt": null, "id_verifikasi": null, "sumber_data": null, "history": null, "petugas_input": null, "latitude": null, "longitude": null, "verifikator": null }, "geometry": null },
{ "type": "Feature", "properties": { "id": 329, "kode_zona": null, "nama_zona": "Ubud Utara", "diameter": 2.0, "kondisi": "Baik", "merk": null, "lokasi": "Petulu", "th_pasang": null, "elevasi": null, "tapping": null, "notes": null, "foto": null, "tgl_input": null, "tgl_update": null, "no_aset": null, "fid": 281, "context": "Ventile", "pelayanan": "Pelayanan Ubud", "tgl_delete": "2025-04-16", "nama_dma": "5.4.2 DMA Petulu", "no_bap": null, "subsitem": null, "tgl_asbuilt": null, "id_verifikasi": null, "sumber_data": null, "history": null, "petugas_input": null, "latitude": "-8.470029673461502", "longitude": "115.27347326833994", "verifikator": "I Wayan Artawan" }, "geometry": { "type": "Point", "coordinates": [ 115.273473268339941, -8.470029673461502 ] } },
{ "type": "Feature", "properties": { "id": 330, "kode_zona": null, "nama_zona": "Kota Ubud", "diameter": 1.0, "kondisi": "Baik", "merk": null, "lokasi": "Utara pr dalem puri", "th_pasang": null, "elevasi": null, "tapping": null, "notes": null, "foto": null, "tgl_input": null, "tgl_update": null, "no_aset": null, "fid": 282, "context": "Ventile", "pelayanan": "Pelayanan Ubud", "tgl_delete": null, "nama_dma": "5.3.4 DMA Tebesaya", "no_bap": null, "subsitem": null, "tgl_asbuilt": null, "id_verifikasi": null, "sumber_data": null, "history": null, "petugas_input": null, "latitude": "-8.509028817312403", "longitude": "115.26953842989526", "verifikator": "I Wayan Artawan" }, "geometry": { "type": "Point", "coordinates": [ 115.269538429895263, -8.509028817312403 ] } },
{ "type": "Feature", "properties": { "id": 342, "kode_zona": null, "nama_zona": "Serongga", "diameter": null, "kondisi": "Baik", "merk": null, "lokasi": "Jl. Sakura", "th_pasang": null, "elevasi": null, "tapping": "150", "notes": null, "foto": null, "tgl_input": null, "tgl_update": "2025-05-28", "no_aset": null, "fid": 269, "context": "Ventile", "pelayanan": "Pelayanan Gianyar", "tgl_delete": null, "nama_dma": "1.13.1 DMA Serongga", "no_bap": "0002\/BAP\/I\/V\/2025", "subsitem": null, "tgl_asbuilt": null, "id_verifikasi": null, "sumber_data": "BAP", "history": null, "petugas_input": null, "latitude": "-8.55344969699306", "longitude": "115.33261462486489", "verifikator": "Dewa Ketut Arsana" }, "geometry": { "type": "Point", "coordinates": [ 115.332614624864888, -8.553449696993059 ] } },
{ "type": "Feature", "properties": { "id": 347, "kode_zona": null, "nama_zona": "Beng", "diameter": 0.0, "kondisi": "Baik", "merk": null, "lokasi": "Jl. Gunung Agung", "th_pasang": null, "elevasi": null, "tapping": "200", "notes": null, "foto": null, "tgl_input": null, "tgl_update": "2025-01-31", "no_aset": null, "fid": 300, "context": "Ventile", "pelayanan": "Pelayanan Gianyar", "tgl_delete": null, "nama_dma": "1.6.6 DMA Beng Utara", "no_bap": null, "subsitem": null, "tgl_asbuilt": null, "id_verifikasi": null, "sumber_data": null, "history": "2025-01-31 Memperbaiki data nama_dma disesuaikan dengan posisi DMA area atau poligon DMA menjadi 1.6.5 DMA Beng Utara", "petugas_input": null, "latitude": "-8.52070157826709", "longitude": "115.32990706934582", "verifikator": "Dewa Ketut Arsana" }, "geometry": { "type": "Point", "coordinates": [ 115.329907069345822, -8.52070157826709 ] } },
{ "type": "Feature", "properties": { "id": 465, "kode_zona": "TLK", "nama_zona": "Tulikup", "diameter": null, "kondisi": "Baik", "merk": null, "lokasi": "Banjar Menak", "th_pasang": null, "elevasi": null, "tapping": null, "notes": null, "foto": null, "tgl_input": "2022-12-29", "tgl_update": "2022-12-29", "no_aset": 0.0, "fid": null, "context": "Ventile", "pelayanan": "Pelayanan Gianyar", "tgl_delete": null, "nama_dma": "1.10.3 DMA Meranggi", "no_bap": null, "subsitem": null, "tgl_asbuilt": null, "id_verifikasi": null, "sumber_data": null, "history": null, "petugas_input": null, "latitude": "-8.546235150168236", "longitude": "115.35920729101561", "verifikator": "I Wayan Degug" }, "geometry": { "type": "Point", "coordinates": [ 115.359207291015608, -8.546235150168236 ] } },
{ "type": "Feature", "properties": { "id": 462, "kode_zona": "BKJ", "nama_zona": "Bukit Jati", "diameter": null, "kondisi": "Baik", "merk": null, "lokasi": "Barat Balai Banjar Bukit Jangkrik", "th_pasang": null, "elevasi": null, "tapping": null, "notes": null, "foto": null, "tgl_input": "2022-12-29", "tgl_update": "2022-12-29", "no_aset": 0.0, "fid": null, "context": "Ventile", "pelayanan": "Pelayanan Gianyar", "tgl_delete": null, "nama_dma": "1.11.2 DMA Res. Bukit Jati", "no_bap": null, "subsitem": null, "tgl_asbuilt": null, "id_verifikasi": null, "sumber_data": null, "history": null, "petugas_input": null, "latitude": "-8.530572800324922", "longitude": "115.34481315274122", "verifikator": "I Wayan Degug" }, "geometry": { "type": "Point", "coordinates": [ 115.344813152741224, -8.530572800324922 ] } },
{ "type": "Feature", "properties": { "id": 346, "kode_zona": null, "nama_zona": "Serongga", "diameter": null, "kondisi": "Baik", "merk": null, "lokasi": "SDN Lebih Duur Kaja", "th_pasang": null, "elevasi": null, "tapping": null, "notes": null, "foto": null, "tgl_input": null, "tgl_update": null, "no_aset": null, "fid": 290, "context": "Ventile", "pelayanan": "Pelayanan Gianyar", "tgl_delete": null, "nama_dma": "1.13.4 DMA PRV Duur Kaja Lebih", "no_bap": null, "subsitem": null, "tgl_asbuilt": null, "id_verifikasi": null, "sumber_data": null, "history": null, "petugas_input": null, "latitude": "-8.568991733808266", "longitude": "115.34763960863772", "verifikator": "Dewa Ketut Arsana" }, "geometry": { "type": "Point", "coordinates": [ 115.347639608637721, -8.568991733808266 ] } },
{ "type": "Feature", "properties": { "id": 463, "kode_zona": "SDN", "nama_zona": "Sidan", "diameter": null, "kondisi": "Baik", "merk": null, "lokasi": "Barat Balai Banjar Bukit Sari", "th_pasang": null, "elevasi": null, "tapping": null, "notes": null, "foto": null, "tgl_input": "2022-12-29", "tgl_update": "2022-12-29", "no_aset": 0.0, "fid": null, "context": "Ventile", "pelayanan": "Pelayanan Gianyar", "tgl_delete": "2025-01-07", "nama_dma": "1.8.1 DMA Dukuh", "no_bap": null, "subsitem": null, "tgl_asbuilt": null, "id_verifikasi": null, "sumber_data": null, "history": null, "petugas_input": null, "latitude": "-8.525872164637574", "longitude": "115.34885716848966", "verifikator": "I Wayan Degug" }, "geometry": { "type": "Point", "coordinates": [ 115.348857168489658, -8.525872164637574 ] } },
{ "type": "Feature", "properties": { "id": 461, "kode_zona": "BKJ", "nama_zona": "Bukit Jati", "diameter": null, "kondisi": "Baik", "merk": null, "lokasi": "SELATAN PURA DALEM BUKIT BATU SAMPLANGAN", "th_pasang": null, "elevasi": null, "tapping": null, "notes": null, "foto": null, "tgl_input": "2022-12-29", "tgl_update": "2024-08-28", "no_aset": 0.0, "fid": null, "context": "Ventile", "pelayanan": "Pelayanan Gianyar", "tgl_delete": null, "nama_dma": "1.11.2 DMA Res. Bukit Jati", "no_bap": "0303\/BAP\/I\/VIII\/2024", "subsitem": null, "tgl_asbuilt": null, "id_verifikasi": null, "sumber_data": "BAP", "history": null, "petugas_input": null, "latitude": "-8.531309839837832", "longitude": "115.34112325225823", "verifikator": "I Wayan Degug" }, "geometry": { "type": "Point", "coordinates": [ 115.341123252258228, -8.531309839837832 ] } },
{ "type": "Feature", "properties": { "id": 68, "kode_zona": null, "nama_zona": "Pering", "diameter": null, "kondisi": "Baik", "merk": null, "lokasi": "Banjar Tojan", "th_pasang": null, "elevasi": null, "tapping": "100", "notes": null, "foto": null, "tgl_input": null, "tgl_update": null, "no_aset": null, "fid": 254, "context": "Ventile", "pelayanan": "Pelayanan Blahbatuh", "tgl_delete": null, "nama_dma": "4.3.5 DMA Puskesmas Tojan 4", "no_bap": null, "subsitem": null, "tgl_asbuilt": null, "id_verifikasi": null, "sumber_data": null, "history": null, "petugas_input": null, "latitude": "-8.580852685688185", "longitude": "115.31069283066533", "verifikator": "Gilang Mada Awiyat" }, "geometry": { "type": "Point", "coordinates": [ 115.310692830665332, -8.580852685688185 ] } },
{ "type": "Feature", "properties": { "id": 76, "kode_zona": null, "nama_zona": "Keramas", "diameter": null, "kondisi": "Baik", "merk": null, "lokasi": "Timur Gusti Lebah", "th_pasang": null, "elevasi": null, "tapping": null, "notes": null, "foto": null, "tgl_input": null, "tgl_update": null, "no_aset": null, "fid": 273, "context": "Ventile", "pelayanan": "Pelayanan Blahbatuh", "tgl_delete": null, "nama_dma": "4.4.1 DMA Maspahit (suplai SB Keramas)", "no_bap": null, "subsitem": null, "tgl_asbuilt": null, "id_verifikasi": null, "sumber_data": null, "history": null, "petugas_input": null, "latitude": "-8.573876552203863", "longitude": "115.32860961938549", "verifikator": "I Gede Parwata" }, "geometry": { "type": "Point", "coordinates": [ 115.328609619385489, -8.573876552203863 ] } },
{ "type": "Feature", "properties": { "id": 337, "kode_zona": null, "nama_zona": "Kedewatan", "diameter": 2.0, "kondisi": "Baik", "merk": null, "lokasi": "Depan klinik BMC jln raya Lungsiakan.", "th_pasang": null, "elevasi": null, "tapping": null, "notes": null, "foto": null, "tgl_input": null, "tgl_update": "2025-01-31", "no_aset": null, "fid": 316, "context": "Ventile", "pelayanan": "Pelayanan Ubud", "tgl_delete": null, "nama_dma": "5.1.4 DMA Kedewatan", "no_bap": null, "subsitem": null, "tgl_asbuilt": null, "id_verifikasi": null, "sumber_data": null, "history": "2025-01-31 Memperbaiki data nama_dma disesuaikan dengan posisi DMA area atau poligon DMA menjadi 5.1.4 DMA Kedewatan", "petugas_input": null, "latitude": "-8.487703161790746", "longitude": "115.2538533185622", "verifikator": "I Wayan Eka Putrayasa" }, "geometry": { "type": "Point", "coordinates": [ 115.253853318562193, -8.487703161790746 ] } },
{ "type": "Feature", "properties": { "id": 338, "kode_zona": null, "nama_zona": "Kedewatan", "diameter": 2.0, "kondisi": "Baik", "merk": null, "lokasi": "Selatan puri bunga", "th_pasang": null, "elevasi": null, "tapping": null, "notes": null, "foto": null, "tgl_input": null, "tgl_update": null, "no_aset": null, "fid": 320, "context": "Ventile", "pelayanan": "Pelayanan Ubud", "tgl_delete": null, "nama_dma": "5.1.4 DMA Kedewatan", "no_bap": null, "subsitem": null, "tgl_asbuilt": null, "id_verifikasi": null, "sumber_data": null, "history": null, "petugas_input": null, "latitude": "-8.480584456855736", "longitude": "115.24715761420116", "verifikator": "I Wayan Eka Putrayasa" }, "geometry": { "type": "Point", "coordinates": [ 115.247157614201157, -8.480584456855736 ] } },
{ "type": "Feature", "properties": { "id": 67, "kode_zona": null, "nama_zona": "Pering", "diameter": null, "kondisi": "Baik", "merk": null, "lokasi": "Banjar Tojan", "th_pasang": null, "elevasi": null, "tapping": "75", "notes": null, "foto": null, "tgl_input": null, "tgl_update": null, "no_aset": null, "fid": 253, "context": "Ventile", "pelayanan": "Pelayanan Blahbatuh", "tgl_delete": null, "nama_dma": "4.3.4 DMA Puskesmas Tojan 3", "no_bap": null, "subsitem": null, "tgl_asbuilt": null, "id_verifikasi": null, "sumber_data": null, "history": null, "petugas_input": null, "latitude": "-8.580796491084739", "longitude": "115.31071101797765", "verifikator": "Gilang Mada Awiyat" }, "geometry": { "type": "Point", "coordinates": [ 115.310711017977653, -8.580796491084739 ] } },
{ "type": "Feature", "properties": { "id": 70, "kode_zona": null, "nama_zona": "Pering", "diameter": null, "kondisi": "Baik", "merk": null, "lokasi": "Banjar Tojan", "th_pasang": null, "elevasi": null, "tapping": "75", "notes": null, "foto": null, "tgl_input": null, "tgl_update": "2024-11-27", "no_aset": null, "fid": 259, "context": "Ventile", "pelayanan": "Pelayanan Blahbatuh", "tgl_delete": "2024-11-27", "nama_dma": "4.3.1 DMA Perangsada", "no_bap": null, "subsitem": null, "tgl_asbuilt": null, "id_verifikasi": null, "sumber_data": null, "history": null, "petugas_input": null, "latitude": "-8.575610070802536", "longitude": "115.30432706399165", "verifikator": "Gilang Mada Awiyat" }, "geometry": { "type": "Point", "coordinates": [ 115.30432706399165, -8.575610070802536 ] } },
{ "type": "Feature", "properties": { "id": 71, "kode_zona": null, "nama_zona": "Pering", "diameter": null, "kondisi": "Baik", "merk": null, "lokasi": "Banjar Tojan", "th_pasang": null, "elevasi": null, "tapping": "100", "notes": null, "foto": null, "tgl_input": null, "tgl_update": null, "no_aset": null, "fid": 260, "context": "Ventile", "pelayanan": "Pelayanan Blahbatuh", "tgl_delete": null, "nama_dma": "4.3.1 DMA Perangsada", "no_bap": null, "subsitem": null, "tgl_asbuilt": null, "id_verifikasi": null, "sumber_data": null, "history": null, "petugas_input": null, "latitude": "-8.575789009786673", "longitude": "115.30321377783388", "verifikator": "Gilang Mada Awiyat" }, "geometry": { "type": "Point", "coordinates": [ 115.303213777833875, -8.575789009786673 ] } },
{ "type": "Feature", "properties": { "id": 69, "kode_zona": null, "nama_zona": "Pering", "diameter": null, "kondisi": "Baik", "merk": null, "lokasi": "Banjar Pinda", "th_pasang": null, "elevasi": null, "tapping": "50", "notes": null, "foto": null, "tgl_input": null, "tgl_update": null, "no_aset": null, "fid": 257, "context": "Ventile", "pelayanan": "Pelayanan Blahbatuh", "tgl_delete": null, "nama_dma": "4.3.5 DMA Puskesmas Tojan 4", "no_bap": null, "subsitem": null, "tgl_asbuilt": null, "id_verifikasi": null, "sumber_data": null, "history": null, "petugas_input": null, "latitude": "-8.580867137276497", "longitude": "115.31565985565845", "verifikator": "Gilang Mada Awiyat" }, "geometry": { "type": "Point", "coordinates": [ 115.315659855658453, -8.580867137276497 ] } },
{ "type": "Feature", "properties": { "id": 74, "kode_zona": null, "nama_zona": "Keramas", "diameter": null, "kondisi": "Baik", "merk": null, "lokasi": "Jl. Segara Wilis", "th_pasang": null, "elevasi": null, "tapping": "75", "notes": null, "foto": null, "tgl_input": null, "tgl_update": null, "no_aset": null, "fid": 270, "context": "Ventile", "pelayanan": "Pelayanan Blahbatuh", "tgl_delete": "2024-11-27", "nama_dma": "4.4.6 DMA Dayang", "no_bap": null, "subsitem": null, "tgl_asbuilt": null, "id_verifikasi": null, "sumber_data": null, "history": "2025-01-31 Memperbaiki data nama_dma disesuaikan dengan posisi DMA area atau poligon DMA menjadi 4.6.4 DMA Selat  Bona", "petugas_input": null, "latitude": "-8.578018443283048", "longitude": "115.32060357592509", "verifikator": "I Gede Parwata" }, "geometry": { "type": "Point", "coordinates": [ 115.320603575925091, -8.578018443283048 ] } },
{ "type": "Feature", "properties": { "id": 343, "kode_zona": null, "nama_zona": "Serongga", "diameter": null, "kondisi": "Baik", "merk": null, "lokasi": "Jl. Raya Pantai Lebih", "th_pasang": null, "elevasi": null, "tapping": null, "notes": null, "foto": null, "tgl_input": null, "tgl_update": null, "no_aset": null, "fid": 275, "context": "Ventile", "pelayanan": "Pelayanan Gianyar", "tgl_delete": null, "nama_dma": "1.13.2 DMA Kesian", "no_bap": null, "subsitem": null, "tgl_asbuilt": null, "id_verifikasi": null, "sumber_data": null, "history": null, "petugas_input": null, "latitude": "-8.566064834713238", "longitude": "115.34411675364069", "verifikator": "Dewa Ketut Arsana" }, "geometry": { "type": "Point", "coordinates": [ 115.344116753640691, -8.566064834713238 ] } },
{ "type": "Feature", "properties": { "id": 344, "kode_zona": null, "nama_zona": "Serongga", "diameter": null, "kondisi": "Baik", "merk": null, "lokasi": "Jl. Raya Pantai Lebih", "th_pasang": null, "elevasi": null, "tapping": null, "notes": null, "foto": null, "tgl_input": null, "tgl_update": null, "no_aset": null, "fid": 276, "context": "Ventile", "pelayanan": "Pelayanan Gianyar", "tgl_delete": null, "nama_dma": "1.13.2 DMA Kesian", "no_bap": null, "subsitem": null, "tgl_asbuilt": null, "id_verifikasi": null, "sumber_data": null, "history": null, "petugas_input": null, "latitude": "-8.566791040729624", "longitude": "115.34546088253178", "verifikator": "Dewa Ketut Arsana" }, "geometry": { "type": "Point", "coordinates": [ 115.345460882531782, -8.566791040729624 ] } },
{ "type": "Feature", "properties": { "id": 341, "kode_zona": null, "nama_zona": "Serongga", "diameter": null, "kondisi": "Baik", "merk": null, "lokasi": "SB Serongga", "th_pasang": null, "elevasi": null, "tapping": null, "notes": null, "foto": null, "tgl_input": null, "tgl_update": null, "no_aset": null, "fid": 268, "context": "Ventile", "pelayanan": "Pelayanan Gianyar", "tgl_delete": null, "nama_dma": "1.13.1 DMA Serongga", "no_bap": null, "subsitem": null, "tgl_asbuilt": null, "id_verifikasi": null, "sumber_data": null, "history": null, "petugas_input": null, "latitude": "-8.557327979641213", "longitude": "115.33415253206714", "verifikator": "Dewa Ketut Arsana" }, "geometry": { "type": "Point", "coordinates": [ 115.334152532067137, -8.557327979641213 ] } },
{ "type": "Feature", "properties": { "id": 326, "kode_zona": null, "nama_zona": "Kedewatan", "diameter": null, "kondisi": "Baik", "merk": null, "lokasi": "Banjar Payogan", "th_pasang": null, "elevasi": null, "tapping": null, "notes": null, "foto": null, "tgl_input": null, "tgl_update": null, "no_aset": null, "fid": 267, "context": "Ventile", "pelayanan": "Pelayanan Ubud", "tgl_delete": null, "nama_dma": "5.1.3 DMA Payogan", "no_bap": null, "subsitem": null, "tgl_asbuilt": null, "id_verifikasi": null, "sumber_data": null, "history": null, "petugas_input": null, "latitude": "-8.480697308252891", "longitude": "115.25025238953239", "verifikator": "I Wayan Eka Putrayasa" }, "geometry": { "type": "Point", "coordinates": [ 115.250252389532392, -8.480697308252891 ] } },
{ "type": "Feature", "properties": { "id": 75, "kode_zona": null, "nama_zona": "Keramas", "diameter": null, "kondisi": "Baik", "merk": null, "lokasi": "SB Keramas", "th_pasang": null, "elevasi": null, "tapping": "100", "notes": null, "foto": null, "tgl_input": null, "tgl_update": null, "no_aset": null, "fid": 272, "context": "Ventile", "pelayanan": "Pelayanan Blahbatuh", "tgl_delete": null, "nama_dma": "4.4.1 DMA Maspahit (suplai SB Keramas)", "no_bap": null, "subsitem": null, "tgl_asbuilt": null, "id_verifikasi": null, "sumber_data": null, "history": null, "petugas_input": null, "latitude": "-8.571873751010841", "longitude": "115.32687251301961", "verifikator": "I Gede Parwata" }, "geometry": { "type": "Point", "coordinates": [ 115.326872513019609, -8.571873751010841 ] } },
{ "type": "Feature", "properties": { "id": 468, "kode_zona": "BLH", "nama_zona": "Blahpane", "diameter": null, "kondisi": "Baik", "merk": null, "lokasi": "Barat Balai Banjar Blahpane Kelod", "th_pasang": null, "elevasi": null, "tapping": null, "notes": null, "foto": null, "tgl_input": "2022-12-29", "tgl_update": "2022-12-29", "no_aset": 0.0, "fid": null, "context": "Ventile", "pelayanan": "Pelayanan Gianyar", "tgl_delete": null, "nama_dma": "1.9.1 DMA Res. Blahpane Kaja", "no_bap": null, "subsitem": null, "tgl_asbuilt": null, "id_verifikasi": null, "sumber_data": null, "history": null, "petugas_input": null, "latitude": "-8.531037520860707", "longitude": "115.35718223143243", "verifikator": "I Wayan Degug" }, "geometry": { "type": "Point", "coordinates": [ 115.357182231432432, -8.531037520860707 ] } },
{ "type": "Feature", "properties": { "id": 360, "kode_zona": null, "nama_zona": "Ubud Utara", "diameter": 1.0, "kondisi": "Baik", "merk": null, "lokasi": "Jaba pura desa bentuyung", "th_pasang": null, "elevasi": null, "tapping": null, "notes": null, "foto": null, "tgl_input": null, "tgl_update": null, "no_aset": null, "fid": 332, "context": "Ventile", "pelayanan": "Pelayanan Ubud", "tgl_delete": null, "nama_dma": "5.4.3 DMA Bentuyung", "no_bap": null, "subsitem": null, "tgl_asbuilt": null, "id_verifikasi": null, "sumber_data": null, "history": null, "petugas_input": null, "latitude": "-8.476122858058451", "longitude": "115.26777302001875", "verifikator": "I Wayan Artawan" }, "geometry": { "type": "Point", "coordinates": [ 115.267773020018751, -8.476122858058451 ] } },
{ "type": "Feature", "properties": { "id": 388, "kode_zona": null, "nama_zona": "Puhu", "diameter": null, "kondisi": "Baik", "merk": "CI", "lokasi": "Selatan Balai Banjar Semaon", "th_pasang": "2019", "elevasi": null, "tapping": null, "notes": null, "foto": null, "tgl_input": "2022-05-27", "tgl_update": "2022-05-27", "no_aset": 7.0, "fid": 378, "context": "Ventile", "pelayanan": "Pelayanan Payangan", "tgl_delete": null, "nama_dma": "7.2.4 DMA Semaon", "no_bap": null, "subsitem": null, "tgl_asbuilt": null, "id_verifikasi": null, "sumber_data": null, "history": null, "petugas_input": null, "latitude": "-8.401705242035225", "longitude": "115.24795287663024", "verifikator": "I Made Darsana" }, "geometry": { "type": "Point", "coordinates": [ 115.247952876630237, -8.401705242035225 ] } },
{ "type": "Feature", "properties": { "id": 377, "kode_zona": null, "nama_zona": "Batubulan Kangin", "diameter": 1.0, "kondisi": "Baik", "merk": null, "lokasi": "Jl. Dharma Wangsa", "th_pasang": null, "elevasi": null, "tapping": null, "notes": null, "foto": null, "tgl_input": null, "tgl_update": null, "no_aset": null, "fid": 349, "context": "Ventile", "pelayanan": "Pelayanan Sukawati", "tgl_delete": null, "nama_dma": "2.3.1 DMA Tampad", "no_bap": null, "subsitem": null, "tgl_asbuilt": null, "id_verifikasi": null, "sumber_data": null, "history": null, "petugas_input": null, "latitude": "-8.614965314920465", "longitude": "115.28019274139817", "verifikator": "I Kadek Heriawan" }, "geometry": { "type": "Point", "coordinates": [ 115.280192741398167, -8.614965314920465 ] } },
{ "type": "Feature", "properties": { "id": 381, "kode_zona": null, "nama_zona": "Lodtunduh", "diameter": null, "kondisi": "Baik", "merk": null, "lokasi": "Jl. Raya Mas", "th_pasang": null, "elevasi": null, "tapping": "100", "notes": null, "foto": null, "tgl_input": null, "tgl_update": null, "no_aset": null, "fid": 375, "context": "Ventile", "pelayanan": "Pelayanan Ubud", "tgl_delete": "2025-03-03", "nama_dma": "5.6.1 DMA Lodtunduh Timur", "no_bap": null, "subsitem": null, "tgl_asbuilt": null, "id_verifikasi": null, "sumber_data": null, "history": null, "petugas_input": null, "latitude": "-8.548021178939967", "longitude": "115.27241849169354", "verifikator": "I Wayan Eka Putrayasa" }, "geometry": { "type": "Point", "coordinates": [ 115.272418491693543, -8.548021178939967 ] } },
{ "type": "Feature", "properties": { "id": 382, "kode_zona": null, "nama_zona": "Sayan", "diameter": null, "kondisi": "Baik", "merk": null, "lokasi": "Jl. Raya Tebongkang", "th_pasang": null, "elevasi": null, "tapping": null, "notes": null, "foto": null, "tgl_input": "2022-05-31", "tgl_update": "2022-05-31", "no_aset": null, "fid": 380, "context": "Ventile", "pelayanan": "Pelayanan Ubud", "tgl_delete": null, "nama_dma": "5.2.3 DMA Singakerta", "no_bap": null, "subsitem": null, "tgl_asbuilt": null, "id_verifikasi": null, "sumber_data": null, "history": null, "petugas_input": null, "latitude": "-8.527555578362039", "longitude": "115.24352337296581", "verifikator": "I Wayan Eka Putrayasa" }, "geometry": { "type": "Point", "coordinates": [ 115.243523372965811, -8.527555578362039 ] } },
{ "type": "Feature", "properties": { "id": 361, "kode_zona": null, "nama_zona": "Ubud Utara", "diameter": 1.0, "kondisi": "Baik", "merk": null, "lokasi": "Sebelah SD Bentuyung", "th_pasang": null, "elevasi": null, "tapping": null, "notes": null, "foto": null, "tgl_input": null, "tgl_update": null, "no_aset": null, "fid": 333, "context": "Ventile", "pelayanan": "Pelayanan Ubud", "tgl_delete": null, "nama_dma": "5.4.3 DMA Bentuyung", "no_bap": null, "subsitem": null, "tgl_asbuilt": null, "id_verifikasi": null, "sumber_data": null, "history": null, "petugas_input": null, "latitude": "-8.480181176748934", "longitude": "115.26586660255475", "verifikator": "I Wayan Artawan" }, "geometry": { "type": "Point", "coordinates": [ 115.265866602554752, -8.480181176748934 ] } },
{ "type": "Feature", "properties": { "id": 363, "kode_zona": null, "nama_zona": "Kota Ubud", "diameter": 2.0, "kondisi": "Baik", "merk": null, "lokasi": "Air valve di pipa 8\" jln raya ubud depan Gst Nym Lempad painter", "th_pasang": null, "elevasi": null, "tapping": null, "notes": null, "foto": null, "tgl_input": null, "tgl_update": null, "no_aset": null, "fid": 335, "context": "Ventile", "pelayanan": "Pelayanan Ubud", "tgl_delete": null, "nama_dma": "5.3.1 DMA Kota Campuhan 8", "no_bap": null, "subsitem": null, "tgl_asbuilt": null, "id_verifikasi": null, "sumber_data": null, "history": null, "petugas_input": null, "latitude": "-8.50759523038725", "longitude": "115.26410064385306", "verifikator": "I Wayan Artawan" }, "geometry": { "type": "Point", "coordinates": [ 115.264100643853055, -8.507595230387251 ] } },
{ "type": "Feature", "properties": { "id": 364, "kode_zona": null, "nama_zona": "Kota Ubud", "diameter": 1.0, "kondisi": "Baik", "merk": null, "lokasi": "Ventil 1\" di pipa distribusi 2\" barat SMP 1 ubud", "th_pasang": null, "elevasi": null, "tapping": null, "notes": null, "foto": null, "tgl_input": null, "tgl_update": null, "no_aset": null, "fid": 336, "context": "Ventile", "pelayanan": "Pelayanan Ubud", "tgl_delete": null, "nama_dma": "5.3.1 DMA Kota Campuhan 8", "no_bap": null, "subsitem": null, "tgl_asbuilt": null, "id_verifikasi": null, "sumber_data": null, "history": null, "petugas_input": null, "latitude": "-8.505962609622925", "longitude": "115.25919896493633", "verifikator": "I Wayan Artawan" }, "geometry": { "type": "Point", "coordinates": [ 115.259198964936331, -8.505962609622925 ] } },
{ "type": "Feature", "properties": { "id": 365, "kode_zona": null, "nama_zona": "Kota Ubud", "diameter": 1.0, "kondisi": "Baik", "merk": null, "lokasi": "Ventil 1\" dipipa distribusi 8\" depan puru mumbul ubud", "th_pasang": null, "elevasi": null, "tapping": null, "notes": null, "foto": null, "tgl_input": null, "tgl_update": null, "no_aset": null, "fid": 337, "context": "Ventile", "pelayanan": "Pelayanan Ubud", "tgl_delete": null, "nama_dma": "5.3.1 DMA Kota Campuhan 8", "no_bap": null, "subsitem": null, "tgl_asbuilt": null, "id_verifikasi": null, "sumber_data": null, "history": null, "petugas_input": null, "latitude": "-8.506316137604896", "longitude": "115.26118766526466", "verifikator": "I Wayan Artawan" }, "geometry": { "type": "Point", "coordinates": [ 115.261187665264657, -8.506316137604896 ] } },
{ "type": "Feature", "properties": { "id": 366, "kode_zona": null, "nama_zona": "Kota Tegallalang", "diameter": 1.0, "kondisi": "Baik", "merk": "BERMAD", "lokasi": "DEPAN KSU BANJAR GAGAH", "th_pasang": "2019", "elevasi": null, "tapping": "50", "notes": null, "foto": "https:\/\/www.google.com\/maps\/@-8.4428702,115.2788697,3a,75y,79.27h,88.01t\/data=!3m6!1e1!3m4!1sIzt_tR_wbYi0DX9PqK3QUw!2e0!7i16384!8i8192", "tgl_input": null, "tgl_update": null, "no_aset": null, "fid": 359, "context": "Ventile", "pelayanan": "Pelayanan Tegallalang", "tgl_delete": null, "nama_dma": "6.3.1 DMA Gagah", "no_bap": null, "subsitem": null, "tgl_asbuilt": "2024-06-06", "id_verifikasi": null, "sumber_data": "ABD", "history": null, "petugas_input": null, "latitude": "-8.442844346459955", "longitude": "115.27900429768889", "verifikator": "I Wayan Sujarwa" }, "geometry": { "type": "Point", "coordinates": [ 115.279004297688886, -8.442844346459955 ] } },
{ "type": "Feature", "properties": { "id": 367, "kode_zona": null, "nama_zona": "Kerta", "diameter": null, "kondisi": "Baik", "merk": null, "lokasi": "Timur Hutan Lindung Marga Tengah", "th_pasang": null, "elevasi": 926.0, "tapping": null, "notes": null, "foto": null, "tgl_input": null, "tgl_update": null, "no_aset": 1.0, "fid": 326, "context": "Ventile", "pelayanan": "Pelayanan Payangan", "tgl_delete": null, "nama_dma": "7.1.2 DMA Kerta Barat", "no_bap": null, "subsitem": null, "tgl_asbuilt": null, "id_verifikasi": null, "sumber_data": null, "history": null, "petugas_input": null, "latitude": "-8.323692421552598", "longitude": "115.27851559094951", "verifikator": "I Made Darsana" }, "geometry": { "type": "Point", "coordinates": [ 115.27851559094951, -8.323692421552598 ] } },
{ "type": "Feature", "properties": { "id": 357, "kode_zona": null, "nama_zona": "Singapadu", "diameter": 100.0, "kondisi": "Baik", "merk": null, "lokasi": "Jl. Raya Singapadu", "th_pasang": null, "elevasi": null, "tapping": null, "notes": null, "foto": null, "tgl_input": null, "tgl_update": "2024-12-16", "no_aset": null, "fid": 297, "context": "Ventile", "pelayanan": "Pelayanan Sukawati", "tgl_delete": null, "nama_dma": "2.1.2 DMA Kengetan Timur 6", "no_bap": null, "subsitem": null, "tgl_asbuilt": null, "id_verifikasi": null, "sumber_data": null, "history": "2024-11-30 Update 2.1.1 DMA Apuan ke 2.1.2 DMA Kengetan Timur 6 ", "petugas_input": null, "latitude": "-8.599249973886005", "longitude": "115.25239300224678", "verifikator": "I Kadek Heriawan" }, "geometry": { "type": "Point", "coordinates": [ 115.252393002246777, -8.599249973886005 ] } },
{ "type": "Feature", "properties": { "id": 373, "kode_zona": null, "nama_zona": "Manukaya", "diameter": 1.0, "kondisi": "Baik", "merk": "DKY", "lokasi": "Utara Res. Basangambu", "th_pasang": "2022", "elevasi": null, "tapping": null, "notes": null, "foto": null, "tgl_input": "2022-03-28", "tgl_update": "2022-03-28", "no_aset": null, "fid": 371, "context": "Ventile", "pelayanan": "Pelayanan Tampaksiring", "tgl_delete": null, "nama_dma": "3.1.2 DMA Keranjangan", "no_bap": null, "subsitem": null, "tgl_asbuilt": null, "id_verifikasi": null, "sumber_data": null, "history": null, "petugas_input": null, "latitude": "-8.4094212244007", "longitude": "115.32354912506413", "verifikator": "Dewa Gede Agus Saputra" }, "geometry": { "type": "Point", "coordinates": [ 115.323549125064133, -8.409421224400701 ] } },
{ "type": "Feature", "properties": { "id": 371, "kode_zona": null, "nama_zona": "Bukit Jati", "diameter": null, "kondisi": "Baik", "merk": null, "lokasi": "Banjar Bukit Batu", "th_pasang": null, "elevasi": null, "tapping": "75", "notes": null, "foto": null, "tgl_input": "2022-02-16", "tgl_update": "2025-06-18", "no_aset": null, "fid": 365, "context": "Ventile", "pelayanan": "Pelayanan Gianyar", "tgl_delete": null, "nama_dma": "1.11.2 DMA Res. Bukit Jati", "no_bap": "0095\/BAP\/I\/IV\/2025", "subsitem": null, "tgl_asbuilt": null, "id_verifikasi": null, "sumber_data": null, "history": null, "petugas_input": null, "latitude": "-8.533511014521876", "longitude": "115.33937431803706", "verifikator": "I Wayan Degug" }, "geometry": { "type": "Point", "coordinates": [ 115.339374318037059, -8.533511014521876 ] } },
{ "type": "Feature", "properties": { "id": 467, "kode_zona": "TLK", "nama_zona": "Tulikup", "diameter": null, "kondisi": "Baik", "merk": null, "lokasi": "Barat Pertigaan", "th_pasang": null, "elevasi": null, "tapping": null, "notes": null, "foto": null, "tgl_input": "2022-12-29", "tgl_update": "2022-12-29", "no_aset": 0.0, "fid": null, "context": "Ventile", "pelayanan": "Pelayanan Gianyar", "tgl_delete": null, "nama_dma": "1.10.4 DMA Kaja Kauh", "no_bap": null, "subsitem": null, "tgl_asbuilt": null, "id_verifikasi": null, "sumber_data": null, "history": null, "petugas_input": null, "latitude": "-8.543268194823476", "longitude": "115.35541199726478", "verifikator": "I Wayan Degug" }, "geometry": { "type": "Point", "coordinates": [ 115.355411997264781, -8.543268194823476 ] } },
{ "type": "Feature", "properties": { "id": 77, "kode_zona": null, "nama_zona": "Keramas", "diameter": 1.0, "kondisi": "Baik", "merk": null, "lokasi": "Gusti Lebah", "th_pasang": null, "elevasi": null, "tapping": "25", "notes": null, "foto": null, "tgl_input": null, "tgl_update": null, "no_aset": null, "fid": 274, "context": "Ventile", "pelayanan": "Pelayanan Blahbatuh", "tgl_delete": null, "nama_dma": "4.4.1 DMA Maspahit (suplai SB Keramas)", "no_bap": null, "subsitem": null, "tgl_asbuilt": null, "id_verifikasi": null, "sumber_data": null, "history": null, "petugas_input": null, "latitude": "-8.574232693528314", "longitude": "115.32849635345644", "verifikator": "I Gede Parwata" }, "geometry": { "type": "Point", "coordinates": [ 115.328496353456444, -8.574232693528314 ] } },
{ "type": "Feature", "properties": { "id": 78, "kode_zona": null, "nama_zona": "Kota Blahbatuh", "diameter": 0.0, "kondisi": "Baik", "merk": "c30", "lokasi": "SB Buruan 1", "th_pasang": null, "elevasi": null, "tapping": "100", "notes": null, "foto": null, "tgl_input": null, "tgl_update": null, "no_aset": null, "fid": 322, "context": "Ventile", "pelayanan": "Pelayanan Blahbatuh", "tgl_delete": null, "nama_dma": "4.1.2 SB Buruan I dan II (Non DMA)", "no_bap": null, "subsitem": null, "tgl_asbuilt": null, "id_verifikasi": null, "sumber_data": null, "history": null, "petugas_input": null, "latitude": "-8.545769525945936", "longitude": "115.30327673728257", "verifikator": "Gilang Mada Awiyat" }, "geometry": { "type": "Point", "coordinates": [ 115.303276737282573, -8.545769525945936 ] } },
{ "type": "Feature", "properties": { "id": 79, "kode_zona": null, "nama_zona": "Kota Blahbatuh", "diameter": 0.0, "kondisi": "Baik", "merk": null, "lokasi": "SB Buruan 2", "th_pasang": null, "elevasi": null, "tapping": "100", "notes": null, "foto": null, "tgl_input": null, "tgl_update": null, "no_aset": null, "fid": 323, "context": "Ventile", "pelayanan": "Pelayanan Blahbatuh", "tgl_delete": null, "nama_dma": "4.1.2 SB Buruan I dan II (Non DMA)", "no_bap": null, "subsitem": null, "tgl_asbuilt": null, "id_verifikasi": null, "sumber_data": null, "history": null, "petugas_input": null, "latitude": "-8.545743623813838", "longitude": "115.3034212693884", "verifikator": "Gilang Mada Awiyat" }, "geometry": { "type": "Point", "coordinates": [ 115.303421269388394, -8.545743623813838 ] } },
{ "type": "Feature", "properties": { "id": 80, "kode_zona": null, "nama_zona": "Kota Blahbatuh", "diameter": 1.0, "kondisi": "Baik", "merk": null, "lokasi": "Barat SPBU Belega", "th_pasang": null, "elevasi": null, "tapping": "150", "notes": null, "foto": null, "tgl_input": null, "tgl_update": null, "no_aset": null, "fid": 327, "context": "Ventile", "pelayanan": "Pelayanan Blahbatuh", "tgl_delete": null, "nama_dma": "4.1.5 DMA Pande", "no_bap": null, "subsitem": null, "tgl_asbuilt": null, "id_verifikasi": null, "sumber_data": null, "history": null, "petugas_input": null, "latitude": "-8.566195690420981", "longitude": "115.30446754357153", "verifikator": "Gilang Mada Awiyat" }, "geometry": { "type": "Point", "coordinates": [ 115.304467543571533, -8.566195690420981 ] } },
{ "type": "Feature", "properties": { "id": 81, "kode_zona": null, "nama_zona": "Kota Blahbatuh", "diameter": 1.0, "kondisi": "Baik", "merk": null, "lokasi": "Timur penginapan sukerti", "th_pasang": null, "elevasi": null, "tapping": "100", "notes": "Ventile Rusak", "foto": null, "tgl_input": null, "tgl_update": null, "no_aset": null, "fid": 328, "context": "Ventile", "pelayanan": "Pelayanan Blahbatuh", "tgl_delete": "2024-09-13", "nama_dma": "4.1.4 DMA Babakan Timur", "no_bap": null, "subsitem": null, "tgl_asbuilt": null, "id_verifikasi": null, "sumber_data": null, "history": null, "petugas_input": null, "latitude": "-8.55543202432897", "longitude": "115.30286407276789", "verifikator": "Gilang Mada Awiyat" }, "geometry": { "type": "Point", "coordinates": [ 115.302864072767889, -8.555432024328971 ] } },
{ "type": "Feature", "properties": { "id": 362, "kode_zona": null, "nama_zona": "Kedewatan", "diameter": 2.0, "kondisi": "Baik", "merk": null, "lokasi": "Selatan puri bunga kedewatan", "th_pasang": null, "elevasi": null, "tapping": null, "notes": null, "foto": null, "tgl_input": null, "tgl_update": null, "no_aset": null, "fid": 334, "context": "Ventile", "pelayanan": "Pelayanan Ubud", "tgl_delete": null, "nama_dma": "5.1.4 DMA Kedewatan", "no_bap": null, "subsitem": null, "tgl_asbuilt": null, "id_verifikasi": null, "sumber_data": null, "history": null, "petugas_input": null, "latitude": "-8.480588463740826", "longitude": "115.2471560402168", "verifikator": "I Wayan Eka Putrayasa" }, "geometry": { "type": "Point", "coordinates": [ 115.247156040216794, -8.480588463740826 ] } },
{ "type": "Feature", "properties": { "id": 380, "kode_zona": null, "nama_zona": "Lodtunduh", "diameter": null, "kondisi": "Baik", "merk": null, "lokasi": "BANJAR SILUNGAN, LODTUNDUH", "th_pasang": null, "elevasi": null, "tapping": "75", "notes": null, "foto": null, "tgl_input": null, "tgl_update": "2024-11-26", "no_aset": null, "fid": 374, "context": "Ventile", "pelayanan": "Pelayanan Ubud", "tgl_delete": null, "nama_dma": "5.6.2 DMA Lodtunduh Barat", "no_bap": "0101\/BAP\/III\/XI\/2024", "subsitem": null, "tgl_asbuilt": null, "id_verifikasi": null, "sumber_data": "BAP", "history": null, "petugas_input": null, "latitude": "-8.563101046423279", "longitude": "115.26145002860923", "verifikator": "I Wayan Eka Putrayasa" }, "geometry": { "type": "Point", "coordinates": [ 115.261450028609232, -8.563101046423279 ] } },
{ "type": "Feature", "properties": { "id": 466, "kode_zona": "TLK", "nama_zona": "Tulikup", "diameter": null, "kondisi": "Baik", "merk": null, "lokasi": "Utara Balai Banjar Kembengan", "th_pasang": null, "elevasi": null, "tapping": null, "notes": null, "foto": null, "tgl_input": "2022-12-29", "tgl_update": null, "no_aset": 0.0, "fid": null, "context": "Ventile", "pelayanan": "Pelayanan Gianyar", "tgl_delete": "2025-01-07", "nama_dma": "1.10.2 DMA Kembengan Timur", "no_bap": null, "subsitem": null, "tgl_asbuilt": null, "id_verifikasi": null, "sumber_data": null, "history": null, "petugas_input": null, "latitude": "-8.535422504968862", "longitude": "115.35744410429918", "verifikator": "I Wayan Degug" }, "geometry": { "type": "Point", "coordinates": [ 115.357444104299177, -8.535422504968862 ] } },
{ "type": "Feature", "properties": { "id": 374, "kode_zona": null, "nama_zona": "Singapadu", "diameter": null, "kondisi": "Baik", "merk": null, "lokasi": "Jl. Raya Singapadu", "th_pasang": null, "elevasi": null, "tapping": "100", "notes": null, "foto": null, "tgl_input": null, "tgl_update": "2024-11-30", "no_aset": null, "fid": 345, "context": "Ventile", "pelayanan": "Pelayanan Sukawati", "tgl_delete": null, "nama_dma": "2.1.2 DMA Kengetan Timur 6", "no_bap": null, "subsitem": null, "tgl_asbuilt": null, "id_verifikasi": null, "sumber_data": null, "history": "2024-11-30 Update 2.1.1 DMA Apuan ke 2.1.2 DMA Kengetan Timur 6 ", "petugas_input": null, "latitude": "-8.597105340848723", "longitude": "115.25340001272552", "verifikator": "I Kadek Heriawan" }, "geometry": { "type": "Point", "coordinates": [ 115.253400012725521, -8.597105340848723 ] } },
{ "type": "Feature", "properties": { "id": 359, "kode_zona": null, "nama_zona": "Ubud Utara", "diameter": 1.0, "kondisi": "Baik", "merk": null, "lokasi": "Jl. Raya Petulu", "th_pasang": null, "elevasi": null, "tapping": null, "notes": null, "foto": null, "tgl_input": null, "tgl_update": null, "no_aset": null, "fid": 331, "context": "Ventile", "pelayanan": "Pelayanan Ubud", "tgl_delete": null, "nama_dma": "5.4.2 DMA Petulu", "no_bap": null, "subsitem": null, "tgl_asbuilt": null, "id_verifikasi": null, "sumber_data": null, "history": null, "petugas_input": null, "latitude": "-8.473721366972342", "longitude": "115.27548404448859", "verifikator": "I Wayan Artawan" }, "geometry": { "type": "Point", "coordinates": [ 115.275484044488593, -8.473721366972342 ] } },
{ "type": "Feature", "properties": { "id": 370, "kode_zona": null, "nama_zona": "Sidan", "diameter": null, "kondisi": "Baik", "merk": null, "lokasi": "Jl. Merdeka", "th_pasang": null, "elevasi": null, "tapping": null, "notes": null, "foto": null, "tgl_input": "2022-02-16", "tgl_update": null, "no_aset": null, "fid": 364, "context": "Ventile", "pelayanan": "Pelayanan Gianyar", "tgl_delete": "2025-01-07", "nama_dma": "1.8.4 DMA Sidan (Tengah)", "no_bap": null, "subsitem": null, "tgl_asbuilt": null, "id_verifikasi": 38, "sumber_data": null, "history": null, "petugas_input": null, "latitude": "-8.531176482689252", "longitude": "115.34839478392364", "verifikator": "I Wayan Degug" }, "geometry": { "type": "Point", "coordinates": [ 115.348394783923638, -8.531176482689252 ] } },
{ "type": "Feature", "properties": { "id": 372, "kode_zona": null, "nama_zona": "Blahpane", "diameter": 100.0, "kondisi": "Baik", "merk": null, "lokasi": "Jl. Taman Bali", "th_pasang": null, "elevasi": null, "tapping": null, "notes": null, "foto": null, "tgl_input": "2022-02-23", "tgl_update": "2025-01-31", "no_aset": null, "fid": 367, "context": "Ventile", "pelayanan": "Pelayanan Gianyar", "tgl_delete": null, "nama_dma": "1.9.1 DMA Res. Blahpane Kaja", "no_bap": "0126\/BAP\/I\/I\/2025", "subsitem": null, "tgl_asbuilt": null, "id_verifikasi": null, "sumber_data": "BAP", "history": null, "petugas_input": null, "latitude": "-8.525576650296184", "longitude": "115.35603572724719", "verifikator": "I Wayan Degug" }, "geometry": { "type": "Point", "coordinates": [ 115.356035727247189, -8.525576650296184 ] } },
{ "type": "Feature", "properties": { "id": 402, "kode_zona": null, "nama_zona": "Peliatan", "diameter": null, "kondisi": "Baik", "merk": null, "lokasi": "Selatan Pertigaan Petulu", "th_pasang": "2022", "elevasi": null, "tapping": "100", "notes": null, "foto": null, "tgl_input": "2022-10-05", "tgl_update": "2022-10-05", "no_aset": null, "fid": null, "context": "Ventile", "pelayanan": "Pelayanan Ubud", "tgl_delete": null, "nama_dma": "5.5.1 DMA Andong", "no_bap": null, "subsitem": null, "tgl_asbuilt": null, "id_verifikasi": null, "sumber_data": null, "history": null, "petugas_input": null, "latitude": "-8.491629466479099", "longitude": "115.27390401715435", "verifikator": "I Wayan Artawan" }, "geometry": { "type": "Point", "coordinates": [ 115.273904017154351, -8.491629466479099 ] } },
{ "type": "Feature", "properties": { "id": 403, "kode_zona": null, "nama_zona": "Peliatan", "diameter": null, "kondisi": "Baik", "merk": null, "lokasi": "Selatan Pertmina Andong", "th_pasang": "2022", "elevasi": null, "tapping": "100", "notes": null, "foto": null, "tgl_input": "2022-10-05", "tgl_update": "2022-10-05", "no_aset": null, "fid": null, "context": "Ventile", "pelayanan": "Pelayanan Ubud", "tgl_delete": null, "nama_dma": "5.5.1 DMA Andong", "no_bap": null, "subsitem": null, "tgl_asbuilt": null, "id_verifikasi": null, "sumber_data": null, "history": null, "petugas_input": null, "latitude": "-8.50573609788484", "longitude": "115.27196899894241", "verifikator": "I Wayan Artawan" }, "geometry": { "type": "Point", "coordinates": [ 115.271968998942413, -8.50573609788484 ] } },
{ "type": "Feature", "properties": { "id": 392, "kode_zona": null, "nama_zona": "Keliki", "diameter": 150.0, "kondisi": "Baik", "merk": null, "lokasi": "Selatan DMA Yeh Tengah", "th_pasang": null, "elevasi": null, "tapping": null, "notes": null, "foto": null, "tgl_input": null, "tgl_update": "2022-06-15", "no_aset": 9.0, "fid": 390, "context": "Ventile", "pelayanan": "Pelayanan Tegallalang", "tgl_delete": null, "nama_dma": "6.4.1 DMA Keliki", "no_bap": null, "subsitem": null, "tgl_asbuilt": "2024-06-06", "id_verifikasi": null, "sumber_data": "ABD", "history": null, "petugas_input": null, "latitude": "-8.446100076436423", "longitude": "115.26320745989527", "verifikator": "I Wayan Sujarwa" }, "geometry": { "type": "Point", "coordinates": [ 115.26320745989527, -8.446100076436423 ] } },
{ "type": "Feature", "properties": { "id": 390, "kode_zona": null, "nama_zona": "Susut", "diameter": 3.0, "kondisi": "Baik", "merk": null, "lokasi": "selatan pertigaan susut", "th_pasang": null, "elevasi": null, "tapping": null, "notes": null, "foto": null, "tgl_input": "2022-06-13", "tgl_update": "2022-06-13", "no_aset": 1.0, "fid": 387, "context": "Ventile", "pelayanan": "Pelayanan Payangan", "tgl_delete": null, "nama_dma": "7.3.1 DMA Susut", "no_bap": null, "subsitem": null, "tgl_asbuilt": "2024-03-14", "id_verifikasi": null, "sumber_data": "ABD", "history": null, "petugas_input": null, "latitude": "-8.406008990760073", "longitude": "115.2377471495661", "verifikator": "I Nyoman Sumayasa" }, "geometry": { "type": "Point", "coordinates": [ 115.237747149566104, -8.406008990760073 ] } },
{ "type": "Feature", "properties": { "id": 391, "kode_zona": null, "nama_zona": "Susut", "diameter": 3.0, "kondisi": "Baik", "merk": null, "lokasi": "Selatan Pura Dalem", "th_pasang": null, "elevasi": null, "tapping": null, "notes": null, "foto": null, "tgl_input": "2022-06-13", "tgl_update": "2024-03-27", "no_aset": 2.0, "fid": 388, "context": "Ventile", "pelayanan": "Pelayanan Payangan", "tgl_delete": null, "nama_dma": "7.3.1 DMA Susut", "no_bap": null, "subsitem": null, "tgl_asbuilt": "2024-03-14", "id_verifikasi": null, "sumber_data": "ABD", "history": null, "petugas_input": null, "latitude": "-8.413335223271872", "longitude": "115.23538486385559", "verifikator": "I Nyoman Sumayasa" }, "geometry": { "type": "Point", "coordinates": [ 115.235384863855586, -8.413335223271872 ] } },
{ "type": "Feature", "properties": { "id": 389, "kode_zona": null, "nama_zona": "Kerta", "diameter": 3.0, "kondisi": "Baik", "merk": null, "lokasi": "Selatan Balai Banjar Marga Tengah", "th_pasang": null, "elevasi": null, "tapping": null, "notes": null, "foto": null, "tgl_input": "2022-05-20", "tgl_update": "2022-05-20", "no_aset": 15.0, "fid": 379, "context": "Ventile", "pelayanan": "Pelayanan Payangan", "tgl_delete": null, "nama_dma": "7.1.2 DMA Kerta Barat", "no_bap": null, "subsitem": null, "tgl_asbuilt": null, "id_verifikasi": null, "sumber_data": null, "history": null, "petugas_input": null, "latitude": "-8.325764003601043", "longitude": "115.28477033354135", "verifikator": "I Made Darsana" }, "geometry": { "type": "Point", "coordinates": [ 115.284770333541346, -8.325764003601043 ] } },
{ "type": "Feature", "properties": { "id": 82, "kode_zona": null, "nama_zona": "Kota Blahbatuh", "diameter": 0.0, "kondisi": "Baik", "merk": null, "lokasi": "Perbatasan Blahbatuh - Belega", "th_pasang": null, "elevasi": null, "tapping": "40", "notes": null, "foto": null, "tgl_input": null, "tgl_update": "2025-02-10", "no_aset": null, "fid": 357, "context": "Ventile", "pelayanan": "Pelayanan Blahbatuh", "tgl_delete": null, "nama_dma": "4.1.5 DMA Pande", "no_bap": "0001\/BAP\/II\/II\/2025", "subsitem": null, "tgl_asbuilt": null, "id_verifikasi": null, "sumber_data": "BAP", "history": null, "petugas_input": null, "latitude": "-8.566249056141885", "longitude": "115.30688394292402", "verifikator": "Gilang Mada Awiyat" }, "geometry": { "type": "Point", "coordinates": [ 115.306883942924017, -8.566249056141885 ] } },
{ "type": "Feature", "properties": { "id": 393, "kode_zona": null, "nama_zona": "Puhu", "diameter": 100.0, "kondisi": "Baik", "merk": "CI", "lokasi": "SEMAON", "th_pasang": "2016", "elevasi": null, "tapping": "100", "notes": null, "foto": null, "tgl_input": "2022-05-13", "tgl_update": "2024-04-19", "no_aset": null, "fid": 377, "context": "Ventile", "pelayanan": "Pelayanan Payangan", "tgl_delete": "2024-04-19", "nama_dma": "7.2.4 DMA Semaon", "no_bap": null, "subsitem": null, "tgl_asbuilt": null, "id_verifikasi": null, "sumber_data": null, "history": null, "petugas_input": null, "latitude": "-8.401699252872085", "longitude": "115.24795611351313", "verifikator": "I Made Darsana" }, "geometry": { "type": "Point", "coordinates": [ 115.247956113513126, -8.401699252872085 ] } },
{ "type": "Feature", "properties": { "id": 401, "kode_zona": null, "nama_zona": "Kerta", "diameter": 3.0, "kondisi": "Baik", "merk": "C.30", "lokasi": "Selatan Reservoir", "th_pasang": null, "elevasi": null, "tapping": null, "notes": null, "foto": null, "tgl_input": "2022-09-27", "tgl_update": "2024-04-18", "no_aset": 17.0, "fid": null, "context": "Ventile", "pelayanan": "Pelayanan Payangan", "tgl_delete": null, "nama_dma": "7.1.2 DMA Kerta Barat", "no_bap": null, "subsitem": null, "tgl_asbuilt": null, "id_verifikasi": null, "sumber_data": null, "history": null, "petugas_input": null, "latitude": "-8.318272757228236", "longitude": "115.28730300410258", "verifikator": "I Made Darsana" }, "geometry": { "type": "Point", "coordinates": [ 115.287303004102583, -8.318272757228236 ] } },
{ "type": "Feature", "properties": { "id": 453, "kode_zona": null, "nama_zona": "Mancawarna", "diameter": null, "kondisi": "Baik", "merk": null, "lokasi": "Selatan Pertigaan", "th_pasang": null, "elevasi": null, "tapping": null, "notes": null, "foto": null, "tgl_input": "2022-11-30", "tgl_update": "2022-11-30", "no_aset": null, "fid": null, "context": "Ventile", "pelayanan": "Pelayanan Tampaksiring", "tgl_delete": null, "nama_dma": "3.3.2 DMA Mancawarna Barat", "no_bap": null, "subsitem": null, "tgl_asbuilt": null, "id_verifikasi": null, "sumber_data": null, "history": null, "petugas_input": null, "latitude": "-8.46206348715375", "longitude": "115.29817882678287", "verifikator": "Dewa Gede Agus Saputra" }, "geometry": { "type": "Point", "coordinates": [ 115.298178826782873, -8.462063487153751 ] } },
{ "type": "Feature", "properties": { "id": 452, "kode_zona": null, "nama_zona": "Siangan", "diameter": null, "kondisi": "Baik", "merk": null, "lokasi": "Selatan SMP N 2 Gianyar", "th_pasang": "2022", "elevasi": null, "tapping": "200", "notes": null, "foto": null, "tgl_input": "2022-11-30", "tgl_update": "2025-01-31", "no_aset": null, "fid": null, "context": "Ventile", "pelayanan": "Pelayanan Gianyar", "tgl_delete": null, "nama_dma": "1.7.1 SB Siangan", "no_bap": null, "subsitem": null, "tgl_asbuilt": null, "id_verifikasi": 97, "sumber_data": null, "history": "2025-01-31 Memperbaiki data nama_dma disesuaikan dengan posisi DMA area atau poligon DMA menjadi 1.7.1 SB Siangan", "petugas_input": null, "latitude": "-8.52681818735811", "longitude": "115.3132142134761", "verifikator": "I Made Sutika Semarajaya" }, "geometry": { "type": "Point", "coordinates": [ 115.313214213476101, -8.52681818735811 ] } },
{ "type": "Feature", "properties": { "id": 454, "kode_zona": "TLK", "nama_zona": "Tulikup", "diameter": null, "kondisi": "Baik", "merk": null, "lokasi": "Timur Balai Banjar Pegesangan", "th_pasang": null, "elevasi": null, "tapping": null, "notes": null, "foto": null, "tgl_input": "2022-12-29", "tgl_update": "2022-12-29", "no_aset": null, "fid": null, "context": "Ventile", "pelayanan": "Pelayanan Gianyar", "tgl_delete": null, "nama_dma": "1.10.1 DMA Kembengan Barat + JDU", "no_bap": "0034\/BAP\/I\/III\/2023", "subsitem": null, "tgl_asbuilt": null, "id_verifikasi": null, "sumber_data": "BAP", "history": null, "petugas_input": null, "latitude": "-8.543530149984695", "longitude": "115.3568272299862", "verifikator": "I Wayan Degug" }, "geometry": { "type": "Point", "coordinates": [ 115.356827229986195, -8.543530149984695 ] } },
{ "type": "Feature", "properties": { "id": 464, "kode_zona": "SNG", "nama_zona": "Siangan", "diameter": null, "kondisi": "Baik", "merk": null, "lokasi": "Jl. Raya Siangan", "th_pasang": null, "elevasi": null, "tapping": null, "notes": null, "foto": null, "tgl_input": "2022-12-29", "tgl_update": "2025-01-31", "no_aset": 0.0, "fid": null, "context": "Ventile", "pelayanan": "Pelayanan Gianyar", "tgl_delete": null, "nama_dma": "1.7.1 SB Siangan", "no_bap": null, "subsitem": null, "tgl_asbuilt": null, "id_verifikasi": null, "sumber_data": null, "history": "2025-01-31 Memperbaiki data nama_dma disesuaikan dengan posisi DMA area atau poligon DMA menjadi 1.7.1 SB Siangan", "petugas_input": null, "latitude": "-8.524680975517112", "longitude": "115.31235286722993", "verifikator": "I Made Sutika Semarajaya" }, "geometry": { "type": "Point", "coordinates": [ 115.312352867229933, -8.524680975517112 ] } },
{ "type": "Feature", "properties": { "id": 455, "kode_zona": "BKJ", "nama_zona": "Bukit Jati", "diameter": null, "kondisi": "Baik", "merk": null, "lokasi": "Banjar Bukit Batu", "th_pasang": null, "elevasi": null, "tapping": null, "notes": null, "foto": null, "tgl_input": "2022-12-29", "tgl_update": "2022-12-29", "no_aset": 0.0, "fid": null, "context": "Ventile", "pelayanan": "Pelayanan Gianyar", "tgl_delete": null, "nama_dma": "1.11.2 DMA Res. Bukit Jati", "no_bap": null, "subsitem": null, "tgl_asbuilt": null, "id_verifikasi": null, "sumber_data": null, "history": null, "petugas_input": null, "latitude": "-8.530009984076012", "longitude": "115.33919375581968", "verifikator": "I Wayan Degug" }, "geometry": { "type": "Point", "coordinates": [ 115.339193755819679, -8.530009984076012 ] } },
{ "type": "Feature", "properties": { "id": 456, "kode_zona": "BKJ", "nama_zona": "Bukit Jati", "diameter": null, "kondisi": "Baik", "merk": null, "lokasi": "SB Bukit Jati", "th_pasang": null, "elevasi": null, "tapping": null, "notes": null, "foto": null, "tgl_input": "2022-12-29", "tgl_update": "2022-12-29", "no_aset": 0.0, "fid": null, "context": "Ventile", "pelayanan": "Pelayanan Gianyar", "tgl_delete": null, "nama_dma": "1.11.2 DMA Res. Bukit Jati", "no_bap": null, "subsitem": null, "tgl_asbuilt": null, "id_verifikasi": null, "sumber_data": null, "history": null, "petugas_input": null, "latitude": "-8.533713240970098", "longitude": "115.33884223497924", "verifikator": "I Wayan Degug" }, "geometry": { "type": "Point", "coordinates": [ 115.338842234979239, -8.533713240970098 ] } },
{ "type": "Feature", "properties": { "id": 483, "kode_zona": null, "nama_zona": "Kota Ubud", "diameter": null, "kondisi": "Baik", "merk": null, "lokasi": "Timur Pertigaan Teges", "th_pasang": "2023", "elevasi": null, "tapping": null, "notes": null, "foto": null, "tgl_input": "2023-05-29", "tgl_update": "2023-05-29", "no_aset": null, "fid": null, "context": "Ventile", "pelayanan": "Pelayanan Ubud", "tgl_delete": null, "nama_dma": "5.3.1 DMA Kota Campuhan 8", "no_bap": "0022\/BAP\/III\/I\/2023", "subsitem": null, "tgl_asbuilt": null, "id_verifikasi": null, "sumber_data": "BAP", "history": null, "petugas_input": null, "latitude": "-8.524011112984716", "longitude": "115.27161377028526", "verifikator": "I Wayan Artawan" }, "geometry": { "type": "Point", "coordinates": [ 115.271613770285256, -8.524011112984716 ] } },
{ "type": "Feature", "properties": { "id": 479, "kode_zona": null, "nama_zona": "Kota Tegallalang", "diameter": 1.0, "kondisi": "Baik", "merk": "C30", "lokasi": "Utara Kopi Luwak", "th_pasang": "2023", "elevasi": null, "tapping": "100", "notes": null, "foto": null, "tgl_input": "2023-05-09", "tgl_update": "2023-05-09", "no_aset": null, "fid": null, "context": "Ventile", "pelayanan": "Pelayanan Tegallalang", "tgl_delete": null, "nama_dma": "6.3.2 DMA Tangkup", "no_bap": "0073\/BAP\/V\/IV\/2023", "subsitem": null, "tgl_asbuilt": "2024-06-06", "id_verifikasi": null, "sumber_data": "BAP", "history": null, "petugas_input": null, "latitude": "-8.439438087008556", "longitude": "115.27998004249824", "verifikator": "I Wayan Sujarwa" }, "geometry": { "type": "Point", "coordinates": [ 115.279980042498238, -8.439438087008556 ] } },
{ "type": "Feature", "properties": { "id": 510, "kode_zona": null, "nama_zona": "Kerta", "diameter": 2.0, "kondisi": "Baik", "merk": null, "lokasi": "BARAT BR KERTA", "th_pasang": "2023", "elevasi": null, "tapping": null, "notes": null, "foto": null, "tgl_input": "2023-11-17", "tgl_update": "2024-04-18", "no_aset": 18.0, "fid": null, "context": "Ventile", "pelayanan": "Pelayanan Payangan", "tgl_delete": null, "nama_dma": "7.1.1 DMA Kerta Timur", "no_bap": null, "subsitem": null, "tgl_asbuilt": null, "id_verifikasi": null, "sumber_data": null, "history": null, "petugas_input": null, "latitude": "-8.336930093087915", "longitude": "115.28631205097801", "verifikator": "I Made Darsana" }, "geometry": { "type": "Point", "coordinates": [ 115.286312050978012, -8.336930093087915 ] } },
{ "type": "Feature", "properties": { "id": 488, "kode_zona": null, "nama_zona": "Kota Tampaksiring", "diameter": null, "kondisi": "Baik", "merk": null, "lokasi": "Br. Mantring Tampaksiring Pipa Transmisi Bayad Ke Res. Mancawarna", "th_pasang": "2023", "elevasi": null, "tapping": "150", "notes": null, "foto": null, "tgl_input": "2023-06-30", "tgl_update": "2023-06-30", "no_aset": null, "fid": null, "context": "Ventile", "pelayanan": "Pelayanan Tampaksiring", "tgl_delete": null, "nama_dma": "3.2.2 DMA Manukaya", "no_bap": "0080\/BAP\/VII\/I\/2023", "subsitem": null, "tgl_asbuilt": null, "id_verifikasi": null, "sumber_data": "BAP", "history": null, "petugas_input": null, "latitude": "-8.42223674741893", "longitude": "115.30650938165759", "verifikator": "Dewa Gede Agus Saputra" }, "geometry": { "type": "Point", "coordinates": [ 115.306509381657591, -8.42223674741893 ] } },
{ "type": "Feature", "properties": { "id": 490, "kode_zona": null, "nama_zona": "Kota Tampaksiring", "diameter": 3.0, "kondisi": "Baik", "merk": null, "lokasi": "Selatan Pertigaan Br. Bantas Tampaksiring", "th_pasang": "2023", "elevasi": null, "tapping": null, "notes": null, "foto": null, "tgl_input": "2023-06-30", "tgl_update": "2023-06-30", "no_aset": null, "fid": null, "context": "Ventile", "pelayanan": "Pelayanan Tampaksiring", "tgl_delete": null, "nama_dma": "3.2.1 DMA Bantas", "no_bap": "0104\/BAP\/VII\/IV\/2023", "subsitem": null, "tgl_asbuilt": null, "id_verifikasi": null, "sumber_data": "BAP", "history": null, "petugas_input": null, "latitude": "-8.402994212994741", "longitude": "115.31601895155357", "verifikator": "Dewa Gede Agus Saputra" }, "geometry": { "type": "Point", "coordinates": [ 115.316018951553573, -8.402994212994741 ] } },
{ "type": "Feature", "properties": { "id": 489, "kode_zona": null, "nama_zona": "Tarukan", "diameter": null, "kondisi": "Baik", "merk": null, "lokasi": "Pertigaan Timur Lapangan", "th_pasang": "2023", "elevasi": null, "tapping": "75", "notes": null, "foto": null, "tgl_input": "2024-03-15", "tgl_update": "2024-03-15", "no_aset": null, "fid": null, "context": "Ventile", "pelayanan": "Pelayanan Tampaksiring", "tgl_delete": "2024-03-15", "nama_dma": "3.5.2 DMA Pedapdapan", "no_bap": "0033\/BAP\/VII\/III\/2024", "subsitem": null, "tgl_asbuilt": null, "id_verifikasi": null, "sumber_data": "BAP", "history": null, "petugas_input": null, "latitude": "-8.510621179595917", "longitude": "115.29100610260147", "verifikator": "I Nyoman Suarta, S.E." }, "geometry": { "type": "Point", "coordinates": [ 115.291006102601472, -8.510621179595917 ] } },
{ "type": "Feature", "properties": { "id": 501, "kode_zona": null, "nama_zona": "Gepokan", "diameter": 1.0, "kondisi": "Baik", "merk": "C30", "lokasi": "Belakang DMA Gubat", "th_pasang": "2023", "elevasi": null, "tapping": "100", "notes": null, "foto": null, "tgl_input": "2023-09-29", "tgl_update": "2023-09-29", "no_aset": null, "fid": null, "context": "Ventile", "pelayanan": "Pelayanan Tampaksiring", "tgl_delete": null, "nama_dma": "3.7.3 DMA Gubat", "no_bap": "0136\/BAP\/VII\/IX\/2023", "subsitem": null, "tgl_asbuilt": null, "id_verifikasi": null, "sumber_data": "BAP", "history": null, "petugas_input": null, "latitude": "-8.514245243554797", "longitude": "115.30205196328812", "verifikator": "I Nyoman Suarta, S.E." }, "geometry": { "type": "Point", "coordinates": [ 115.302051963288122, -8.514245243554797 ] } },
{ "type": "Feature", "properties": { "id": 482, "kode_zona": null, "nama_zona": "Petak Kaja Utara", "diameter": null, "kondisi": "Baik", "merk": null, "lokasi": "Perbatasan Petak Kaja Utara dengan Petak Kaja Selatan", "th_pasang": "2023", "elevasi": null, "tapping": null, "notes": null, "foto": null, "tgl_input": "2023-05-29", "tgl_update": "2023-05-29", "no_aset": null, "fid": null, "context": "Ventile", "pelayanan": "Pelayanan Gianyar", "tgl_delete": null, "nama_dma": "1.1.1 DMA Petak Utara", "no_bap": "0078\/BAP\/I\/IV\/2023", "subsitem": null, "tgl_asbuilt": null, "id_verifikasi": null, "sumber_data": "BAP", "history": null, "petugas_input": null, "latitude": "-8.4556085493167", "longitude": "115.31998179769177", "verifikator": "I Made Sutika Semarajaya" }, "geometry": { "type": "Point", "coordinates": [ 115.319981797691767, -8.4556085493167 ] } },
{ "type": "Feature", "properties": { "id": 472, "kode_zona": "SDN", "nama_zona": "Sidan", "diameter": 2.0, "kondisi": "Baik", "merk": null, "lokasi": "Jl. Raya Sidan", "th_pasang": "2022", "elevasi": null, "tapping": null, "notes": null, "foto": null, "tgl_input": "2022-12-29", "tgl_update": "2024-07-03", "no_aset": 0.0, "fid": null, "context": "Ventile", "pelayanan": "Pelayanan Gianyar", "tgl_delete": null, "nama_dma": "1.8.4 DMA Sidan (Tengah)", "no_bap": "0012\/BAP\/I\/VII\/2024", "subsitem": null, "tgl_asbuilt": null, "id_verifikasi": null, "sumber_data": "BAP", "history": null, "petugas_input": null, "latitude": "-8.531156139488779", "longitude": "115.34839165716045", "verifikator": "I Wayan Degug" }, "geometry": { "type": "Point", "coordinates": [ 115.348391657160448, -8.531156139488779 ] } },
{ "type": "Feature", "properties": { "id": 88, "kode_zona": null, "nama_zona": "Kota Blahbatuh", "diameter": 0.0, "kondisi": "Baik", "merk": null, "lokasi": "Perbatasan Blahbatuh - Belega", "th_pasang": null, "elevasi": null, "tapping": "40", "notes": null, "foto": null, "tgl_input": null, "tgl_update": "2024-11-27", "no_aset": null, "fid": 358, "context": "Ventile", "pelayanan": "Pelayanan Blahbatuh", "tgl_delete": null, "nama_dma": "4.1.5 DMA Pande", "no_bap": null, "subsitem": null, "tgl_asbuilt": null, "id_verifikasi": null, "sumber_data": null, "history": null, "petugas_input": null, "latitude": "-8.566249253305584", "longitude": "115.3068723102659", "verifikator": "Gilang Mada Awiyat" }, "geometry": { "type": "Point", "coordinates": [ 115.306872310265902, -8.566249253305584 ] } },
{ "type": "Feature", "properties": { "id": 487, "kode_zona": null, "nama_zona": "Bukit Jati", "diameter": 1.0, "kondisi": "Baik", "merk": null, "lokasi": "Barat Dma Bukit Jangkrik", "th_pasang": "2023", "elevasi": null, "tapping": null, "notes": null, "foto": null, "tgl_input": "2023-06-19", "tgl_update": "2023-06-19", "no_aset": null, "fid": null, "context": "Ventile", "pelayanan": "Pelayanan Gianyar", "tgl_delete": null, "nama_dma": "1.11.2 DMA Res. Bukit Jati", "no_bap": "0080\/BAP\/I\/VI\/2023", "subsitem": null, "tgl_asbuilt": null, "id_verifikasi": null, "sumber_data": "BAP", "history": null, "petugas_input": null, "latitude": "-8.53096338079052", "longitude": "115.34716425213482", "verifikator": "I Wayan Degug" }, "geometry": { "type": "Point", "coordinates": [ 115.347164252134817, -8.530963380790521 ] } },
{ "type": "Feature", "properties": { "id": 492, "kode_zona": null, "nama_zona": "Blahpane", "diameter": 100.0, "kondisi": "Baik", "merk": null, "lokasi": "Utara Pompa Sb. Blahpane", "th_pasang": "2023", "elevasi": null, "tapping": null, "notes": null, "foto": null, "tgl_input": "2023-06-30", "tgl_update": "2023-06-30", "no_aset": null, "fid": null, "context": "Ventile", "pelayanan": "Pelayanan Gianyar", "tgl_delete": null, "nama_dma": "1.9.1 DMA Res. Blahpane Kaja", "no_bap": "0149\/BAP\/I\/IV\/2023", "subsitem": null, "tgl_asbuilt": null, "id_verifikasi": 49, "sumber_data": "BAP", "history": null, "petugas_input": null, "latitude": "-8.530921403486637", "longitude": "115.35606447598727", "verifikator": "I Wayan Degug" }, "geometry": { "type": "Point", "coordinates": [ 115.356064475987267, -8.530921403486637 ] } },
{ "type": "Feature", "properties": { "id": 493, "kode_zona": null, "nama_zona": "Blahpane", "diameter": 100.0, "kondisi": "Baik", "merk": null, "lokasi": "Utara Jalan Menuju Taman Nusa", "th_pasang": "2023", "elevasi": null, "tapping": null, "notes": null, "foto": null, "tgl_input": "2023-06-30", "tgl_update": "2023-06-30", "no_aset": null, "fid": null, "context": "Ventile", "pelayanan": "Pelayanan Gianyar", "tgl_delete": null, "nama_dma": "1.9.1 DMA Res. Blahpane Kaja", "no_bap": "0254\/BAP\/I\/II\/2023", "subsitem": null, "tgl_asbuilt": null, "id_verifikasi": null, "sumber_data": "BAP", "history": null, "petugas_input": null, "latitude": "-8.52877118783616", "longitude": "115.35622969033524", "verifikator": "I Wayan Degug" }, "geometry": { "type": "Point", "coordinates": [ 115.35622969033524, -8.52877118783616 ] } },
{ "type": "Feature", "properties": { "id": 494, "kode_zona": null, "nama_zona": "Tegaltugu", "diameter": null, "kondisi": "Baik", "merk": null, "lokasi": "Depan Polsek Gianyar", "th_pasang": "2023", "elevasi": null, "tapping": "100", "notes": null, "foto": null, "tgl_input": "2023-07-18", "tgl_update": "2025-01-31", "no_aset": null, "fid": null, "context": "Ventile", "pelayanan": "Pelayanan Gianyar", "tgl_delete": null, "nama_dma": "1.12.2 DMA Tegal Tugu", "no_bap": "0172\/BAP\/I\/VII\/2023", "subsitem": null, "tgl_asbuilt": null, "id_verifikasi": null, "sumber_data": "BAP", "history": "2025-01-31 Memperbaiki data nama_dma disesuaikan dengan posisi DMA area atau poligon DMA menjadi 1.12.2 DMA Tegaltugu", "petugas_input": null, "latitude": "-8.542198027924972", "longitude": "115.33305583218747", "verifikator": "I Wayan Degug" }, "geometry": { "type": "Point", "coordinates": [ 115.333055832187469, -8.542198027924972 ] } },
{ "type": "Feature", "properties": { "id": 495, "kode_zona": null, "nama_zona": "Tulikup", "diameter": 100.0, "kondisi": "Baik", "merk": null, "lokasi": "Shipon Sungai", "th_pasang": "2023", "elevasi": null, "tapping": "100", "notes": null, "foto": null, "tgl_input": "2023-08-15", "tgl_update": "2023-08-15", "no_aset": null, "fid": 113, "context": "Ventile", "pelayanan": "Pelayanan Gianyar", "tgl_delete": null, "nama_dma": "1.10.1 DMA Kembengan Barat + JDU", "no_bap": "0328\/BAP\/I\/VII\/2023", "subsitem": null, "tgl_asbuilt": null, "id_verifikasi": null, "sumber_data": "BAP", "history": null, "petugas_input": null, "latitude": "-8.536964604072205", "longitude": "115.35590330060592", "verifikator": "I Wayan Degug" }, "geometry": { "type": "Point", "coordinates": [ 115.355903300605917, -8.536964604072205 ] } },
{ "type": "Feature", "properties": { "id": 484, "kode_zona": null, "nama_zona": "Batubulan", "diameter": null, "kondisi": "Baik", "merk": null, "lokasi": "Jl. Pasekan", "th_pasang": "2023", "elevasi": null, "tapping": null, "notes": null, "foto": null, "tgl_input": "2023-06-20", "tgl_update": "2023-06-20", "no_aset": null, "fid": null, "context": "Ventile", "pelayanan": "Pelayanan Sukawati", "tgl_delete": "2025-04-10", "nama_dma": "2.2.4 SB Stage Batubulan (Non DMA)", "no_bap": null, "subsitem": null, "tgl_asbuilt": null, "id_verifikasi": null, "sumber_data": null, "history": null, "petugas_input": null, "latitude": "-8.617465165795215", "longitude": "115.2598680826064", "verifikator": "I Kadek Heriawan" }, "geometry": { "type": "Point", "coordinates": [ 115.259868082606403, -8.617465165795215 ] } },
{ "type": "Feature", "properties": { "id": 470, "kode_zona": "TLK", "nama_zona": "Tulikup", "diameter": null, "kondisi": "Baik", "merk": null, "lokasi": "Banjar Menak", "th_pasang": null, "elevasi": null, "tapping": null, "notes": null, "foto": null, "tgl_input": "2022-12-29", "tgl_update": "2022-12-29", "no_aset": 0.0, "fid": null, "context": "Ventile", "pelayanan": "Pelayanan Gianyar", "tgl_delete": null, "nama_dma": "1.10.3 DMA Meranggi", "no_bap": null, "subsitem": null, "tgl_asbuilt": null, "id_verifikasi": null, "sumber_data": null, "history": null, "petugas_input": null, "latitude": "-8.547281580734886", "longitude": "115.35928164032516", "verifikator": "I Wayan Degug" }, "geometry": { "type": "Point", "coordinates": [ 115.359281640325165, -8.547281580734886 ] } },
{ "type": "Feature", "properties": { "id": 471, "kode_zona": "TLK", "nama_zona": "Tulikup", "diameter": null, "kondisi": "Baik", "merk": null, "lokasi": "Banjar Menak", "th_pasang": null, "elevasi": null, "tapping": null, "notes": null, "foto": null, "tgl_input": "2022-12-29", "tgl_update": "2022-12-29", "no_aset": 0.0, "fid": null, "context": "Ventile", "pelayanan": "Pelayanan Gianyar", "tgl_delete": null, "nama_dma": "1.10.3 DMA Meranggi", "no_bap": null, "subsitem": null, "tgl_asbuilt": null, "id_verifikasi": null, "sumber_data": null, "history": null, "petugas_input": null, "latitude": "-8.547278437244582", "longitude": "115.35928478596686", "verifikator": "I Wayan Degug" }, "geometry": { "type": "Point", "coordinates": [ 115.359284785966864, -8.547278437244582 ] } },
{ "type": "Feature", "properties": { "id": 475, "kode_zona": "TLK", "nama_zona": "Tulikup", "diameter": 2.0, "kondisi": "Baik", "merk": null, "lokasi": "Selatan Balai Banjar Kembengan", "th_pasang": "2023", "elevasi": null, "tapping": null, "notes": null, "foto": null, "tgl_input": "2023-03-31", "tgl_update": "2024-04-30", "no_aset": 0.0, "fid": null, "context": "Ventile", "pelayanan": "Pelayanan Gianyar", "tgl_delete": null, "nama_dma": "1.10.2 DMA Kembengan Timur", "no_bap": "0336\/BAP\/I\/II\/2023", "subsitem": null, "tgl_asbuilt": null, "id_verifikasi": null, "sumber_data": "BAP", "history": null, "petugas_input": null, "latitude": "-8.538420643035092", "longitude": "115.35767639659933", "verifikator": "I Wayan Degug" }, "geometry": { "type": "Point", "coordinates": [ 115.357676396599331, -8.538420643035092 ] } },
{ "type": "Feature", "properties": { "id": 469, "kode_zona": "BLH", "nama_zona": "Blahpane", "diameter": null, "kondisi": "Baik", "merk": null, "lokasi": "Jl. Taman Bali", "th_pasang": null, "elevasi": null, "tapping": null, "notes": null, "foto": null, "tgl_input": "2022-12-29", "tgl_update": "2022-12-29", "no_aset": 0.0, "fid": null, "context": "Ventile", "pelayanan": "Pelayanan Gianyar", "tgl_delete": null, "nama_dma": "1.9.1 DMA Res. Blahpane Kaja", "no_bap": null, "subsitem": null, "tgl_asbuilt": null, "id_verifikasi": 47, "sumber_data": null, "history": null, "petugas_input": null, "latitude": "-8.53085085456042", "longitude": "115.35609531964337", "verifikator": "I Wayan Degug" }, "geometry": { "type": "Point", "coordinates": [ 115.356095319643373, -8.53085085456042 ] } },
{ "type": "Feature", "properties": { "id": 491, "kode_zona": null, "nama_zona": "Tulikup", "diameter": 2.0, "kondisi": "Baik", "merk": null, "lokasi": "Timur Balai Banjar Roban", "th_pasang": "2023", "elevasi": null, "tapping": null, "notes": null, "foto": null, "tgl_input": "2023-06-30", "tgl_update": "2023-06-30", "no_aset": null, "fid": null, "context": "Ventile", "pelayanan": "Pelayanan Gianyar", "tgl_delete": null, "nama_dma": "1.10.3 DMA Meranggi", "no_bap": "0355\/BAP\/I\/III\/2023", "subsitem": null, "tgl_asbuilt": null, "id_verifikasi": 69, "sumber_data": "BAP", "history": null, "petugas_input": null, "latitude": "-8.551472664835126", "longitude": "115.35967603082959", "verifikator": "I Wayan Degug" }, "geometry": { "type": "Point", "coordinates": [ 115.35967603082959, -8.551472664835126 ] } },
{ "type": "Feature", "properties": { "id": 518, "kode_zona": null, "nama_zona": "Batubulan", "diameter": 1.0, "kondisi": "Baik", "merk": null, "lokasi": "Gang Utara Br. Batuaji", "th_pasang": "2023", "elevasi": null, "tapping": "50", "notes": null, "foto": null, "tgl_input": "2023-12-29", "tgl_update": "2023-12-29", "no_aset": null, "fid": null, "context": "Ventile", "pelayanan": "Pelayanan Sukawati", "tgl_delete": null, "nama_dma": "2.2.5 DMA Batu Intan", "no_bap": "0103\/BAP\/VI\/XII\/2023", "subsitem": null, "tgl_asbuilt": null, "id_verifikasi": null, "sumber_data": "BAP", "history": null, "petugas_input": null, "latitude": "-8.618814076732946", "longitude": "115.26982740645317", "verifikator": "I Kadek Heriawan" }, "geometry": { "type": "Point", "coordinates": [ 115.269827406453174, -8.618814076732946 ] } },
{ "type": "Feature", "properties": { "id": 503, "kode_zona": null, "nama_zona": "Manukaya", "diameter": 1.0, "kondisi": "Baik", "merk": "C30", "lokasi": "Pertigaan Pura Panti", "th_pasang": "2023", "elevasi": null, "tapping": "75", "notes": null, "foto": null, "tgl_input": "2023-09-29", "tgl_update": "2025-01-22", "no_aset": null, "fid": null, "context": "Ventile", "pelayanan": "Pelayanan Tampaksiring", "tgl_delete": null, "nama_dma": "3.1.3 DMA Temen", "no_bap": "0137\/BAP\/VII\/VIII\/2023", "subsitem": null, "tgl_asbuilt": null, "id_verifikasi": null, "sumber_data": "BAP", "history": null, "petugas_input": null, "latitude": "-8.394963339941876", "longitude": "115.32956389161853", "verifikator": "Dewa Gede Agus Saputra" }, "geometry": { "type": "Point", "coordinates": [ 115.329563891618534, -8.394963339941876 ] } },
{ "type": "Feature", "properties": { "id": 516, "kode_zona": null, "nama_zona": "Tulikup", "diameter": null, "kondisi": "Baik", "merk": null, "lokasi": "Dekat Zorum mobil", "th_pasang": "2023", "elevasi": null, "tapping": "40", "notes": null, "foto": null, "tgl_input": "2023-11-30", "tgl_update": "2023-11-30", "no_aset": null, "fid": null, "context": "Ventile", "pelayanan": "Pelayanan Gianyar", "tgl_delete": null, "nama_dma": "1.10.2 DMA Kembengan Timur", "no_bap": "0198\/BAP\/II\/XI\/2023", "subsitem": null, "tgl_asbuilt": null, "id_verifikasi": 53, "sumber_data": "BAP", "history": null, "petugas_input": null, "latitude": "-8.544396520132741", "longitude": "115.36224380479787", "verifikator": "I Wayan Degug" }, "geometry": { "type": "Point", "coordinates": [ 115.36224380479787, -8.544396520132741 ] } },
{ "type": "Feature", "properties": { "id": 525, "kode_zona": null, "nama_zona": "Lodtunduh", "diameter": null, "kondisi": "Baik", "merk": null, "lokasi": "BANJAR KUMBUH. MAS", "th_pasang": "2024", "elevasi": null, "tapping": null, "notes": null, "foto": null, "tgl_input": "2024-02-20", "tgl_update": "2024-02-20", "no_aset": null, "fid": null, "context": "Ventile", "pelayanan": "Pelayanan Ubud", "tgl_delete": null, "nama_dma": "5.6.1 DMA Lodtunduh Timur", "no_bap": "0083\/BAP\/III\/II\/2024", "subsitem": null, "tgl_asbuilt": null, "id_verifikasi": null, "sumber_data": "BAP", "history": null, "petugas_input": null, "latitude": "-8.5417775", "longitude": "115.26682619999998", "verifikator": "I Wayan Eka Putrayasa" }, "geometry": { "type": "Point", "coordinates": [ 115.266826199999983, -8.5417775 ] } },
{ "type": "Feature", "properties": { "id": 508, "kode_zona": null, "nama_zona": "Sanding", "diameter": 1.0, "kondisi": "Baik", "merk": null, "lokasi": "Barat Balai Banjar Petak", "th_pasang": "2023", "elevasi": null, "tapping": null, "notes": null, "foto": null, "tgl_input": "2023-10-31", "tgl_update": "2024-09-13", "no_aset": null, "fid": null, "context": "Ventile", "pelayanan": "Pelayanan Tampaksiring", "tgl_delete": "2024-09-13", "nama_dma": "3.4.2 DMA Sembuwuk", "no_bap": "0206\/BAP\/VII\/X\/202", "subsitem": null, "tgl_asbuilt": null, "id_verifikasi": null, "sumber_data": "BAP", "history": null, "petugas_input": null, "latitude": "-8.470602572785701", "longitude": "115.29185660276373", "verifikator": "Dewa Gede Agus Saputra" }, "geometry": { "type": "Point", "coordinates": [ 115.29185660276373, -8.470602572785701 ] } },
{ "type": "Feature", "properties": { "id": 521, "kode_zona": null, "nama_zona": "Kedisan Timur", "diameter": 100.0, "kondisi": "Baik", "merk": "", "lokasi": "BR. DLODBLUMBANG, KENDRAN", "th_pasang": "2024", "elevasi": null, "tapping": "100", "notes": null, "foto": null, "tgl_input": "2024-01-31", "tgl_update": "2024-01-31", "no_aset": null, "fid": null, "context": "Ventile", "pelayanan": "Pelayanan Tegallalang", "tgl_delete": null, "nama_dma": "6.1.3 DMA Dlodblumbang", "no_bap": "0086\/BAP\/V\/I\/2024", "subsitem": null, "tgl_asbuilt": null, "id_verifikasi": null, "sumber_data": "BAP", "history": null, "petugas_input": null, "latitude": "-8.430154611061642", "longitude": "115.29541414876238", "verifikator": "I Wayan Suardana" }, "geometry": { "type": "Point", "coordinates": [ 115.295414148762376, -8.430154611061642 ] } },
{ "type": "Feature", "properties": { "id": 509, "kode_zona": null, "nama_zona": "Kelusa", "diameter": 2.0, "kondisi": "Baik", "merk": null, "lokasi": "UTARA PUSKESMAS YEH TENGAH", "th_pasang": null, "elevasi": null, "tapping": null, "notes": null, "foto": null, "tgl_input": "2023-11-17", "tgl_update": "2023-11-17", "no_aset": 10.0, "fid": null, "context": "Ventile", "pelayanan": "Pelayanan Payangan", "tgl_delete": null, "nama_dma": "7.5.1 DMA Yangapi", "no_bap": null, "subsitem": null, "tgl_asbuilt": null, "id_verifikasi": null, "sumber_data": null, "history": null, "petugas_input": null, "latitude": "-8.440898804722355", "longitude": "115.2653593097472", "verifikator": "I Nyoman Sumayasa" }, "geometry": { "type": "Point", "coordinates": [ 115.265359309747197, -8.440898804722355 ] } },
{ "type": "Feature", "properties": { "id": 25, "kode_zona": null, "nama_zona": "Kerta", "diameter": 3.0, "kondisi": "Baik", "merk": null, "lokasi": "Utara Klinik Angga", "th_pasang": null, "elevasi": null, "tapping": null, "notes": null, "foto": null, "tgl_input": null, "tgl_update": "2025-02-21", "no_aset": 11.0, "fid": 58, "context": "Ventile", "pelayanan": "Pelayanan Payangan", "tgl_delete": null, "nama_dma": "7.1.1 DMA Kerta Timur", "no_bap": "0052\/BAP\/IV\/II\/2025", "subsitem": null, "tgl_asbuilt": null, "id_verifikasi": null, "sumber_data": "BAP", "history": null, "petugas_input": null, "latitude": "-8.349702464113253", "longitude": "115.27775999916555", "verifikator": "I Made Darsana" }, "geometry": { "type": "Point", "coordinates": [ 115.277759999165553, -8.349702464113253 ] } },
{ "type": "Feature", "properties": { "id": 517, "kode_zona": null, "nama_zona": "Puhu", "diameter": 1.0, "kondisi": "Baik", "merk": "C30", "lokasi": "Selatan pohong mangga", "th_pasang": "2023", "elevasi": null, "tapping": "40", "notes": null, "foto": null, "tgl_input": "2023-11-30", "tgl_update": "2023-11-30", "no_aset": null, "fid": null, "context": "Ventile", "pelayanan": "Pelayanan Payangan", "tgl_delete": null, "nama_dma": "7.2.2 DMA Subilang", "no_bap": "0068\/BAP\/IV\/XI\/202", "subsitem": null, "tgl_asbuilt": null, "id_verifikasi": null, "sumber_data": "BAP", "history": null, "petugas_input": null, "latitude": "-8.415221751193606", "longitude": "115.2532825804064", "verifikator": "I Made Darsana" }, "geometry": { "type": "Point", "coordinates": [ 115.253282580406406, -8.415221751193606 ] } },
{ "type": "Feature", "properties": { "id": 502, "kode_zona": null, "nama_zona": "Mancawarna", "diameter": 1.0, "kondisi": "Baik", "merk": "C30", "lokasi": "Depan Pertigaan Jalan Ke Sumber Pesalakan", "th_pasang": "2023", "elevasi": null, "tapping": "50", "notes": null, "foto": null, "tgl_input": "2023-09-29", "tgl_update": "2023-09-29", "no_aset": null, "fid": null, "context": "Ventile", "pelayanan": "Pelayanan Tampaksiring", "tgl_delete": null, "nama_dma": "3.3.4 DMA Pengembungan", "no_bap": "0141\/BAP\/VII\/IX\/2023", "subsitem": null, "tgl_asbuilt": null, "id_verifikasi": null, "sumber_data": "BAP", "history": null, "petugas_input": null, "latitude": "-8.480491749309289", "longitude": "115.30212045271735", "verifikator": "Dewa Gede Agus Saputra" }, "geometry": { "type": "Point", "coordinates": [ 115.302120452717347, -8.480491749309289 ] } },
{ "type": "Feature", "properties": { "id": 504, "kode_zona": null, "nama_zona": "Manukaya", "diameter": 1.0, "kondisi": "Baik", "merk": "C30", "lokasi": "Utara Jalan Pura Jati", "th_pasang": "2023", "elevasi": null, "tapping": "75", "notes": null, "foto": null, "tgl_input": "2023-09-29", "tgl_update": "2025-01-22", "no_aset": null, "fid": null, "context": "Ventile", "pelayanan": "Pelayanan Tampaksiring", "tgl_delete": null, "nama_dma": "3.1.3 DMA Temen", "no_bap": null, "subsitem": null, "tgl_asbuilt": null, "id_verifikasi": null, "sumber_data": "BAP", "history": null, "petugas_input": null, "latitude": "-8.392603490402427", "longitude": "115.33132995346774", "verifikator": "Dewa Gede Agus Saputra" }, "geometry": { "type": "Point", "coordinates": [ 115.331329953467744, -8.392603490402427 ] } },
{ "type": "Feature", "properties": { "id": 120, "kode_zona": null, "nama_zona": "Kota Sukawati", "diameter": 2.0, "kondisi": "Baik", "merk": null, "lokasi": "SELATAN BR PENIDA", "th_pasang": null, "elevasi": null, "tapping": null, "notes": null, "foto": null, "tgl_input": null, "tgl_update": null, "no_aset": null, "fid": 137, "context": "Ventile", "pelayanan": "Pelayanan Sukawati", "tgl_delete": null, "nama_dma": "2.4.3 DMA Celuk", "no_bap": null, "subsitem": null, "tgl_asbuilt": null, "id_verifikasi": null, "sumber_data": null, "history": null, "petugas_input": null, "latitude": "-8.589636698306533", "longitude": "115.2686421180431", "verifikator": "I Komang Sucipta" }, "geometry": { "type": "Point", "coordinates": [ 115.268642118043104, -8.589636698306533 ] } },
{ "type": "Feature", "properties": { "id": 121, "kode_zona": null, "nama_zona": "Kota Sukawati", "diameter": 1.0, "kondisi": "Baik", "merk": null, "lokasi": "PURI SAKANA", "th_pasang": null, "elevasi": null, "tapping": null, "notes": null, "foto": null, "tgl_input": null, "tgl_update": null, "no_aset": null, "fid": 138, "context": "Ventile", "pelayanan": "Pelayanan Sukawati", "tgl_delete": null, "nama_dma": "2.4.3 DMA Celuk", "no_bap": null, "subsitem": null, "tgl_asbuilt": null, "id_verifikasi": null, "sumber_data": null, "history": null, "petugas_input": null, "latitude": "-8.59259533640977", "longitude": "115.26890240578938", "verifikator": "I Komang Sucipta" }, "geometry": { "type": "Point", "coordinates": [ 115.268902405789376, -8.59259533640977 ] } },
{ "type": "Feature", "properties": { "id": 122, "kode_zona": null, "nama_zona": "Lodtunduh", "diameter": 1.0, "kondisi": "Baik", "merk": null, "lokasi": "DI DMA GERIH", "th_pasang": null, "elevasi": null, "tapping": null, "notes": null, "foto": null, "tgl_input": null, "tgl_update": null, "no_aset": null, "fid": 139, "context": "Ventile", "pelayanan": "Pelayanan Ubud", "tgl_delete": null, "nama_dma": "5.6.2 DMA Lodtunduh Barat", "no_bap": null, "subsitem": null, "tgl_asbuilt": null, "id_verifikasi": null, "sumber_data": null, "history": null, "petugas_input": null, "latitude": "-8.579067498691574", "longitude": "115.26507882775428", "verifikator": "I Komang Sucipta" }, "geometry": { "type": "Point", "coordinates": [ 115.26507882775428, -8.579067498691574 ] } },
{ "type": "Feature", "properties": { "id": 473, "kode_zona": "TLK", "nama_zona": "Tulikup", "diameter": null, "kondisi": "Baik", "merk": null, "lokasi": "Selatan Balai Banjar Roban", "th_pasang": null, "elevasi": null, "tapping": null, "notes": null, "foto": null, "tgl_input": "2022-12-29", "tgl_update": null, "no_aset": 0.0, "fid": null, "context": "Ventile", "pelayanan": "Pelayanan Gianyar", "tgl_delete": "2025-01-07", "nama_dma": "1.10.3 DMA Meranggi", "no_bap": null, "subsitem": null, "tgl_asbuilt": null, "id_verifikasi": null, "sumber_data": null, "history": null, "petugas_input": null, "latitude": "-8.551858996168093", "longitude": "115.35950807154997", "verifikator": "I Wayan Degug" }, "geometry": { "type": "Point", "coordinates": [ 115.359508071549968, -8.551858996168093 ] } },
{ "type": "Feature", "properties": { "id": 505, "kode_zona": null, "nama_zona": "Kota Tampaksiring", "diameter": 1.0, "kondisi": "Baik", "merk": "C30", "lokasi": "Depan Balai Banjar Bantas", "th_pasang": "2023", "elevasi": null, "tapping": "100", "notes": null, "foto": null, "tgl_input": "2023-09-29", "tgl_update": "2023-09-29", "no_aset": null, "fid": null, "context": "Ventile", "pelayanan": "Pelayanan Tampaksiring", "tgl_delete": null, "nama_dma": "3.2.1 DMA Bantas", "no_bap": "0046\/BAP\/VII\/VIII\/2023", "subsitem": null, "tgl_asbuilt": null, "id_verifikasi": null, "sumber_data": "BAP", "history": null, "petugas_input": null, "latitude": "-8.40083083934891", "longitude": "115.31680003839263", "verifikator": "Dewa Gede Agus Saputra" }, "geometry": { "type": "Point", "coordinates": [ 115.316800038392628, -8.40083083934891 ] } },
{ "type": "Feature", "properties": { "id": 507, "kode_zona": null, "nama_zona": "Kota Tampaksiring", "diameter": 1.0, "kondisi": "Baik", "merk": null, "lokasi": "Polsek", "th_pasang": "2023", "elevasi": null, "tapping": null, "notes": null, "foto": null, "tgl_input": "2023-10-31", "tgl_update": "2023-10-31", "no_aset": null, "fid": null, "context": "Ventile", "pelayanan": "Pelayanan Tampaksiring", "tgl_delete": null, "nama_dma": "3.2.2 DMA Manukaya", "no_bap": "0041\/BAP\/VII\/X\/2023", "subsitem": null, "tgl_asbuilt": null, "id_verifikasi": null, "sumber_data": "BAP", "history": null, "petugas_input": null, "latitude": "-8.418880366987965", "longitude": "115.30921933109602", "verifikator": "Dewa Gede Agus Saputra" }, "geometry": { "type": "Point", "coordinates": [ 115.309219331096017, -8.418880366987965 ] } },
{ "type": "Feature", "properties": { "id": 526, "kode_zona": "TRK", "nama_zona": "Tarukan", "diameter": null, "kondisi": "Baik", "merk": null, "lokasi": "BANJAR PEDAPDAPAN, PEJENG", "th_pasang": "2024", "elevasi": null, "tapping": null, "notes": null, "foto": null, "tgl_input": "2024-02-23", "tgl_update": "2024-02-23", "no_aset": null, "fid": null, "context": "Ventile", "pelayanan": "Pelayanan Tampaksiring", "tgl_delete": null, "nama_dma": "3.5.2 DMA Pedapdapan", "no_bap": "0144\/BAP\/VII\/II\/2024", "subsitem": null, "tgl_asbuilt": null, "id_verifikasi": null, "sumber_data": "BAP", "history": null, "petugas_input": null, "latitude": "-8.505868752391239", "longitude": "115.29293753298502", "verifikator": "I Nyoman Suarta, S.E." }, "geometry": { "type": "Point", "coordinates": [ 115.292937532985022, -8.505868752391239 ] } },
{ "type": "Feature", "properties": { "id": 527, "kode_zona": "PSL", "nama_zona": "Pesalakan", "diameter": null, "kondisi": "Baik", "merk": null, "lokasi": "BANJAR CEMADIK, PEJENG KANGIN", "th_pasang": "2024", "elevasi": null, "tapping": null, "notes": null, "foto": null, "tgl_input": "2024-02-26", "tgl_update": "2024-02-26", "no_aset": null, "fid": null, "context": "Ventile", "pelayanan": "Pelayanan Tampaksiring", "tgl_delete": null, "nama_dma": "3.6.1 DMA Cemadik", "no_bap": "0191\/BAP\/VII\/II\/2024", "subsitem": null, "tgl_asbuilt": null, "id_verifikasi": null, "sumber_data": "BAP", "history": null, "petugas_input": null, "latitude": "-8.488424019242776", "longitude": "115.30455018319988", "verifikator": "I Nyoman Suarta, S.E." }, "geometry": { "type": "Point", "coordinates": [ 115.304550183199879, -8.488424019242776 ] } },
{ "type": "Feature", "properties": { "id": 102, "kode_zona": null, "nama_zona": "Sumita", "diameter": null, "kondisi": "Baik", "merk": null, "lokasi": "BANJAR MULUNG, SUMITA", "th_pasang": null, "elevasi": null, "tapping": "75", "notes": null, "foto": null, "tgl_input": null, "tgl_update": "2025-06-18", "no_aset": null, "fid": 120, "context": "Ventile", "pelayanan": "Pelayanan Gianyar", "tgl_delete": null, "nama_dma": "1.4.2 DMA Siih", "no_bap": "0182\/BAP\/I\/IV\/2025", "subsitem": null, "tgl_asbuilt": null, "id_verifikasi": null, "sumber_data": "BAP", "history": "2024-11-26 0245\/BAP\/I\/XI\/2024", "petugas_input": null, "latitude": "-8.479380311802734", "longitude": "115.31258232495347", "verifikator": "I Made Sutika Semarajaya" }, "geometry": { "type": "Point", "coordinates": [ 115.312582324953468, -8.479380311802734 ] } },
{ "type": "Feature", "properties": { "id": 512, "kode_zona": null, "nama_zona": "Bakbakan", "diameter": 1.0, "kondisi": "Baik", "merk": "DKY", "lokasi": "Br.Pacung", "th_pasang": "2023", "elevasi": null, "tapping": null, "notes": null, "foto": null, "tgl_input": "2023-11-30", "tgl_update": "2023-11-30", "no_aset": null, "fid": null, "context": "Ventile", "pelayanan": "Pelayanan Gianyar", "tgl_delete": null, "nama_dma": "1.5.2 DMA Pacung", "no_bap": "0058\/BAP\/I\/XI\/2023", "subsitem": null, "tgl_asbuilt": null, "id_verifikasi": null, "sumber_data": "BAP", "history": null, "petugas_input": null, "latitude": "-8.526816375574013", "longitude": "115.31992969452625", "verifikator": "I Made Sutika Semarajaya" }, "geometry": { "type": "Point", "coordinates": [ 115.319929694526252, -8.526816375574013 ] } },
{ "type": "Feature", "properties": { "id": 496, "kode_zona": null, "nama_zona": "Tegaltugu", "diameter": 1.0, "kondisi": "Baik", "merk": null, "lokasi": "Timur Rumah Sakit Family Husada", "th_pasang": "2023", "elevasi": null, "tapping": null, "notes": null, "foto": null, "tgl_input": "2023-08-15", "tgl_update": "2025-01-31", "no_aset": null, "fid": null, "context": "Ventile", "pelayanan": "Pelayanan Gianyar", "tgl_delete": null, "nama_dma": "1.12.2 DMA Tegal Tugu", "no_bap": "", "subsitem": null, "tgl_asbuilt": null, "id_verifikasi": null, "sumber_data": null, "history": "2025-01-31 Memperbaiki data nama_dma disesuaikan dengan posisi DMA area atau poligon DMA menjadi 1.12.2 DMA Tegaltugu", "petugas_input": null, "latitude": "-8.540789116899596", "longitude": "115.33493996312629", "verifikator": "I Wayan Degug" }, "geometry": { "type": "Point", "coordinates": [ 115.334939963126288, -8.540789116899596 ] } },
{ "type": "Feature", "properties": { "id": 519, "kode_zona": "SDN", "nama_zona": "Sidan", "diameter": null, "kondisi": "Baik", "merk": null, "lokasi": "Utara Kantor Disnaker", "th_pasang": null, "elevasi": null, "tapping": null, "notes": null, "foto": null, "tgl_input": "2024-01-08", "tgl_update": "2024-08-13", "no_aset": 0.0, "fid": null, "context": "Ventile", "pelayanan": "Pelayanan Gianyar", "tgl_delete": null, "nama_dma": "1.8.4 DMA Sidan (Tengah)", "no_bap": "0092\/BAP\/I\/VIII\/2024", "subsitem": null, "tgl_asbuilt": null, "id_verifikasi": null, "sumber_data": "BAP", "history": null, "petugas_input": null, "latitude": "-8.53780687194743", "longitude": "115.34770963624956", "verifikator": "I Wayan Degug" }, "geometry": { "type": "Point", "coordinates": [ 115.347709636249562, -8.53780687194743 ] } },
{ "type": "Feature", "properties": { "id": 129, "kode_zona": null, "nama_zona": "Kota Sukawati", "diameter": 2.0, "kondisi": "Baik", "merk": null, "lokasi": "SB Abianseka II", "th_pasang": null, "elevasi": null, "tapping": null, "notes": null, "foto": null, "tgl_input": null, "tgl_update": null, "no_aset": null, "fid": 162, "context": "Ventile", "pelayanan": "Pelayanan Sukawati", "tgl_delete": null, "nama_dma": "2.4.5 SB Sakah", "no_bap": "0119\/BAP\/VI\/I\/2025", "subsitem": null, "tgl_asbuilt": null, "id_verifikasi": null, "sumber_data": "BAP", "history": null, "petugas_input": null, "latitude": "-8.561833358463593", "longitude": "115.27223927275003", "verifikator": "I Komang Sucipta" }, "geometry": { "type": "Point", "coordinates": [ 115.272239272750028, -8.561833358463593 ] } },
{ "type": "Feature", "properties": { "id": 612, "kode_zona": null, "nama_zona": "Bukit Jati", "diameter": null, "kondisi": "Baik", "merk": null, "lokasi": "Jl. I Gusti Ngurah Rai", "th_pasang": null, "elevasi": null, "tapping": null, "notes": null, "foto": null, "tgl_input": "2025-01-07", "tgl_update": null, "no_aset": null, "fid": null, "context": "Ventile", "pelayanan": "Pelayanan Gianyar", "tgl_delete": null, "nama_dma": "1.11.1 DMA Bukit Jati", "no_bap": null, "subsitem": null, "tgl_asbuilt": null, "id_verifikasi": null, "sumber_data": "Koorwil", "history": "2025-01-31 Memperbaiki data nama_dma disesuaikan dengan posisi DMA area atau poligon DMA menjadi 1.11.1 DMA Bukit Jati", "petugas_input": null, "latitude": "-8.539927893484531", "longitude": "115.33770583938144", "verifikator": "I Wayan Degug" }, "geometry": { "type": "Point", "coordinates": [ 115.337705839381442, -8.539927893484531 ] } },
{ "type": "Feature", "properties": { "id": 610, "kode_zona": null, "nama_zona": "Bukit Jati", "diameter": null, "kondisi": "Baik", "merk": null, "lokasi": "Banjar Bukit Batu", "th_pasang": null, "elevasi": null, "tapping": null, "notes": null, "foto": null, "tgl_input": "2025-01-07", "tgl_update": null, "no_aset": null, "fid": null, "context": "Ventile", "pelayanan": "Pelayanan Gianyar", "tgl_delete": null, "nama_dma": "1.11.2 DMA Res. Bukit Jati", "no_bap": null, "subsitem": null, "tgl_asbuilt": null, "id_verifikasi": null, "sumber_data": "Koorwil", "history": null, "petugas_input": null, "latitude": "-8.535789353374723", "longitude": "115.3394923954884", "verifikator": "I Wayan Degug" }, "geometry": { "type": "Point", "coordinates": [ 115.339492395488406, -8.535789353374723 ] } },
{ "type": "Feature", "properties": { "id": 506, "kode_zona": null, "nama_zona": "Peliatan", "diameter": 1.0, "kondisi": "Baik", "merk": "C30", "lokasi": "Jl. Raya Andong", "th_pasang": "2023", "elevasi": null, "tapping": null, "notes": null, "foto": null, "tgl_input": "2023-10-30", "tgl_update": "2023-10-30", "no_aset": null, "fid": null, "context": "Ventile", "pelayanan": "Pelayanan Ubud", "tgl_delete": null, "nama_dma": "5.5.1 DMA Andong", "no_bap": "0241\/BAP\/III\/X\/2023", "subsitem": null, "tgl_asbuilt": null, "id_verifikasi": null, "sumber_data": "BAP", "history": null, "petugas_input": null, "latitude": "-8.498184696145477", "longitude": "115.27289930321811", "verifikator": "I Wayan Artawan" }, "geometry": { "type": "Point", "coordinates": [ 115.272899303218111, -8.498184696145477 ] } },
{ "type": "Feature", "properties": { "id": 242, "kode_zona": null, "nama_zona": "Laplapan", "diameter": 1.0, "kondisi": "Baik", "merk": null, "lokasi": "Utara DMA melayang", "th_pasang": null, "elevasi": null, "tapping": null, "notes": null, "foto": null, "tgl_input": null, "tgl_update": null, "no_aset": null, "fid": 144, "context": "Ventile", "pelayanan": "Pelayanan Ubud", "tgl_delete": null, "nama_dma": "5.7.1 DMA Laplapan", "no_bap": null, "subsitem": null, "tgl_asbuilt": null, "id_verifikasi": null, "sumber_data": null, "history": null, "petugas_input": null, "latitude": "-8.488996021457874", "longitude": "115.28283852840161", "verifikator": "I Wayan Artawan" }, "geometry": { "type": "Point", "coordinates": [ 115.282838528401612, -8.488996021457874 ] } },
{ "type": "Feature", "properties": { "id": 538, "kode_zona": "KTG", "nama_zona": "Kota Tegallalang", "diameter": null, "kondisi": "Baik", "merk": null, "lokasi": "RESERVOIR SAPAT", "th_pasang": "2024", "elevasi": null, "tapping": null, "notes": null, "foto": null, "tgl_input": "2024-03-28", "tgl_update": "2024-03-28", "no_aset": null, "fid": null, "context": "Ventile", "pelayanan": "Pelayanan Tegallalang", "tgl_delete": null, "nama_dma": "6.3.5 DMA Sapat", "no_bap": "0063\/BAP\/V\/III\/2024", "subsitem": null, "tgl_asbuilt": "2024-06-06", "id_verifikasi": null, "sumber_data": "BAP", "history": null, "petugas_input": null, "latitude": "-8.468961567769869", "longitude": "115.2777172105896", "verifikator": "I Wayan Sujarwa" }, "geometry": { "type": "Point", "coordinates": [ 115.2777172105896, -8.468961567769869 ] } },
{ "type": "Feature", "properties": { "id": 53, "kode_zona": null, "nama_zona": "Kota Payangan", "diameter": 2.0, "kondisi": "Baik", "merk": null, "lokasi": "Depan Br Karang Suwung", "th_pasang": null, "elevasi": null, "tapping": null, "notes": null, "foto": null, "tgl_input": "2022-07-25", "tgl_update": "2022-07-25", "no_aset": 8.0, "fid": 397, "context": "Ventile", "pelayanan": "Pelayanan Payangan", "tgl_delete": null, "nama_dma": "7.4.7 DMA Karang Suwung (BBT DN 200)", "no_bap": null, "subsitem": null, "tgl_asbuilt": null, "id_verifikasi": null, "sumber_data": null, "history": null, "petugas_input": null, "latitude": "-8.44066928751614", "longitude": "115.24037621813754", "verifikator": "I Nyoman Sumayasa" }, "geometry": { "type": "Point", "coordinates": [ 115.240376218137541, -8.44066928751614 ] } },
{ "type": "Feature", "properties": { "id": 40, "kode_zona": null, "nama_zona": "Kedewatan", "diameter": 100.0, "kondisi": "Baik", "merk": null, "lokasi": "UTARA PURA PENANTARAN SANGGINGAN", "th_pasang": null, "elevasi": null, "tapping": null, "notes": null, "foto": null, "tgl_input": null, "tgl_update": "2025-01-31", "no_aset": null, "fid": 353, "context": "Ventile", "pelayanan": "Pelayanan Ubud", "tgl_delete": null, "nama_dma": "5.1.4 DMA Kedewatan", "no_bap": "0181\/BAP\/III\/VIII\/2024", "subsitem": null, "tgl_asbuilt": null, "id_verifikasi": null, "sumber_data": "BAP", "history": "2025-01-31 Memperbaiki data nama_dma disesuaikan dengan posisi DMA area atau poligon DMA menjadi 5.1.4 DMA Kedewatan", "petugas_input": null, "latitude": "-8.487794524371063", "longitude": "115.25390396685688", "verifikator": "I Wayan Eka Putrayasa" }, "geometry": { "type": "Point", "coordinates": [ 115.253903966856882, -8.487794524371063 ] } },
{ "type": "Feature", "properties": { "id": 8, "kode_zona": null, "nama_zona": "Bona", "diameter": 1.0, "kondisi": "Baik", "merk": null, "lokasi": "Depan bengkel Bona Kaja", "th_pasang": "2018", "elevasi": null, "tapping": null, "notes": null, "foto": null, "tgl_input": null, "tgl_update": "2024-11-27", "no_aset": null, "fid": 5, "context": "Ventile", "pelayanan": "Pelayanan Blahbatuh", "tgl_delete": "2024-11-27", "nama_dma": "4.6.1 SB Bona (Non DMA)", "no_bap": null, "subsitem": null, "tgl_asbuilt": null, "id_verifikasi": null, "sumber_data": null, "history": null, "petugas_input": null, "latitude": "-8.552749069832464", "longitude": "115.3157567352719", "verifikator": "Gilang Mada Awiyat" }, "geometry": { "type": "Point", "coordinates": [ 115.315756735271904, -8.552749069832464 ] } },
{ "type": "Feature", "properties": { "id": 542, "kode_zona": "KDW", "nama_zona": "Kedewatan", "diameter": null, "kondisi": "Baik", "merk": null, "lokasi": "BANJAR LUNGSIAKAN, KEDEWATAN", "th_pasang": "2024", "elevasi": null, "tapping": null, "notes": null, "foto": null, "tgl_input": "2024-05-07", "tgl_update": "2024-05-07", "no_aset": null, "fid": null, "context": "Ventile", "pelayanan": "Pelayanan Ubud", "tgl_delete": null, "nama_dma": "5.1.6 DMA Sanggingan", "no_bap": "0024\/BAP\/III\/V\/2024", "subsitem": null, "tgl_asbuilt": null, "id_verifikasi": null, "sumber_data": "BAP", "history": null, "petugas_input": null, "latitude": "-8.502261790953709", "longitude": "115.25183162730248", "verifikator": "I Wayan Eka Putrayasa" }, "geometry": { "type": "Point", "coordinates": [ 115.251831627302479, -8.502261790953709 ] } },
{ "type": "Feature", "properties": { "id": 529, "kode_zona": "PKU", "nama_zona": "Petak Kaja Utara", "diameter": null, "kondisi": "Baik", "merk": null, "lokasi": "TRANSMISI PETAK MANTRING", "th_pasang": "2024", "elevasi": null, "tapping": null, "notes": null, "foto": null, "tgl_input": "2024-03-07", "tgl_update": "2024-03-07", "no_aset": null, "fid": null, "context": "Ventile", "pelayanan": "Pelayanan Gianyar", "tgl_delete": null, "nama_dma": "1.1.1 DMA Petak Utara", "no_bap": "0042\/BAP\/I\/III\/2024", "subsitem": null, "tgl_asbuilt": null, "id_verifikasi": null, "sumber_data": "BAP", "history": "2025-01-31 Memperbaiki data nama_dma disesuaikan dengan posisi DMA area atau poligon DMA menjadi 1.1.1 DMA Petak Utara", "petugas_input": null, "latitude": "-8.421518587382364", "longitude": "115.32678732387147", "verifikator": "Dewa Gede Agus Saputra" }, "geometry": { "type": "Point", "coordinates": [ 115.326787323871471, -8.421518587382364 ] } },
{ "type": "Feature", "properties": { "id": 536, "kode_zona": "TRK", "nama_zona": "Tarukan", "diameter": null, "kondisi": "Baik", "merk": null, "lokasi": "BANJAR TARUKAN KAJA, PEJENG KAJA", "th_pasang": "2024", "elevasi": null, "tapping": null, "notes": null, "foto": null, "tgl_input": "2024-03-28", "tgl_update": "2024-09-13", "no_aset": null, "fid": null, "context": "Ventile", "pelayanan": "Pelayanan Tampaksiring", "tgl_delete": null, "nama_dma": "3.5.1 DMA Tarukan", "no_bap": "0130\/BAP\/VII\/III\/2024", "subsitem": null, "tgl_asbuilt": null, "id_verifikasi": null, "sumber_data": "BAP", "history": null, "petugas_input": null, "latitude": "-8.49135578974535", "longitude": "115.2921022796209", "verifikator": "I Nyoman Suarta, S.E." }, "geometry": { "type": "Point", "coordinates": [ 115.292102279620906, -8.49135578974535 ] } },
{ "type": "Feature", "properties": { "id": 54, "kode_zona": null, "nama_zona": "Kota Payangan", "diameter": 2.0, "kondisi": "Baik", "merk": null, "lokasi": "Utara BR Paling Ujung", "th_pasang": null, "elevasi": null, "tapping": null, "notes": null, "foto": null, "tgl_input": "2022-07-26", "tgl_update": "2022-07-26", "no_aset": 9.0, "fid": 398, "context": "Ventile", "pelayanan": "Pelayanan Payangan", "tgl_delete": null, "nama_dma": "7.4.7 DMA Karang Suwung (BBT DN 200)", "no_bap": null, "subsitem": null, "tgl_asbuilt": null, "id_verifikasi": null, "sumber_data": null, "history": null, "petugas_input": null, "latitude": "-8.445232809876192", "longitude": "115.23924674725002", "verifikator": "I Nyoman Sumayasa" }, "geometry": { "type": "Point", "coordinates": [ 115.239246747250021, -8.445232809876192 ] } },
{ "type": "Feature", "properties": { "id": 3, "kode_zona": null, "nama_zona": "Kota Ubud", "diameter": 1.0, "kondisi": "Baik", "merk": null, "lokasi": "Ventil 1\"dipipa 3\" depan restauran dian jln monkey forest", "th_pasang": null, "elevasi": null, "tapping": null, "notes": null, "foto": null, "tgl_input": null, "tgl_update": null, "no_aset": null, "fid": 338, "context": "Ventile", "pelayanan": "Pelayanan Ubud", "tgl_delete": null, "nama_dma": "5.3.2 DMA Monkey Forest", "no_bap": null, "subsitem": null, "tgl_asbuilt": null, "id_verifikasi": null, "sumber_data": null, "history": null, "petugas_input": null, "latitude": "-8.514104435080396", "longitude": "115.26059496934917", "verifikator": "I Wayan Artawan" }, "geometry": { "type": "Point", "coordinates": [ 115.260594969349171, -8.514104435080396 ] } },
{ "type": "Feature", "properties": { "id": 4, "kode_zona": null, "nama_zona": "Kota Ubud", "diameter": 1.0, "kondisi": "Baik", "merk": null, "lokasi": "Ventil 1\" di pipa 3\" selatan DMA 3 jalan hanoman ubud", "th_pasang": null, "elevasi": null, "tapping": null, "notes": null, "foto": null, "tgl_input": null, "tgl_update": null, "no_aset": null, "fid": 339, "context": "Ventile", "pelayanan": "Pelayanan Ubud", "tgl_delete": null, "nama_dma": "5.3.3 DMA Padang Tegal", "no_bap": null, "subsitem": null, "tgl_asbuilt": null, "id_verifikasi": null, "sumber_data": null, "history": null, "petugas_input": null, "latitude": "-8.508858403641392", "longitude": "115.26515492827176", "verifikator": "I Wayan Artawan" }, "geometry": { "type": "Point", "coordinates": [ 115.265154928271755, -8.508858403641392 ] } },
{ "type": "Feature", "properties": { "id": 7, "kode_zona": null, "nama_zona": "Kota Ubud", "diameter": 1.0, "kondisi": "Baik", "merk": null, "lokasi": "Ventil 1\" di pipa distr 8\" depan bebek tepi sawah br teges kangin", "th_pasang": null, "elevasi": null, "tapping": null, "notes": null, "foto": null, "tgl_input": null, "tgl_update": null, "no_aset": null, "fid": 342, "context": "Ventile", "pelayanan": "Pelayanan Ubud", "tgl_delete": null, "nama_dma": "5.3.1 DMA Kota Campuhan 8", "no_bap": null, "subsitem": null, "tgl_asbuilt": null, "id_verifikasi": null, "sumber_data": null, "history": null, "petugas_input": null, "latitude": "-8.52391205136979", "longitude": "115.27272293032489", "verifikator": "I Wayan Artawan" }, "geometry": { "type": "Point", "coordinates": [ 115.272722930324889, -8.523912051369789 ] } },
{ "type": "Feature", "properties": { "id": 539, "kode_zona": "KUB", "nama_zona": "Kota Ubud", "diameter": null, "kondisi": "Baik", "merk": null, "lokasi": "LINGKUNGAN UBUD TENGAH", "th_pasang": "2024", "elevasi": null, "tapping": null, "notes": null, "foto": null, "tgl_input": "2024-04-18", "tgl_update": "2024-04-18", "no_aset": null, "fid": null, "context": "Ventile", "pelayanan": "Pelayanan Ubud", "tgl_delete": null, "nama_dma": "5.3.1 DMA Kota Campuhan 8", "no_bap": "0071\/BAP\/III\/IV\/2024", "subsitem": null, "tgl_asbuilt": null, "id_verifikasi": null, "sumber_data": "BAP", "history": null, "petugas_input": null, "latitude": "-8.506532249379008", "longitude": "115.26147449999999", "verifikator": "I Wayan Artawan" }, "geometry": { "type": "Point", "coordinates": [ 115.2614745, -8.506532249379008 ] } },
{ "type": "Feature", "properties": { "id": 142, "kode_zona": null, "nama_zona": "Kota Sukawati", "diameter": 1.0, "kondisi": "Baik", "merk": null, "lokasi": "BANJAR JELEKA", "th_pasang": null, "elevasi": null, "tapping": null, "notes": null, "foto": null, "tgl_input": null, "tgl_update": "2024-08-26", "no_aset": null, "fid": 204, "context": "Ventile", "pelayanan": "Pelayanan Sukawati", "tgl_delete": null, "nama_dma": "2.4.2 DMA Jeleka 3 dan 4", "no_bap": "0155\/BAP\/VI\/VIII\/2024", "subsitem": null, "tgl_asbuilt": null, "id_verifikasi": null, "sumber_data": "BAP", "history": null, "petugas_input": null, "latitude": "-8.583286682169549", "longitude": "115.27254251412184", "verifikator": "I Komang Sucipta" }, "geometry": { "type": "Point", "coordinates": [ 115.272542514121838, -8.583286682169549 ] } },
{ "type": "Feature", "properties": { "id": 137, "kode_zona": null, "nama_zona": "Kemenuh", "diameter": 1.0, "kondisi": "Baik", "merk": null, "lokasi": "Jl. Ir. Sutami", "th_pasang": null, "elevasi": null, "tapping": null, "notes": null, "foto": null, "tgl_input": null, "tgl_update": null, "no_aset": null, "fid": 174, "context": "Ventile", "pelayanan": "Pelayanan Sukawati", "tgl_delete": "2023-06-12", "nama_dma": "2.5.1 DMA Tengkulak Kaja", "no_bap": null, "subsitem": null, "tgl_asbuilt": null, "id_verifikasi": null, "sumber_data": null, "history": null, "petugas_input": null, "latitude": "-8.538549585420983", "longitude": "115.28204056416911", "verifikator": "I Komang Sucipta" }, "geometry": { "type": "Point", "coordinates": [ 115.282040564169108, -8.538549585420983 ] } },
{ "type": "Feature", "properties": { "id": 537, "kode_zona": "TRK", "nama_zona": "Tarukan", "diameter": null, "kondisi": "Baik", "merk": null, "lokasi": "BANJAR TARUKAN KAJA, PEJENG KAJA", "th_pasang": "2024", "elevasi": null, "tapping": null, "notes": null, "foto": null, "tgl_input": "2024-03-28", "tgl_update": null, "no_aset": null, "fid": null, "context": "Ventile", "pelayanan": "Pelayanan Tampaksiring", "tgl_delete": null, "nama_dma": "3.5.1 DMA Tarukan", "no_bap": "0120\/BAP\/VII\/III\/2024", "subsitem": null, "tgl_asbuilt": null, "id_verifikasi": null, "sumber_data": "BAP", "history": null, "petugas_input": null, "latitude": "-8.487476842974893", "longitude": "115.29312650749358", "verifikator": "I Nyoman Suarta, S.E." }, "geometry": { "type": "Point", "coordinates": [ 115.293126507493582, -8.487476842974893 ] } },
{ "type": "Feature", "properties": { "id": 533, "kode_zona": null, "nama_zona": "Petak Kaja Selatan", "diameter": null, "kondisi": "Baik", "merk": null, "lokasi": "UTARA PUSKESMAS MADANGAN KELOD", "th_pasang": "2024", "elevasi": null, "tapping": null, "notes": null, "foto": null, "tgl_input": "2024-03-18", "tgl_update": "2024-03-18", "no_aset": null, "fid": null, "context": "Ventile", "pelayanan": "Pelayanan Gianyar", "tgl_delete": null, "nama_dma": "1.2.2 DMA Bonyuh", "no_bap": "0092\/BAP\/I\/III\/2024", "subsitem": null, "tgl_asbuilt": null, "id_verifikasi": null, "sumber_data": "BAP", "history": null, "petugas_input": null, "latitude": "-8.471081996893389", "longitude": "115.32351952676945", "verifikator": "I Made Sutika Semarajaya" }, "geometry": { "type": "Point", "coordinates": [ 115.323519526769445, -8.471081996893389 ] } },
{ "type": "Feature", "properties": { "id": 534, "kode_zona": null, "nama_zona": "Petak Kaja Utara", "diameter": null, "kondisi": "Baik", "merk": null, "lokasi": "DEPAN PERTASHOP SELATAN BANJAR MANTRING, PETAK", "th_pasang": "2024", "elevasi": null, "tapping": null, "notes": null, "foto": null, "tgl_input": "2024-03-21", "tgl_update": "2024-03-21", "no_aset": null, "fid": null, "context": "Ventile", "pelayanan": "Pelayanan Gianyar", "tgl_delete": null, "nama_dma": "1.1.1 DMA Petak Utara", "no_bap": "0129\/BAP\/I\/III\/2024", "subsitem": null, "tgl_asbuilt": null, "id_verifikasi": null, "sumber_data": "BAP", "history": null, "petugas_input": null, "latitude": "-8.453556453870437", "longitude": "115.31834520715054", "verifikator": "I Made Sutika Semarajaya" }, "geometry": { "type": "Point", "coordinates": [ 115.318345207150543, -8.453556453870437 ] } },
{ "type": "Feature", "properties": { "id": 540, "kode_zona": "PKU", "nama_zona": "Petak Kaja Utara", "diameter": null, "kondisi": "Baik", "merk": null, "lokasi": "BARAT SELIP BANJAR MANTRING PETAK", "th_pasang": "2024", "elevasi": null, "tapping": null, "notes": null, "foto": null, "tgl_input": "2024-05-02", "tgl_update": "2024-05-02", "no_aset": null, "fid": null, "context": "Ventile", "pelayanan": "Pelayanan Gianyar", "tgl_delete": null, "nama_dma": "1.1.1 DMA Petak Utara", "no_bap": "0006\/BAP\/I\/V\/2024", "subsitem": null, "tgl_asbuilt": null, "id_verifikasi": null, "sumber_data": "BAP", "history": null, "petugas_input": null, "latitude": "-8.452657742611521", "longitude": "115.31766599289466", "verifikator": "I Made Sutika Semarajaya" }, "geometry": { "type": "Point", "coordinates": [ 115.317665992894661, -8.452657742611521 ] } },
{ "type": "Feature", "properties": { "id": 543, "kode_zona": "SRG", "nama_zona": "Serongga", "diameter": null, "kondisi": "Baik", "merk": null, "lokasi": "BANJAR SERONGGA TENGAH", "th_pasang": "2024", "elevasi": null, "tapping": null, "notes": null, "foto": null, "tgl_input": "2024-05-17", "tgl_update": "2024-05-17", "no_aset": null, "fid": null, "context": "Ventile", "pelayanan": "Pelayanan Gianyar", "tgl_delete": null, "nama_dma": "1.13.1 DMA Serongga", "no_bap": "0114\/BAP\/I\/V\/2024", "subsitem": null, "tgl_asbuilt": null, "id_verifikasi": null, "sumber_data": "BAP", "history": null, "petugas_input": null, "latitude": "-8.563394153029407", "longitude": "115.3373405854269", "verifikator": "Dewa Ketut Arsana" }, "geometry": { "type": "Point", "coordinates": [ 115.337340585426901, -8.563394153029407 ] } },
{ "type": "Feature", "properties": { "id": 149, "kode_zona": null, "nama_zona": "Kota Sukawati", "diameter": 1.0, "kondisi": "Baik", "merk": null, "lokasi": "Banjar Gelumpang", "th_pasang": null, "elevasi": null, "tapping": null, "notes": null, "foto": null, "tgl_input": null, "tgl_update": null, "no_aset": null, "fid": 256, "context": "Ventile", "pelayanan": "Pelayanan Sukawati", "tgl_delete": null, "nama_dma": "2.4.10 DMA Gelumpang", "no_bap": null, "subsitem": null, "tgl_asbuilt": null, "id_verifikasi": null, "sumber_data": null, "history": null, "petugas_input": null, "latitude": "-8.60036010405147", "longitude": "115.2915981730217", "verifikator": "I Komang Sucipta" }, "geometry": { "type": "Point", "coordinates": [ 115.291598173021697, -8.60036010405147 ] } },
{ "type": "Feature", "properties": { "id": 123, "kode_zona": null, "nama_zona": "Kota Sukawati", "diameter": 1.0, "kondisi": "Baik", "merk": null, "lokasi": "Utara Balai Banjar Bucuan", "th_pasang": null, "elevasi": null, "tapping": null, "notes": null, "foto": null, "tgl_input": null, "tgl_update": null, "no_aset": null, "fid": 140, "context": "Ventile", "pelayanan": "Pelayanan Sukawati", "tgl_delete": null, "nama_dma": "2.4.12 DMA Gerih", "no_bap": null, "subsitem": null, "tgl_asbuilt": null, "id_verifikasi": null, "sumber_data": null, "history": null, "petugas_input": null, "latitude": "-8.583749414796285", "longitude": "115.26578933269425", "verifikator": "I Komang Sucipta" }, "geometry": { "type": "Point", "coordinates": [ 115.265789332694254, -8.583749414796285 ] } },
{ "type": "Feature", "properties": { "id": 141, "kode_zona": null, "nama_zona": "Kemenuh", "diameter": 25.0, "kondisi": "Baik", "merk": null, "lokasi": "Jl. Ir. Sutami", "th_pasang": null, "elevasi": null, "tapping": "40", "notes": null, "foto": null, "tgl_input": null, "tgl_update": "2025-10-16", "no_aset": null, "fid": 178, "context": "Ventile", "pelayanan": "Pelayanan Sukawati", "tgl_delete": null, "nama_dma": "2.5.2 DMA Tegenungan", "no_bap": null, "subsitem": null, "tgl_asbuilt": null, "id_verifikasi": null, "sumber_data": null, "history": null, "petugas_input": null, "latitude": "-8.572550443996683", "longitude": "115.28653743296239", "verifikator": "I Komang Sucipta" }, "geometry": { "type": "Point", "coordinates": [ 115.286461298421628, -8.572549686601139 ] } },
{ "type": "Feature", "properties": { "id": 528, "kode_zona": "LTD", "nama_zona": "Lodtunduh", "diameter": null, "kondisi": "Baik", "merk": null, "lokasi": "Jl. Ambarwati", "th_pasang": "2024", "elevasi": null, "tapping": null, "notes": null, "foto": null, "tgl_input": "2024-03-05", "tgl_update": "2024-03-05", "no_aset": null, "fid": null, "context": "Ventile", "pelayanan": "Pelayanan Ubud", "tgl_delete": null, "nama_dma": "5.6.1 DMA Lodtunduh Timur", "no_bap": "0015\/BAP\/III\/III\/2024", "subsitem": null, "tgl_asbuilt": null, "id_verifikasi": null, "sumber_data": "BAP", "history": null, "petugas_input": null, "latitude": "-8.541863394949072", "longitude": "115.26887720222871", "verifikator": "I Wayan Eka Putrayasa" }, "geometry": { "type": "Point", "coordinates": [ 115.268877202228708, -8.541863394949072 ] } },
{ "type": "Feature", "properties": { "id": 613, "kode_zona": null, "nama_zona": "Bukit Jati", "diameter": null, "kondisi": "Baik", "merk": null, "lokasi": "Jl. I Gusti Ngurah Rai", "th_pasang": null, "elevasi": null, "tapping": null, "notes": null, "foto": null, "tgl_input": null, "tgl_update": null, "no_aset": null, "fid": null, "context": "Ventile", "pelayanan": "Pelayanan Gianyar", "tgl_delete": null, "nama_dma": "1.11.1 DMA Bukit Jati", "no_bap": "0170\/BAP\/I\/III\/2025", "subsitem": null, "tgl_asbuilt": null, "id_verifikasi": null, "sumber_data": "Koorwil", "history": "2025-01-31 Memperbaiki data nama_dma disesuaikan dengan posisi DMA area atau poligon DMA menjadi 1.11.1 DMA Bukit Jati", "petugas_input": null, "latitude": "-8.53897697156246", "longitude": "115.34546622889626", "verifikator": "I Wayan Degug" }, "geometry": { "type": "Point", "coordinates": [ 115.345466228896257, -8.538976971562461 ] } },
{ "type": "Feature", "properties": { "id": 616, "kode_zona": null, "nama_zona": "Kota Gianyar", "diameter": null, "kondisi": "Baik", "merk": null, "lokasi": "Barat Alun-Alun Gianyar", "th_pasang": null, "elevasi": null, "tapping": null, "notes": null, "foto": null, "tgl_input": "2025-01-08", "tgl_update": null, "no_aset": null, "fid": null, "context": "Ventile", "pelayanan": "Pelayanan Gianyar", "tgl_delete": null, "nama_dma": "1.14.2 DMA Aries", "no_bap": null, "subsitem": null, "tgl_asbuilt": null, "id_verifikasi": null, "sumber_data": null, "history": null, "petugas_input": null, "latitude": "-8.54240659346914", "longitude": "115.32916106724119", "verifikator": "I Wayan Degug" }, "geometry": { "type": "Point", "coordinates": [ 115.329161067241188, -8.54240659346914 ] } },
{ "type": "Feature", "properties": { "id": 140, "kode_zona": null, "nama_zona": "Kemenuh", "diameter": 1.0, "kondisi": "Baik", "merk": null, "lokasi": "BANJAR MEDAHAN, KEMENUH", "th_pasang": null, "elevasi": null, "tapping": null, "notes": null, "foto": null, "tgl_input": null, "tgl_update": "2024-05-29", "no_aset": null, "fid": 177, "context": "Ventile", "pelayanan": "Pelayanan Sukawati", "tgl_delete": null, "nama_dma": "2.5.1 DMA Tengkulak Kaja", "no_bap": "0133\/BAP\/VI\/V\/2024", "subsitem": null, "tgl_asbuilt": null, "id_verifikasi": null, "sumber_data": "BAP", "history": null, "petugas_input": null, "latitude": "-8.55526234604873", "longitude": "115.28888550439416", "verifikator": "I Komang Sucipta" }, "geometry": { "type": "Point", "coordinates": [ 115.288761851073716, -8.555246631875765 ] } },
{ "type": "Feature", "properties": { "id": 167, "kode_zona": null, "nama_zona": "Bona", "diameter": 1.0, "kondisi": "Baik", "merk": null, "lokasi": "Selatan Balai Banjar Pasedana", "th_pasang": null, "elevasi": null, "tapping": "200", "notes": null, "foto": null, "tgl_input": null, "tgl_update": "2024-11-27", "no_aset": null, "fid": 7, "context": "Ventile", "pelayanan": "Pelayanan Blahbatuh", "tgl_delete": null, "nama_dma": "4.6.2 DMA Pasedana Bona Kaja 4", "no_bap": "0105\/BAP\/II\/XI\/2024\n", "subsitem": null, "tgl_asbuilt": null, "id_verifikasi": null, "sumber_data": "BAP", "history": null, "petugas_input": null, "latitude": "-8.554352866868209", "longitude": "115.31481444149995", "verifikator": "Gilang Mada Awiyat" }, "geometry": { "type": "Point", "coordinates": [ 115.314814441499948, -8.554352866868209 ] } },
{ "type": "Feature", "properties": { "id": 180, "kode_zona": null, "nama_zona": "Keramas", "diameter": 1.0, "kondisi": "Baik", "merk": null, "lokasi": "Selatan br selat", "th_pasang": null, "elevasi": null, "tapping": null, "notes": null, "foto": null, "tgl_input": null, "tgl_update": null, "no_aset": null, "fid": 11, "context": "Ventile", "pelayanan": "Pelayanan Blahbatuh", "tgl_delete": null, "nama_dma": "4.4.5 DMA Selat Bona", "no_bap": null, "subsitem": null, "tgl_asbuilt": null, "id_verifikasi": null, "sumber_data": null, "history": null, "petugas_input": null, "latitude": "-8.567896596973364", "longitude": "115.31390197693196", "verifikator": "I Gede Parwata" }, "geometry": { "type": "Point", "coordinates": [ 115.313901976931959, -8.567896596973364 ] } },
{ "type": "Feature", "properties": { "id": 182, "kode_zona": null, "nama_zona": "Keramas", "diameter": 1.0, "kondisi": "Baik", "merk": null, "lokasi": "Selatan br selat", "th_pasang": null, "elevasi": null, "tapping": null, "notes": null, "foto": null, "tgl_input": null, "tgl_update": null, "no_aset": null, "fid": 12, "context": "Ventile", "pelayanan": "Pelayanan Blahbatuh", "tgl_delete": null, "nama_dma": "4.4.5 DMA Selat Bona", "no_bap": null, "subsitem": null, "tgl_asbuilt": null, "id_verifikasi": null, "sumber_data": null, "history": null, "petugas_input": null, "latitude": "-8.5678837336235", "longitude": "115.31411949383134", "verifikator": "I Gede Parwata" }, "geometry": { "type": "Point", "coordinates": [ 115.314119493831342, -8.5678837336235 ] } },
{ "type": "Feature", "properties": { "id": 183, "kode_zona": null, "nama_zona": "Keramas", "diameter": 1.0, "kondisi": "Baik", "merk": "C 30", "lokasi": "Timur br lebah keramas", "th_pasang": "2021", "elevasi": null, "tapping": null, "notes": null, "foto": null, "tgl_input": null, "tgl_update": null, "no_aset": null, "fid": 13, "context": "Ventile", "pelayanan": "Pelayanan Blahbatuh", "tgl_delete": null, "nama_dma": "4.4.1 DMA Maspahit (suplai SB Keramas)", "no_bap": null, "subsitem": null, "tgl_asbuilt": null, "id_verifikasi": null, "sumber_data": null, "history": null, "petugas_input": null, "latitude": "-8.575711922403816", "longitude": "115.32753731072043", "verifikator": "I Gede Parwata" }, "geometry": { "type": "Point", "coordinates": [ 115.32753731072043, -8.575711922403816 ] } },
{ "type": "Feature", "properties": { "id": 206, "kode_zona": null, "nama_zona": "Kota Blahbatuh", "diameter": 0.0, "kondisi": "Baik", "merk": null, "lokasi": "Barat Banyuwangi Motor", "th_pasang": null, "elevasi": null, "tapping": null, "notes": null, "foto": null, "tgl_input": null, "tgl_update": null, "no_aset": null, "fid": 68, "context": "Ventile", "pelayanan": "Pelayanan Blahbatuh", "tgl_delete": null, "nama_dma": "4.1.4 DMA Babakan Timur", "no_bap": null, "subsitem": null, "tgl_asbuilt": null, "id_verifikasi": null, "sumber_data": null, "history": null, "petugas_input": null, "latitude": "-8.555490322326822", "longitude": "115.30238050620004", "verifikator": "Gilang Mada Awiyat" }, "geometry": { "type": "Point", "coordinates": [ 115.302380506200038, -8.555490322326822 ] } },
{ "type": "Feature", "properties": { "id": 210, "kode_zona": null, "nama_zona": "Kota Blahbatuh", "diameter": 1.0, "kondisi": "Baik", "merk": "C30", "lokasi": "Selatan br bakbakan", "th_pasang": null, "elevasi": null, "tapping": "75", "notes": null, "foto": null, "tgl_input": null, "tgl_update": null, "no_aset": null, "fid": 76, "context": "Ventile", "pelayanan": "Pelayanan Blahbatuh", "tgl_delete": null, "nama_dma": "4.1.4 DMA Babakan Timur", "no_bap": null, "subsitem": null, "tgl_asbuilt": null, "id_verifikasi": null, "sumber_data": null, "history": null, "petugas_input": null, "latitude": "-8.562236526042026", "longitude": "115.30265240335677", "verifikator": "Gilang Mada Awiyat" }, "geometry": { "type": "Point", "coordinates": [ 115.302652403356774, -8.562236526042026 ] } },
{ "type": "Feature", "properties": { "id": 211, "kode_zona": null, "nama_zona": "Kota Blahbatuh", "diameter": 0.0, "kondisi": "Baik", "merk": null, "lokasi": "Utara Br. Babakan", "th_pasang": null, "elevasi": null, "tapping": null, "notes": null, "foto": null, "tgl_input": null, "tgl_update": null, "no_aset": null, "fid": 78, "context": "Ventile", "pelayanan": "Pelayanan Blahbatuh", "tgl_delete": null, "nama_dma": "4.1.4 DMA Babakan Timur", "no_bap": null, "subsitem": null, "tgl_asbuilt": null, "id_verifikasi": null, "sumber_data": null, "history": null, "petugas_input": null, "latitude": "-8.559386207502248", "longitude": "115.30286664526245", "verifikator": "Gilang Mada Awiyat" }, "geometry": { "type": "Point", "coordinates": [ 115.302866645262455, -8.559386207502248 ] } },
{ "type": "Feature", "properties": { "id": 212, "kode_zona": null, "nama_zona": "Kota Blahbatuh", "diameter": 1.0, "kondisi": "Baik", "merk": "c30", "lokasi": "Depan Indomaret", "th_pasang": null, "elevasi": null, "tapping": "50", "notes": null, "foto": null, "tgl_input": null, "tgl_update": null, "no_aset": null, "fid": 85, "context": "Ventile", "pelayanan": "Pelayanan Blahbatuh", "tgl_delete": null, "nama_dma": "4.1.7 DMA Laud", "no_bap": null, "subsitem": null, "tgl_asbuilt": null, "id_verifikasi": null, "sumber_data": null, "history": null, "petugas_input": null, "latitude": "-8.566133690862607", "longitude": "115.29603562733378", "verifikator": "Gilang Mada Awiyat" }, "geometry": { "type": "Point", "coordinates": [ 115.296035627333779, -8.566133690862607 ] } },
{ "type": "Feature", "properties": { "id": 214, "kode_zona": null, "nama_zona": "Kota Blahbatuh", "diameter": 1.0, "kondisi": "Baik", "merk": "c30", "lokasi": "Barat Br Antugan", "th_pasang": null, "elevasi": null, "tapping": "100", "notes": null, "foto": null, "tgl_input": null, "tgl_update": null, "no_aset": null, "fid": 95, "context": "Ventile", "pelayanan": "Pelayanan Blahbatuh", "tgl_delete": null, "nama_dma": "4.1.3 DMA Teruna Barat", "no_bap": null, "subsitem": null, "tgl_asbuilt": null, "id_verifikasi": null, "sumber_data": null, "history": null, "petugas_input": null, "latitude": "-8.560544163998626", "longitude": "115.30117719744197", "verifikator": "Gilang Mada Awiyat" }, "geometry": { "type": "Point", "coordinates": [ 115.301177197441973, -8.560544163998626 ] } },
{ "type": "Feature", "properties": { "id": 262, "kode_zona": null, "nama_zona": "Kota Sukawati", "diameter": 1.0, "kondisi": "Baik", "merk": null, "lokasi": "Banjar Rangkan", "th_pasang": null, "elevasi": null, "tapping": null, "notes": null, "foto": null, "tgl_input": null, "tgl_update": null, "no_aset": null, "fid": 131, "context": "Ventile", "pelayanan": "Pelayanan Sukawati", "tgl_delete": null, "nama_dma": "2.4.11 DMA Guwang", "no_bap": null, "subsitem": null, "tgl_asbuilt": null, "id_verifikasi": null, "sumber_data": null, "history": null, "petugas_input": null, "latitude": "-8.613601182355183", "longitude": "115.29396259443534", "verifikator": "I Komang Sucipta" }, "geometry": { "type": "Point", "coordinates": [ 115.293962594435342, -8.613601182355183 ] } },
{ "type": "Feature", "properties": { "id": 261, "kode_zona": null, "nama_zona": "Kota Sukawati", "diameter": 1.0, "kondisi": "Baik", "merk": null, "lokasi": "Barat Balai Banjar Wangbung", "th_pasang": null, "elevasi": null, "tapping": null, "notes": null, "foto": null, "tgl_input": null, "tgl_update": null, "no_aset": null, "fid": 130, "context": "Ventile", "pelayanan": "Pelayanan Sukawati", "tgl_delete": null, "nama_dma": "2.4.11 DMA Guwang", "no_bap": null, "subsitem": null, "tgl_asbuilt": null, "id_verifikasi": null, "sumber_data": null, "history": null, "petugas_input": null, "latitude": "-8.61056051127099", "longitude": "115.28629019978403", "verifikator": "I Komang Sucipta" }, "geometry": { "type": "Point", "coordinates": [ 115.286290199784034, -8.61056051127099 ] } },
{ "type": "Feature", "properties": { "id": 258, "kode_zona": null, "nama_zona": "Kota Sukawati", "diameter": 1.0, "kondisi": "Baik", "merk": null, "lokasi": "Barat Balai Banjar Buluh", "th_pasang": null, "elevasi": null, "tapping": null, "notes": null, "foto": null, "tgl_input": null, "tgl_update": null, "no_aset": null, "fid": 123, "context": "Ventile", "pelayanan": "Pelayanan Sukawati", "tgl_delete": null, "nama_dma": "2.4.11 DMA Guwang", "no_bap": null, "subsitem": null, "tgl_asbuilt": null, "id_verifikasi": null, "sumber_data": null, "history": null, "petugas_input": null, "latitude": "-8.6062829285332", "longitude": "115.28329549904156", "verifikator": "I Komang Sucipta" }, "geometry": { "type": "Point", "coordinates": [ 115.283295499041557, -8.606282928533201 ] } },
{ "type": "Feature", "properties": { "id": 259, "kode_zona": null, "nama_zona": "Kota Sukawati", "diameter": 2.0, "kondisi": "Baik", "merk": null, "lokasi": "Selatan Balai Banjar Buluh", "th_pasang": null, "elevasi": null, "tapping": null, "notes": null, "foto": null, "tgl_input": null, "tgl_update": null, "no_aset": null, "fid": 124, "context": "Ventile", "pelayanan": "Pelayanan Sukawati", "tgl_delete": null, "nama_dma": "2.4.11 DMA Guwang", "no_bap": null, "subsitem": null, "tgl_asbuilt": null, "id_verifikasi": null, "sumber_data": null, "history": null, "petugas_input": null, "latitude": "-8.607501879202875", "longitude": "115.28335687986109", "verifikator": "I Komang Sucipta" }, "geometry": { "type": "Point", "coordinates": [ 115.283356879861088, -8.607501879202875 ] } },
{ "type": "Feature", "properties": { "id": 152, "kode_zona": null, "nama_zona": "Kota Sukawati", "diameter": 2.0, "kondisi": "Baik", "merk": null, "lokasi": "Jl. Raya Sukawati", "th_pasang": null, "elevasi": null, "tapping": null, "notes": null, "foto": null, "tgl_input": null, "tgl_update": null, "no_aset": null, "fid": 311, "context": "Ventile", "pelayanan": "Pelayanan Sukawati", "tgl_delete": null, "nama_dma": "2.4.6 DMA Dentiyis 4", "no_bap": null, "subsitem": null, "tgl_asbuilt": null, "id_verifikasi": null, "sumber_data": null, "history": null, "petugas_input": null, "latitude": "-8.581390967403637", "longitude": "115.28011033852789", "verifikator": "I Komang Sucipta" }, "geometry": { "type": "Point", "coordinates": [ 115.280110338527891, -8.581390967403637 ] } },
{ "type": "Feature", "properties": { "id": 233, "kode_zona": null, "nama_zona": "Kota Sukawati", "diameter": 0.0, "kondisi": "Baik", "merk": null, "lokasi": "Utara Perempatan", "th_pasang": null, "elevasi": null, "tapping": null, "notes": null, "foto": null, "tgl_input": null, "tgl_update": null, "no_aset": null, "fid": 93, "context": "Ventile", "pelayanan": "Pelayanan Sukawati", "tgl_delete": null, "nama_dma": "2.4.9 DMA Dlod Pangkung", "no_bap": null, "subsitem": null, "tgl_asbuilt": null, "id_verifikasi": null, "sumber_data": null, "history": null, "petugas_input": null, "latitude": "-8.595797853899326", "longitude": "115.28687961473825", "verifikator": "I Komang Sucipta" }, "geometry": { "type": "Point", "coordinates": [ 115.286879614738254, -8.595797853899326 ] } },
{ "type": "Feature", "properties": { "id": 184, "kode_zona": null, "nama_zona": "Blangsinga", "diameter": 0.0, "kondisi": "Baik", "merk": null, "lokasi": "Timur Balai Banjar Sema", "th_pasang": null, "elevasi": null, "tapping": "75", "notes": null, "foto": null, "tgl_input": null, "tgl_update": null, "no_aset": null, "fid": 17, "context": "Ventile", "pelayanan": "Pelayanan Blahbatuh", "tgl_delete": null, "nama_dma": "4.2.2 DMA Bonbiyu", "no_bap": null, "subsitem": null, "tgl_asbuilt": null, "id_verifikasi": null, "sumber_data": null, "history": null, "petugas_input": null, "latitude": "-8.579923226969036", "longitude": "115.29399147359717", "verifikator": "I Gede Parwata" }, "geometry": { "type": "Point", "coordinates": [ 115.293991473597174, -8.579923226969036 ] } },
{ "type": "Feature", "properties": { "id": 156, "kode_zona": null, "nama_zona": "Kota Sukawati", "diameter": 1.0, "kondisi": "Baik", "merk": null, "lokasi": "Jl. Raya Celuk", "th_pasang": null, "elevasi": null, "tapping": null, "notes": null, "foto": null, "tgl_input": null, "tgl_update": null, "no_aset": null, "fid": 315, "context": "Ventile", "pelayanan": "Pelayanan Sukawati", "tgl_delete": null, "nama_dma": "2.4.3 DMA Celuk", "no_bap": null, "subsitem": null, "tgl_asbuilt": null, "id_verifikasi": null, "sumber_data": null, "history": null, "petugas_input": null, "latitude": "-8.603045508572219", "longitude": "115.27391220661528", "verifikator": "I Komang Sucipta" }, "geometry": { "type": "Point", "coordinates": [ 115.273912206615279, -8.603045508572219 ] } },
{ "type": "Feature", "properties": { "id": 157, "kode_zona": null, "nama_zona": "Kota Sukawati", "diameter": null, "kondisi": "Baik", "merk": null, "lokasi": "Jl. Raya Celuk", "th_pasang": null, "elevasi": null, "tapping": null, "notes": null, "foto": null, "tgl_input": null, "tgl_update": null, "no_aset": null, "fid": 317, "context": "Ventile", "pelayanan": "Pelayanan Sukawati", "tgl_delete": null, "nama_dma": "2.4.3 DMA Celuk", "no_bap": null, "subsitem": null, "tgl_asbuilt": null, "id_verifikasi": null, "sumber_data": null, "history": null, "petugas_input": null, "latitude": "-8.60134793434522", "longitude": "115.27378479170628", "verifikator": "I Komang Sucipta" }, "geometry": { "type": "Point", "coordinates": [ 115.273784791706277, -8.60134793434522 ] } },
{ "type": "Feature", "properties": { "id": 229, "kode_zona": null, "nama_zona": "Kota Sukawati", "diameter": 0.0, "kondisi": "Baik", "merk": null, "lokasi": "Timur Balai Banjar Jeleka", "th_pasang": null, "elevasi": null, "tapping": null, "notes": null, "foto": null, "tgl_input": null, "tgl_update": null, "no_aset": null, "fid": 63, "context": "Ventile", "pelayanan": "Pelayanan Sukawati", "tgl_delete": null, "nama_dma": "2.4.1 DMA Boster Abianseka", "no_bap": null, "subsitem": null, "tgl_asbuilt": null, "id_verifikasi": null, "sumber_data": null, "history": null, "petugas_input": null, "latitude": "-8.582478855262638", "longitude": "115.27350273812581", "verifikator": "I Komang Sucipta" }, "geometry": { "type": "Point", "coordinates": [ 115.273502738125813, -8.582478855262638 ] } },
{ "type": "Feature", "properties": { "id": 154, "kode_zona": null, "nama_zona": "Kota Sukawati", "diameter": 1.0, "kondisi": "Baik", "merk": null, "lokasi": "Utara Balai Banjar Puaya", "th_pasang": null, "elevasi": null, "tapping": null, "notes": null, "foto": null, "tgl_input": null, "tgl_update": null, "no_aset": null, "fid": 313, "context": "Ventile", "pelayanan": "Pelayanan Sukawati", "tgl_delete": null, "nama_dma": "2.4.2 DMA Jeleka 3 dan 4", "no_bap": null, "subsitem": null, "tgl_asbuilt": null, "id_verifikasi": null, "sumber_data": null, "history": null, "petugas_input": null, "latitude": "-8.588360159402916", "longitude": "115.27524555873985", "verifikator": "I Komang Sucipta" }, "geometry": { "type": "Point", "coordinates": [ 115.275245558739854, -8.588360159402916 ] } },
{ "type": "Feature", "properties": { "id": 155, "kode_zona": null, "nama_zona": "Kota Sukawati", "diameter": 1.0, "kondisi": "Baik", "merk": null, "lokasi": "Utara Balai Banjar Puaya", "th_pasang": null, "elevasi": null, "tapping": null, "notes": null, "foto": null, "tgl_input": null, "tgl_update": null, "no_aset": null, "fid": 314, "context": "Ventile", "pelayanan": "Pelayanan Sukawati", "tgl_delete": null, "nama_dma": "2.4.2 DMA Jeleka 3 dan 4", "no_bap": null, "subsitem": null, "tgl_asbuilt": null, "id_verifikasi": null, "sumber_data": null, "history": null, "petugas_input": null, "latitude": "-8.588344395756469", "longitude": "115.27521064910904", "verifikator": "I Komang Sucipta" }, "geometry": { "type": "Point", "coordinates": [ 115.275210649109042, -8.588344395756469 ] } },
{ "type": "Feature", "properties": { "id": 158, "kode_zona": null, "nama_zona": "Kota Sukawati", "diameter": 1.0, "kondisi": "Baik", "merk": null, "lokasi": "Utara Balai Banjar Gelumpang", "th_pasang": null, "elevasi": null, "tapping": null, "notes": null, "foto": null, "tgl_input": null, "tgl_update": null, "no_aset": null, "fid": 318, "context": "Ventile", "pelayanan": "Pelayanan Sukawati", "tgl_delete": null, "nama_dma": "2.4.7 Sub DMA Dentiyis", "no_bap": null, "subsitem": null, "tgl_asbuilt": null, "id_verifikasi": null, "sumber_data": null, "history": null, "petugas_input": null, "latitude": "-8.595349596810927", "longitude": "115.28064726393039", "verifikator": "I Komang Sucipta" }, "geometry": { "type": "Point", "coordinates": [ 115.280647263930391, -8.595349596810927 ] } },
{ "type": "Feature", "properties": { "id": 256, "kode_zona": null, "nama_zona": "Kemenuh", "diameter": 2.0, "kondisi": "Baik", "merk": null, "lokasi": "Jl. Ir. Sutami", "th_pasang": null, "elevasi": null, "tapping": null, "notes": null, "foto": null, "tgl_input": null, "tgl_update": null, "no_aset": null, "fid": 118, "context": "Ventile", "pelayanan": "Pelayanan Sukawati", "tgl_delete": null, "nama_dma": "2.5.1 DMA Tengkulak Kaja", "no_bap": null, "subsitem": null, "tgl_asbuilt": null, "id_verifikasi": null, "sumber_data": null, "history": null, "petugas_input": null, "latitude": "-8.523978391540208", "longitude": "115.28371036124716", "verifikator": "I Komang Sucipta" }, "geometry": { "type": "Point", "coordinates": [ 115.283710361247159, -8.523978391540208 ] } },
{ "type": "Feature", "properties": { "id": 260, "kode_zona": null, "nama_zona": "Kemenuh", "diameter": 1.0, "kondisi": "Baik", "merk": null, "lokasi": "Jl. Ir. Sutami", "th_pasang": null, "elevasi": null, "tapping": null, "notes": null, "foto": null, "tgl_input": null, "tgl_update": null, "no_aset": null, "fid": 125, "context": "Ventile", "pelayanan": "Pelayanan Sukawati", "tgl_delete": null, "nama_dma": "2.5.1 DMA Tengkulak Kaja", "no_bap": null, "subsitem": null, "tgl_asbuilt": null, "id_verifikasi": null, "sumber_data": null, "history": null, "petugas_input": null, "latitude": "-8.54957466903034", "longitude": "115.28162253326083", "verifikator": "I Komang Sucipta" }, "geometry": { "type": "Point", "coordinates": [ 115.28162253326083, -8.54957466903034 ] } },
{ "type": "Feature", "properties": { "id": 186, "kode_zona": null, "nama_zona": "Pering", "diameter": null, "kondisi": "Baik", "merk": null, "lokasi": "Banjar Tojan", "th_pasang": null, "elevasi": null, "tapping": "100", "notes": null, "foto": null, "tgl_input": null, "tgl_update": null, "no_aset": null, "fid": 262, "context": "Ventile", "pelayanan": "Pelayanan Blahbatuh", "tgl_delete": null, "nama_dma": "4.3.1 DMA Perangsada", "no_bap": null, "subsitem": null, "tgl_asbuilt": null, "id_verifikasi": null, "sumber_data": null, "history": null, "petugas_input": null, "latitude": "-8.577903545624439", "longitude": "115.3052020962751", "verifikator": "Gilang Mada Awiyat" }, "geometry": { "type": "Point", "coordinates": [ 115.305202096275096, -8.577903545624439 ] } },
{ "type": "Feature", "properties": { "id": 185, "kode_zona": null, "nama_zona": "Bedulu", "diameter": 3.0, "kondisi": "Baik", "merk": null, "lokasi": "Banjar Mas", "th_pasang": null, "elevasi": null, "tapping": null, "notes": null, "foto": null, "tgl_input": null, "tgl_update": "2022-06-01", "no_aset": 3.0, "fid": 209, "context": "Ventile", "pelayanan": "Pelayanan Blahbatuh", "tgl_delete": null, "nama_dma": "4.7.1 DMA Wanayu", "no_bap": null, "subsitem": null, "tgl_asbuilt": null, "id_verifikasi": null, "sumber_data": null, "history": null, "petugas_input": null, "latitude": "-8.52932716455399", "longitude": "115.29981529413953", "verifikator": "I Gede Parwata" }, "geometry": { "type": "Point", "coordinates": [ 115.299815294139535, -8.52932716455399 ] } },
{ "type": "Feature", "properties": { "id": 159, "kode_zona": null, "nama_zona": "Kemenuh", "diameter": 2.0, "kondisi": "Baik", "merk": null, "lokasi": "Jl. Raya Teges", "th_pasang": null, "elevasi": null, "tapping": null, "notes": null, "foto": null, "tgl_input": null, "tgl_update": "2024-08-08", "no_aset": null, "fid": 352, "context": "Ventile", "pelayanan": "Pelayanan Sukawati", "tgl_delete": null, "nama_dma": "2.5.1 DMA Tengkulak Kaja", "no_bap": "0036\/BAP\/II\/VIII\/2024", "subsitem": null, "tgl_asbuilt": null, "id_verifikasi": null, "sumber_data": "BAP", "history": null, "petugas_input": null, "latitude": "-8.522802577880539", "longitude": "115.28061932587008", "verifikator": "I Komang Sucipta" }, "geometry": { "type": "Point", "coordinates": [ 115.280619325870077, -8.522802577880539 ] } },
{ "type": "Feature", "properties": { "id": 213, "kode_zona": null, "nama_zona": "Bedulu", "diameter": null, "kondisi": "Baik", "merk": null, "lokasi": "Jl. Raya Teges", "th_pasang": null, "elevasi": null, "tapping": null, "notes": null, "foto": null, "tgl_input": null, "tgl_update": "2024-12-09", "no_aset": 1.0, "fid": 94, "context": "Ventile", "pelayanan": "Pelayanan Blahbatuh", "tgl_delete": "2024-12-09", "nama_dma": "4.7.1 DMA Wanayu", "no_bap": null, "subsitem": null, "tgl_asbuilt": null, "id_verifikasi": null, "sumber_data": null, "history": null, "petugas_input": null, "latitude": "-8.523576921410156", "longitude": "115.29078643032756", "verifikator": "I Gede Parwata" }, "geometry": { "type": "Point", "coordinates": [ 115.290786430327557, -8.523576921410156 ] } },
{ "type": "Feature", "properties": { "id": 228, "kode_zona": null, "nama_zona": "Kemenuh", "diameter": 1.0, "kondisi": "Baik", "merk": null, "lokasi": "Jl. Raya Teges", "th_pasang": null, "elevasi": null, "tapping": null, "notes": null, "foto": null, "tgl_input": null, "tgl_update": null, "no_aset": null, "fid": 53, "context": "Ventile", "pelayanan": "Pelayanan Sukawati", "tgl_delete": null, "nama_dma": "2.5.1 DMA Tengkulak Kaja", "no_bap": null, "subsitem": null, "tgl_asbuilt": null, "id_verifikasi": null, "sumber_data": null, "history": null, "petugas_input": null, "latitude": "-8.522741165813706", "longitude": "115.28060639322534", "verifikator": "I Komang Sucipta" }, "geometry": { "type": "Point", "coordinates": [ 115.280606393225341, -8.522741165813706 ] } },
{ "type": "Feature", "properties": { "id": 290, "kode_zona": null, "nama_zona": "Kota Sukawati", "diameter": 1.0, "kondisi": "Baik", "merk": null, "lokasi": "SELATAN LALI BATUAN", "th_pasang": null, "elevasi": null, "tapping": null, "notes": null, "foto": null, "tgl_input": null, "tgl_update": null, "no_aset": null, "fid": 154, "context": "Ventile", "pelayanan": "Pelayanan Sukawati", "tgl_delete": null, "nama_dma": "2.4.6 DMA Dentiyis 4", "no_bap": null, "subsitem": null, "tgl_asbuilt": null, "id_verifikasi": null, "sumber_data": null, "history": null, "petugas_input": null, "latitude": "-8.582038207141949", "longitude": "115.278137773981", "verifikator": "I Komang Sucipta" }, "geometry": { "type": "Point", "coordinates": [ 115.278137773981001, -8.582038207141949 ] } },
{ "type": "Feature", "properties": { "id": 291, "kode_zona": null, "nama_zona": "Kota Sukawati", "diameter": 1.0, "kondisi": "Baik", "merk": null, "lokasi": "DEPAN SMAN 1 SKW", "th_pasang": null, "elevasi": null, "tapping": null, "notes": null, "foto": null, "tgl_input": null, "tgl_update": null, "no_aset": null, "fid": 155, "context": "Ventile", "pelayanan": "Pelayanan Sukawati", "tgl_delete": null, "nama_dma": "2.4.7 Sub DMA Dentiyis", "no_bap": null, "subsitem": null, "tgl_asbuilt": null, "id_verifikasi": null, "sumber_data": null, "history": null, "petugas_input": null, "latitude": "-8.589869623188543", "longitude": "115.27981827122045", "verifikator": "I Komang Sucipta" }, "geometry": { "type": "Point", "coordinates": [ 115.279818271220449, -8.589869623188543 ] } },
{ "type": "Feature", "properties": { "id": 292, "kode_zona": null, "nama_zona": "Kota Sukawati", "diameter": 2.0, "kondisi": "Baik", "merk": null, "lokasi": "UTARA LALIN BATUAN", "th_pasang": null, "elevasi": null, "tapping": null, "notes": null, "foto": null, "tgl_input": null, "tgl_update": null, "no_aset": null, "fid": 156, "context": "Ventile", "pelayanan": "Pelayanan Sukawati", "tgl_delete": null, "nama_dma": "2.4.6 DMA Dentiyis 4", "no_bap": null, "subsitem": null, "tgl_asbuilt": null, "id_verifikasi": null, "sumber_data": null, "history": null, "petugas_input": null, "latitude": "-8.581267431585239", "longitude": "115.27790784398682", "verifikator": "I Komang Sucipta" }, "geometry": { "type": "Point", "coordinates": [ 115.277907843986824, -8.581267431585239 ] } },
{ "type": "Feature", "properties": { "id": 293, "kode_zona": null, "nama_zona": "Kota Sukawati", "diameter": 10.0, "kondisi": "Baik", "merk": null, "lokasi": "JABA PR DESA BATUAN", "th_pasang": null, "elevasi": null, "tapping": null, "notes": null, "foto": null, "tgl_input": null, "tgl_update": null, "no_aset": null, "fid": 158, "context": "Ventile", "pelayanan": "Pelayanan Sukawati", "tgl_delete": null, "nama_dma": "2.4.1 DMA Boster Abianseka", "no_bap": null, "subsitem": null, "tgl_asbuilt": null, "id_verifikasi": null, "sumber_data": null, "history": null, "petugas_input": null, "latitude": "-8.58197971602635", "longitude": "115.27622133731634", "verifikator": "I Komang Sucipta" }, "geometry": { "type": "Point", "coordinates": [ 115.276221337316343, -8.58197971602635 ] } },
{ "type": "Feature", "properties": { "id": 348, "kode_zona": null, "nama_zona": "Kota Sukawati", "diameter": 250.0, "kondisi": "Baik", "merk": null, "lokasi": "BARAT BR. PALAK", "th_pasang": null, "elevasi": null, "tapping": null, "notes": null, "foto": null, "tgl_input": null, "tgl_update": null, "no_aset": null, "fid": 266, "context": "Ventile", "pelayanan": "Pelayanan Sukawati", "tgl_delete": null, "nama_dma": "2.4.4 DMA Peninjoan 6 (JDU)", "no_bap": null, "subsitem": null, "tgl_asbuilt": null, "id_verifikasi": null, "sumber_data": null, "history": null, "petugas_input": null, "latitude": "-8.598803469691806", "longitude": "115.2862219355485", "verifikator": "I Komang Sucipta" }, "geometry": { "type": "Point", "coordinates": [ 115.286221935548497, -8.598803469691806 ] } },
{ "type": "Feature", "properties": { "id": 349, "kode_zona": null, "nama_zona": "Kota Sukawati", "diameter": 0.0, "kondisi": "Baik", "merk": null, "lokasi": "TIMUR PASAR SEN TEBUANA", "th_pasang": null, "elevasi": null, "tapping": null, "notes": null, "foto": null, "tgl_input": null, "tgl_update": null, "no_aset": null, "fid": 271, "context": "Ventile", "pelayanan": "Pelayanan Sukawati", "tgl_delete": null, "nama_dma": "2.4.4 DMA Peninjoan 6 (JDU)", "no_bap": null, "subsitem": null, "tgl_asbuilt": null, "id_verifikasi": null, "sumber_data": null, "history": null, "petugas_input": null, "latitude": "-8.598399911369523", "longitude": "115.2829281278993", "verifikator": "I Komang Sucipta" }, "geometry": { "type": "Point", "coordinates": [ 115.282928127899297, -8.598399911369523 ] } },
{ "type": "Feature", "properties": { "id": 368, "kode_zona": null, "nama_zona": "Kota Blahbatuh", "diameter": 1.0, "kondisi": "Baik", "merk": null, "lokasi": "Depan dealer daihatsu getas", "th_pasang": null, "elevasi": null, "tapping": "150", "notes": null, "foto": null, "tgl_input": null, "tgl_update": null, "no_aset": null, "fid": 324, "context": "Ventile", "pelayanan": "Pelayanan Blahbatuh", "tgl_delete": null, "nama_dma": "4.1.2 SB Buruan I dan II (Non DMA)", "no_bap": null, "subsitem": null, "tgl_asbuilt": null, "id_verifikasi": null, "sumber_data": null, "history": null, "petugas_input": null, "latitude": "-8.550388726464448", "longitude": "115.30302492763562", "verifikator": "Gilang Mada Awiyat" }, "geometry": { "type": "Point", "coordinates": [ 115.303024927635619, -8.550388726464448 ] } },
{ "type": "Feature", "properties": { "id": 369, "kode_zona": null, "nama_zona": "Kota Blahbatuh", "diameter": 1.0, "kondisi": "Baik", "merk": "c30", "lokasi": "Jl Dharmagiri", "th_pasang": null, "elevasi": null, "tapping": "150", "notes": "Menghalangi Jalan Masuk Toko", "foto": null, "tgl_input": null, "tgl_update": null, "no_aset": null, "fid": 325, "context": "Ventile", "pelayanan": "Pelayanan Blahbatuh", "tgl_delete": "2024-09-13", "nama_dma": "4.1.8 DMA Dharma Giri", "no_bap": null, "subsitem": null, "tgl_asbuilt": null, "id_verifikasi": null, "sumber_data": null, "history": null, "petugas_input": null, "latitude": "-8.548682805089541", "longitude": "115.30706946936269", "verifikator": "Gilang Mada Awiyat" }, "geometry": { "type": "Point", "coordinates": [ 115.307069469362688, -8.548682805089541 ] } },
{ "type": "Feature", "properties": { "id": 399, "kode_zona": null, "nama_zona": "Kota Sukawati", "diameter": 2.0, "kondisi": "Baik", "merk": null, "lokasi": "TIMR PATUNG BAYI", "th_pasang": null, "elevasi": null, "tapping": null, "notes": null, "foto": null, "tgl_input": null, "tgl_update": null, "no_aset": null, "fid": 376, "context": "Ventile", "pelayanan": "Pelayanan Sukawati", "tgl_delete": null, "nama_dma": "2.4.5 SB Sakah", "no_bap": null, "subsitem": null, "tgl_asbuilt": null, "id_verifikasi": null, "sumber_data": null, "history": null, "petugas_input": null, "latitude": "-8.56356574284323", "longitude": "115.2755811058179", "verifikator": "I Komang Sucipta" }, "geometry": { "type": "Point", "coordinates": [ 115.275581105817906, -8.563565742843229 ] } },
{ "type": "Feature", "properties": { "id": 474, "kode_zona": null, "nama_zona": "Blangsinga", "diameter": null, "kondisi": "Baik", "merk": null, "lokasi": "Depan Pompa", "th_pasang": "2023", "elevasi": null, "tapping": "100", "notes": null, "foto": null, "tgl_input": "2023-03-31", "tgl_update": "2023-03-31", "no_aset": null, "fid": null, "context": "Ventile", "pelayanan": "Pelayanan Blahbatuh", "tgl_delete": null, "nama_dma": "4.2.1 DMA Blangsinga", "no_bap": "0040\/BAP\/II\/I\/2023", "subsitem": null, "tgl_asbuilt": null, "id_verifikasi": null, "sumber_data": "BAP", "history": null, "petugas_input": null, "latitude": "-8.572973617010375", "longitude": "115.29388368776318", "verifikator": "I Gede Parwata" }, "geometry": { "type": "Point", "coordinates": [ 115.293883687763184, -8.572973617010375 ] } },
{ "type": "Feature", "properties": { "id": 476, "kode_zona": null, "nama_zona": "Pering", "diameter": 1.0, "kondisi": "Baik", "merk": "C30", "lokasi": "Utara Perumahan Pedukuhan Lestari ", "th_pasang": "2023", "elevasi": null, "tapping": "100", "notes": null, "foto": null, "tgl_input": "2023-05-09", "tgl_update": "2023-05-09", "no_aset": null, "fid": null, "context": "Ventile", "pelayanan": "Pelayanan Blahbatuh", "tgl_delete": null, "nama_dma": "4.3.1 DMA Perangsada", "no_bap": "0002\/68\/II\/IV\/2023", "subsitem": null, "tgl_asbuilt": null, "id_verifikasi": null, "sumber_data": "BAP", "history": null, "petugas_input": null, "latitude": "-8.593676800142301", "longitude": "115.30535393902055", "verifikator": "Gilang Mada Awiyat" }, "geometry": { "type": "Point", "coordinates": [ 115.305353939020549, -8.593676800142301 ] } },
{ "type": "Feature", "properties": { "id": 477, "kode_zona": null, "nama_zona": "Blangsinga", "diameter": 1.0, "kondisi": "Baik", "merk": "C30", "lokasi": "Depan Pura Puseh Saba", "th_pasang": "2023", "elevasi": null, "tapping": "100", "notes": null, "foto": null, "tgl_input": "2023-05-09", "tgl_update": "2025-01-31", "no_aset": null, "fid": null, "context": "Ventile", "pelayanan": "Pelayanan Blahbatuh", "tgl_delete": null, "nama_dma": "4.2.4 DMA Saba", "no_bap": "0122\/BAP\/II\/IV\/2023", "subsitem": null, "tgl_asbuilt": null, "id_verifikasi": null, "sumber_data": "BAP", "history": "2025-01-31 Memperbaiki data nama_dma disesuaikan dengan posisi DMA area atau poligon DMA menjadi 4.2.4 DMA Saba", "petugas_input": null, "latitude": "-8.601868226420958", "longitude": "115.30919936607451", "verifikator": "I Gede Parwata" }, "geometry": { "type": "Point", "coordinates": [ 115.309199366074509, -8.601868226420958 ] } },
{ "type": "Feature", "properties": { "id": 478, "kode_zona": null, "nama_zona": "Kota Blahbatuh", "diameter": 1.0, "kondisi": "Baik", "merk": "C30", "lokasi": "Selatan SD 4", "th_pasang": "2023", "elevasi": null, "tapping": "50", "notes": null, "foto": null, "tgl_input": "2023-05-09", "tgl_update": "2023-05-09", "no_aset": null, "fid": null, "context": "Ventile", "pelayanan": "Pelayanan Blahbatuh", "tgl_delete": null, "nama_dma": "4.1.3 DMA Teruna Barat", "no_bap": "0119\/BAP\/II\/IV\/2023", "subsitem": null, "tgl_asbuilt": null, "id_verifikasi": null, "sumber_data": "BAP", "history": null, "petugas_input": null, "latitude": "-8.561967993483933", "longitude": "115.29932920130875", "verifikator": "Gilang Mada Awiyat" }, "geometry": { "type": "Point", "coordinates": [ 115.299329201308751, -8.561967993483933 ] } },
{ "type": "Feature", "properties": { "id": 480, "kode_zona": null, "nama_zona": "Bedulu", "diameter": 2.0, "kondisi": "Baik", "merk": null, "lokasi": "Br. Taman Pertigaan menuju ke Samuan Tiga", "th_pasang": "2023", "elevasi": null, "tapping": "200", "notes": null, "foto": null, "tgl_input": "2023-05-25", "tgl_update": "2023-05-25", "no_aset": null, "fid": null, "context": "Ventile", "pelayanan": "Pelayanan Blahbatuh", "tgl_delete": null, "nama_dma": "4.7.1 DMA Wanayu", "no_bap": "0012\/BAP\/I\/VI\/2023", "subsitem": null, "tgl_asbuilt": null, "id_verifikasi": 117, "sumber_data": "BAP", "history": null, "petugas_input": null, "latitude": "-8.523676796815883", "longitude": "115.29889727561735", "verifikator": "I Gede Parwata" }, "geometry": { "type": "Point", "coordinates": [ 115.29889727561735, -8.523676796815883 ] } },
{ "type": "Feature", "properties": { "id": 263, "kode_zona": null, "nama_zona": "Kota Sukawati", "diameter": 1.0, "kondisi": "Baik", "merk": null, "lokasi": "Banjar Rangkan", "th_pasang": null, "elevasi": null, "tapping": null, "notes": null, "foto": null, "tgl_input": null, "tgl_update": null, "no_aset": null, "fid": 132, "context": "Ventile", "pelayanan": "Pelayanan Sukawati", "tgl_delete": null, "nama_dma": "2.4.11 DMA Guwang", "no_bap": null, "subsitem": null, "tgl_asbuilt": null, "id_verifikasi": null, "sumber_data": null, "history": null, "petugas_input": null, "latitude": "-8.615941091817929", "longitude": "115.29630891392972", "verifikator": "I Komang Sucipta" }, "geometry": { "type": "Point", "coordinates": [ 115.296308913929721, -8.615941091817929 ] } },
{ "type": "Feature", "properties": { "id": 319, "kode_zona": null, "nama_zona": "Kota Sukawati", "diameter": null, "kondisi": "Baik", "merk": null, "lokasi": "Banjar Gelumpang", "th_pasang": null, "elevasi": null, "tapping": "75", "notes": null, "foto": null, "tgl_input": null, "tgl_update": null, "no_aset": null, "fid": 235, "context": "Ventile", "pelayanan": "Pelayanan Sukawati", "tgl_delete": null, "nama_dma": "2.4.10 DMA Gelumpang", "no_bap": null, "subsitem": null, "tgl_asbuilt": null, "id_verifikasi": null, "sumber_data": null, "history": null, "petugas_input": null, "latitude": "-8.59937991651737", "longitude": "115.29162874341527", "verifikator": "I Komang Sucipta" }, "geometry": { "type": "Point", "coordinates": [ 115.291628743415274, -8.599379916517369 ] } },
{ "type": "Feature", "properties": { "id": 278, "kode_zona": null, "nama_zona": "Belega", "diameter": null, "kondisi": "Baik", "merk": null, "lokasi": "SB Belega", "th_pasang": null, "elevasi": null, "tapping": "100", "notes": null, "foto": null, "tgl_input": null, "tgl_update": null, "no_aset": null, "fid": 197, "context": "Ventile", "pelayanan": "Pelayanan Blahbatuh", "tgl_delete": null, "nama_dma": "4.5.1 DMA Jasri", "no_bap": null, "subsitem": null, "tgl_asbuilt": null, "id_verifikasi": null, "sumber_data": null, "history": null, "petugas_input": null, "latitude": "-8.555692823163866", "longitude": "115.31002374586635", "verifikator": "I Gede Parwata" }, "geometry": { "type": "Point", "coordinates": [ 115.310023745866346, -8.555692823163866 ] } },
{ "type": "Feature", "properties": { "id": 376, "kode_zona": null, "nama_zona": "Kota Sukawati", "diameter": 2.0, "kondisi": "Baik", "merk": null, "lokasi": "Timur Perempatan", "th_pasang": null, "elevasi": null, "tapping": null, "notes": null, "foto": null, "tgl_input": null, "tgl_update": null, "no_aset": null, "fid": 348, "context": "Ventile", "pelayanan": "Pelayanan Sukawati", "tgl_delete": null, "nama_dma": "2.4.1 DMA Boster Abianseka", "no_bap": null, "subsitem": null, "tgl_asbuilt": null, "id_verifikasi": null, "sumber_data": null, "history": null, "petugas_input": null, "latitude": "-8.58327724733733", "longitude": "115.26827699346886", "verifikator": "I Komang Sucipta" }, "geometry": { "type": "Point", "coordinates": [ 115.268276993468859, -8.58327724733733 ] } },
{ "type": "Feature", "properties": { "id": 313, "kode_zona": null, "nama_zona": "Kota Sukawati", "diameter": 1.0, "kondisi": "Baik", "merk": null, "lokasi": "Selatan Balai Banjar Jeleka", "th_pasang": null, "elevasi": null, "tapping": null, "notes": null, "foto": null, "tgl_input": null, "tgl_update": null, "no_aset": null, "fid": 211, "context": "Ventile", "pelayanan": "Pelayanan Sukawati", "tgl_delete": null, "nama_dma": "2.4.2 DMA Jeleka 3 dan 4", "no_bap": null, "subsitem": null, "tgl_asbuilt": null, "id_verifikasi": null, "sumber_data": null, "history": null, "petugas_input": null, "latitude": "-8.583253163727331", "longitude": "115.27256616668234", "verifikator": "I Komang Sucipta" }, "geometry": { "type": "Point", "coordinates": [ 115.272566166682338, -8.583253163727331 ] } },
{ "type": "Feature", "properties": { "id": 350, "kode_zona": null, "nama_zona": "Kota Sukawati", "diameter": null, "kondisi": "Baik", "merk": null, "lokasi": "Utara Balai Banjar Bedil", "th_pasang": null, "elevasi": null, "tapping": null, "notes": null, "foto": null, "tgl_input": null, "tgl_update": null, "no_aset": null, "fid": 278, "context": "Ventile", "pelayanan": "Pelayanan Sukawati", "tgl_delete": null, "nama_dma": "2.4.7 Sub DMA Dentiyis", "no_bap": null, "subsitem": null, "tgl_asbuilt": null, "id_verifikasi": null, "sumber_data": null, "history": null, "petugas_input": null, "latitude": "-8.591072754870073", "longitude": "115.2799128813714", "verifikator": "I Komang Sucipta" }, "geometry": { "type": "Point", "coordinates": [ 115.279912881371402, -8.591072754870073 ] } },
{ "type": "Feature", "properties": { "id": 375, "kode_zona": null, "nama_zona": "Kota Sukawati", "diameter": null, "kondisi": "Baik", "merk": null, "lokasi": "Timur Balai Banjar Sakah", "th_pasang": null, "elevasi": null, "tapping": null, "notes": null, "foto": null, "tgl_input": null, "tgl_update": null, "no_aset": null, "fid": 346, "context": "Ventile", "pelayanan": "Pelayanan Sukawati", "tgl_delete": null, "nama_dma": "2.4.5 SB Sakah", "no_bap": null, "subsitem": null, "tgl_asbuilt": null, "id_verifikasi": null, "sumber_data": null, "history": null, "petugas_input": null, "latitude": "-8.569728031843022", "longitude": "115.27530164826767", "verifikator": "I Komang Sucipta" }, "geometry": { "type": "Point", "coordinates": [ 115.275301648267671, -8.569728031843022 ] } },
{ "type": "Feature", "properties": { "id": 340, "kode_zona": null, "nama_zona": "Keramas", "diameter": null, "kondisi": "Baik", "merk": null, "lokasi": "Jl. Segara Wilis", "th_pasang": null, "elevasi": null, "tapping": "100", "notes": null, "foto": null, "tgl_input": null, "tgl_update": "2025-01-31", "no_aset": null, "fid": 264, "context": "Ventile", "pelayanan": "Pelayanan Blahbatuh", "tgl_delete": null, "nama_dma": "4.4.6 DMA Dayang", "no_bap": null, "subsitem": null, "tgl_asbuilt": null, "id_verifikasi": null, "sumber_data": null, "history": "2025-01-31 Memperbaiki data nama_dma disesuaikan dengan posisi DMA area atau poligon DMA menjadi 4.6.4 DMA Selat  Bona", "petugas_input": null, "latitude": "-8.576695570241652", "longitude": "115.32223542338433", "verifikator": "I Gede Parwata" }, "geometry": { "type": "Point", "coordinates": [ 115.322235423384328, -8.576695570241652 ] } },
{ "type": "Feature", "properties": { "id": 279, "kode_zona": null, "nama_zona": "Keramas", "diameter": null, "kondisi": "Baik", "merk": null, "lokasi": "Jl. Gaga", "th_pasang": null, "elevasi": null, "tapping": null, "notes": null, "foto": null, "tgl_input": null, "tgl_update": null, "no_aset": null, "fid": 198, "context": "Ventile", "pelayanan": "Pelayanan Blahbatuh", "tgl_delete": null, "nama_dma": "4.4.5 DMA Selat Bona", "no_bap": null, "subsitem": null, "tgl_asbuilt": null, "id_verifikasi": null, "sumber_data": null, "history": null, "petugas_input": null, "latitude": "-8.567526906757752", "longitude": "115.32071882564179", "verifikator": "I Gede Parwata" }, "geometry": { "type": "Point", "coordinates": [ 115.320718825641791, -8.567526906757752 ] } },
{ "type": "Feature", "properties": { "id": 284, "kode_zona": null, "nama_zona": "Bona", "diameter": null, "kondisi": "Baik", "merk": null, "lokasi": "Jl. Gaga", "th_pasang": null, "elevasi": null, "tapping": "100", "notes": null, "foto": null, "tgl_input": null, "tgl_update": null, "no_aset": null, "fid": 200, "context": "Ventile", "pelayanan": "Pelayanan Blahbatuh", "tgl_delete": null, "nama_dma": "4.6.1 SB Bona (Non DMA)", "no_bap": null, "subsitem": null, "tgl_asbuilt": null, "id_verifikasi": null, "sumber_data": null, "history": null, "petugas_input": null, "latitude": "-8.564494412061006", "longitude": "115.31983785853346", "verifikator": "Gilang Mada Awiyat" }, "geometry": { "type": "Point", "coordinates": [ 115.319837858533461, -8.564494412061006 ] } },
{ "type": "Feature", "properties": { "id": 397, "kode_zona": null, "nama_zona": "Bedulu", "diameter": null, "kondisi": "Baik", "merk": null, "lokasi": "Jl. Raya Semebaung", "th_pasang": null, "elevasi": null, "tapping": null, "notes": null, "foto": null, "tgl_input": "2022-06-02", "tgl_update": "2022-06-02", "no_aset": 7.0, "fid": 384, "context": "Ventile", "pelayanan": "Pelayanan Blahbatuh", "tgl_delete": null, "nama_dma": "4.7.3 SB Wanayu (Non DMA)", "no_bap": null, "subsitem": null, "tgl_asbuilt": null, "id_verifikasi": null, "sumber_data": null, "history": null, "petugas_input": null, "latitude": "-8.533165305044859", "longitude": "115.30386437993144", "verifikator": "I Gede Parwata" }, "geometry": { "type": "Point", "coordinates": [ 115.30386437993144, -8.533165305044859 ] } },
{ "type": "Feature", "properties": { "id": 394, "kode_zona": null, "nama_zona": "Bedulu", "diameter": null, "kondisi": "Baik", "merk": null, "lokasi": "Banjar Mas", "th_pasang": null, "elevasi": null, "tapping": null, "notes": null, "foto": null, "tgl_input": "2022-06-02", "tgl_update": "2025-06-18", "no_aset": 4.0, "fid": 381, "context": "Ventile", "pelayanan": "Pelayanan Blahbatuh", "tgl_delete": null, "nama_dma": "4.7.1 DMA Wanayu", "no_bap": "0173\/BAP\/II\/III\/2025", "subsitem": null, "tgl_asbuilt": null, "id_verifikasi": null, "sumber_data": null, "history": null, "petugas_input": null, "latitude": "-8.52932733896135", "longitude": "115.29986412452945", "verifikator": "I Gede Parwata" }, "geometry": { "type": "Point", "coordinates": [ 115.299864124529449, -8.52932733896135 ] } },
{ "type": "Feature", "properties": { "id": 396, "kode_zona": null, "nama_zona": "Bedulu", "diameter": null, "kondisi": "Baik", "merk": null, "lokasi": "Pura Samuan Tiga", "th_pasang": null, "elevasi": null, "tapping": null, "notes": null, "foto": null, "tgl_input": "2022-06-02", "tgl_update": "2022-06-02", "no_aset": 6.0, "fid": 383, "context": "Ventile", "pelayanan": "Pelayanan Blahbatuh", "tgl_delete": null, "nama_dma": "4.7.1 DMA Wanayu", "no_bap": null, "subsitem": null, "tgl_asbuilt": null, "id_verifikasi": null, "sumber_data": null, "history": null, "petugas_input": null, "latitude": "-8.52410690901811", "longitude": "115.29452426401187", "verifikator": "I Gede Parwata" }, "geometry": { "type": "Point", "coordinates": [ 115.294524264011869, -8.52410690901811 ] } },
{ "type": "Feature", "properties": { "id": 285, "kode_zona": null, "nama_zona": "Bona", "diameter": null, "kondisi": "Baik", "merk": null, "lokasi": "Timur Balai Banjar Bona Kelod", "th_pasang": null, "elevasi": null, "tapping": "100", "notes": null, "foto": null, "tgl_input": null, "tgl_update": null, "no_aset": null, "fid": 201, "context": "Ventile", "pelayanan": "Pelayanan Blahbatuh", "tgl_delete": null, "nama_dma": "4.6.2 DMA Pasedana Bona Kaja 4", "no_bap": null, "subsitem": null, "tgl_asbuilt": null, "id_verifikasi": null, "sumber_data": null, "history": null, "petugas_input": null, "latitude": "-8.558373979183127", "longitude": "115.31584164775637", "verifikator": "Gilang Mada Awiyat" }, "geometry": { "type": "Point", "coordinates": [ 115.315841647756372, -8.558373979183127 ] } },
{ "type": "Feature", "properties": { "id": 395, "kode_zona": null, "nama_zona": "Bedulu", "diameter": null, "kondisi": "Baik", "merk": null, "lokasi": "SB Wanayu", "th_pasang": null, "elevasi": null, "tapping": null, "notes": null, "foto": null, "tgl_input": "2022-06-02", "tgl_update": "2022-06-01", "no_aset": 5.0, "fid": 382, "context": "Ventile", "pelayanan": "Pelayanan Blahbatuh", "tgl_delete": null, "nama_dma": "4.7.1 DMA Wanayu", "no_bap": null, "subsitem": null, "tgl_asbuilt": null, "id_verifikasi": null, "sumber_data": null, "history": null, "petugas_input": null, "latitude": "-8.52596075182312", "longitude": "115.2990331558704", "verifikator": "I Gede Parwata" }, "geometry": { "type": "Point", "coordinates": [ 115.299033155870404, -8.525960751823121 ] } },
{ "type": "Feature", "properties": { "id": 481, "kode_zona": null, "nama_zona": "Pering", "diameter": 1.0, "kondisi": "Baik", "merk": null, "lokasi": "Timur SD. N1 Desa Pering", "th_pasang": "2023", "elevasi": null, "tapping": "100", "notes": null, "foto": null, "tgl_input": "2023-05-26", "tgl_update": "2023-05-26", "no_aset": null, "fid": null, "context": "Ventile", "pelayanan": "Pelayanan Blahbatuh", "tgl_delete": null, "nama_dma": "4.3.5 DMA Puskesmas Tojan 4", "no_bap": null, "subsitem": null, "tgl_asbuilt": null, "id_verifikasi": null, "sumber_data": null, "history": null, "petugas_input": null, "latitude": "-8.580582295121843", "longitude": "115.31738216115436", "verifikator": "Gilang Mada Awiyat" }, "geometry": { "type": "Point", "coordinates": [ 115.317382161154356, -8.580582295121843 ] } },
{ "type": "Feature", "properties": { "id": 497, "kode_zona": null, "nama_zona": "Kota Blahbatuh", "diameter": 3.0, "kondisi": "Baik", "merk": null, "lokasi": "Depan Balai Banjar Pande", "th_pasang": "2023", "elevasi": null, "tapping": "75", "notes": null, "foto": null, "tgl_input": "2023-09-18", "tgl_update": "2023-09-18", "no_aset": null, "fid": null, "context": "Ventile", "pelayanan": "Pelayanan Blahbatuh", "tgl_delete": null, "nama_dma": "4.1.5 DMA Pande", "no_bap": "0090\/BAP\/II\/IX\/2023", "subsitem": null, "tgl_asbuilt": null, "id_verifikasi": null, "sumber_data": "BAP", "history": null, "petugas_input": null, "latitude": "-8.568491216574207", "longitude": "115.29711591326785", "verifikator": "Gilang Mada Awiyat" }, "geometry": { "type": "Point", "coordinates": [ 115.297115913267845, -8.568491216574207 ] } },
{ "type": "Feature", "properties": { "id": 499, "kode_zona": null, "nama_zona": "Blangsinga", "diameter": 100.0, "kondisi": "Baik", "merk": null, "lokasi": "Depan UD. Putra PS", "th_pasang": "2023", "elevasi": null, "tapping": null, "notes": null, "foto": null, "tgl_input": "2023-09-29", "tgl_update": "2023-09-29", "no_aset": null, "fid": null, "context": "Ventile", "pelayanan": "Pelayanan Blahbatuh", "tgl_delete": null, "nama_dma": "4.2.3 DMA Banda", "no_bap": "0122\/BAP\/II\/IX\/2023", "subsitem": null, "tgl_asbuilt": null, "id_verifikasi": null, "sumber_data": "BAP", "history": null, "petugas_input": null, "latitude": "-8.58320360522271", "longitude": "115.29526500652882", "verifikator": "I Gede Parwata" }, "geometry": { "type": "Point", "coordinates": [ 115.295265006528822, -8.58320360522271 ] } },
{ "type": "Feature", "properties": { "id": 500, "kode_zona": null, "nama_zona": "Blangsinga", "diameter": 100.0, "kondisi": "Baik", "merk": null, "lokasi": "Selatan Rentini", "th_pasang": "2023", "elevasi": null, "tapping": "100", "notes": null, "foto": null, "tgl_input": "2023-09-29", "tgl_update": "2023-09-29", "no_aset": null, "fid": null, "context": "Ventile", "pelayanan": "Pelayanan Blahbatuh", "tgl_delete": null, "nama_dma": "4.2.3 DMA Banda", "no_bap": "0131\/BAP\/II\/IX\/2023", "subsitem": null, "tgl_asbuilt": null, "id_verifikasi": null, "sumber_data": "BAP", "history": null, "petugas_input": null, "latitude": "-8.585370856455963", "longitude": "115.29546372475572", "verifikator": "I Gede Parwata" }, "geometry": { "type": "Point", "coordinates": [ 115.29546372475572, -8.585370856455963 ] } },
{ "type": "Feature", "properties": { "id": 513, "kode_zona": null, "nama_zona": "Keramas", "diameter": null, "kondisi": "Baik", "merk": "DKY", "lokasi": "Timur Gate Valve Cucukan ( Timur Tipat Tahu )", "th_pasang": "2023", "elevasi": null, "tapping": "75", "notes": null, "foto": null, "tgl_input": "2023-11-30", "tgl_update": "2023-11-30", "no_aset": null, "fid": null, "context": "Ventile", "pelayanan": "Pelayanan Blahbatuh", "tgl_delete": null, "nama_dma": "4.4.3 DMA Penulisan Barat", "no_bap": "0075\/BAP\/II\/XI\/2023", "subsitem": null, "tgl_asbuilt": null, "id_verifikasi": null, "sumber_data": "BAP", "history": null, "petugas_input": null, "latitude": "-8.587543309577109", "longitude": "115.34551923145104", "verifikator": "I Gede Parwata" }, "geometry": { "type": "Point", "coordinates": [ 115.345519231451036, -8.587543309577109 ] } },
{ "type": "Feature", "properties": { "id": 514, "kode_zona": null, "nama_zona": "Blangsinga", "diameter": null, "kondisi": "Baik", "merk": null, "lokasi": "Utara Br. Banda", "th_pasang": null, "elevasi": null, "tapping": "100", "notes": null, "foto": null, "tgl_input": "2023-11-30", "tgl_update": "2024-12-09", "no_aset": null, "fid": null, "context": "Ventile", "pelayanan": "Pelayanan Blahbatuh", "tgl_delete": null, "nama_dma": "4.2.3 DMA Banda", "no_bap": "0045\/BAP\/II\/XI\/2023", "subsitem": null, "tgl_asbuilt": null, "id_verifikasi": null, "sumber_data": "BAP", "history": "Ventile atau Gate Valve???", "petugas_input": null, "latitude": "-8.589612385014144", "longitude": "115.29663937083333", "verifikator": "I Gede Parwata" }, "geometry": { "type": "Point", "coordinates": [ 115.296639370833333, -8.589612385014144 ] } },
{ "type": "Feature", "properties": { "id": 515, "kode_zona": null, "nama_zona": "Blangsinga", "diameter": null, "kondisi": "Baik", "merk": null, "lokasi": "Utara Br. Banda", "th_pasang": null, "elevasi": null, "tapping": "100", "notes": null, "foto": null, "tgl_input": "2023-11-30", "tgl_update": "2025-01-31", "no_aset": null, "fid": null, "context": "Ventile", "pelayanan": "Pelayanan Blahbatuh", "tgl_delete": null, "nama_dma": "4.2.3 DMA Banda", "no_bap": "0045\/BAP\/II\/XI\/2023", "subsitem": null, "tgl_asbuilt": null, "id_verifikasi": null, "sumber_data": "BAP", "history": "2025-01-31 Memperbaiki data nama_dma disesuaikan dengan posisi DMA area atau poligon DMA menjadi 4.2.3 DMA Banda", "petugas_input": null, "latitude": "-8.592603570239861", "longitude": "115.29881326404961", "verifikator": "I Gede Parwata" }, "geometry": { "type": "Point", "coordinates": [ 115.298813264049613, -8.592603570239861 ] } },
{ "type": "Feature", "properties": { "id": 520, "kode_zona": null, "nama_zona": "Blangsinga", "diameter": 2.0, "kondisi": "Baik", "merk": null, "lokasi": "BR.  BONBIYU", "th_pasang": "2024", "elevasi": null, "tapping": "50", "notes": null, "foto": null, "tgl_input": "2024-01-29", "tgl_update": "2024-01-29", "no_aset": null, "fid": null, "context": "Ventile", "pelayanan": "Pelayanan Blahbatuh", "tgl_delete": null, "nama_dma": "4.2.2 DMA Bonbiyu", "no_bap": "0157\/BAP\/II\/I\/2024", "subsitem": null, "tgl_asbuilt": null, "id_verifikasi": null, "sumber_data": "BAP", "history": null, "petugas_input": null, "latitude": "-8.579887072086143", "longitude": "115.29178025851682", "verifikator": "I Gede Parwata" }, "geometry": { "type": "Point", "coordinates": [ 115.291780258516823, -8.579887072086143 ] } },
{ "type": "Feature", "properties": { "id": 522, "kode_zona": null, "nama_zona": "Blangsinga", "diameter": null, "kondisi": "Baik", "merk": null, "lokasi": "PERUMAHAN SABA RIVER LOKASI DI JL. TJAMPUHAN UTAMA BARAT", "th_pasang": "2024", "elevasi": null, "tapping": null, "notes": null, "foto": null, "tgl_input": "2024-02-13", "tgl_update": "2024-02-13", "no_aset": null, "fid": null, "context": "Ventile", "pelayanan": "Pelayanan Blahbatuh", "tgl_delete": null, "nama_dma": "4.2.5 DMA Perum Saba River", "no_bap": "0050\/BAP\/II\/II\/2024", "subsitem": null, "tgl_asbuilt": null, "id_verifikasi": null, "sumber_data": "BAP", "history": null, "petugas_input": null, "latitude": "-8.601327882090587", "longitude": "115.31694512910279", "verifikator": "I Gede Parwata" }, "geometry": { "type": "Point", "coordinates": [ 115.316945129102791, -8.601327882090587 ] } },
{ "type": "Feature", "properties": { "id": 523, "kode_zona": "BLS", "nama_zona": "Blangsinga", "diameter": 1.0, "kondisi": "Baik", "merk": null, "lokasi": "PERUMAHAN SABA RIVER - JL TJAMPUHAN TIMUR", "th_pasang": "2024", "elevasi": null, "tapping": null, "notes": null, "foto": null, "tgl_input": "2024-02-15", "tgl_update": "2024-02-15", "no_aset": null, "fid": 69, "context": "Ventile", "pelayanan": "Pelayanan Blahbatuh", "tgl_delete": null, "nama_dma": "4.2.5 DMA Perum Saba River", "no_bap": "0049\/BAP\/II\/II\/2024", "subsitem": null, "tgl_asbuilt": null, "id_verifikasi": null, "sumber_data": "BAP", "history": null, "petugas_input": null, "latitude": "-8.604554817687301", "longitude": "115.31842881206087", "verifikator": "I Gede Parwata" }, "geometry": { "type": "Point", "coordinates": [ 115.318428812060873, -8.604554817687301 ] } },
{ "type": "Feature", "properties": { "id": 530, "kode_zona": "BLS", "nama_zona": "Blangsinga", "diameter": null, "kondisi": "Baik", "merk": null, "lokasi": "PERUMAHAN SABA RIVER, JL. TJAMPUHAN UTAMA BARAT", "th_pasang": "2024", "elevasi": null, "tapping": null, "notes": null, "foto": null, "tgl_input": "2024-03-07", "tgl_update": "2024-03-07", "no_aset": null, "fid": null, "context": "Ventile", "pelayanan": "Pelayanan Blahbatuh", "tgl_delete": null, "nama_dma": "4.2.5 DMA Perum Saba River", "no_bap": "0027\/BAP\/II\/III\/2024", "subsitem": null, "tgl_asbuilt": null, "id_verifikasi": null, "sumber_data": "BAP", "history": null, "petugas_input": null, "latitude": "-8.602670118679837", "longitude": "115.317041", "verifikator": "I Gede Parwata" }, "geometry": { "type": "Point", "coordinates": [ 115.317041, -8.602670118679837 ] } },
{ "type": "Feature", "properties": { "id": 532, "kode_zona": null, "nama_zona": "Blangsinga", "diameter": null, "kondisi": "Baik", "merk": null, "lokasi": "BR.  BONBIYU", "th_pasang": "2024", "elevasi": null, "tapping": null, "notes": null, "foto": null, "tgl_input": "2024-03-15", "tgl_update": "2024-12-09", "no_aset": null, "fid": null, "context": "Ventile", "pelayanan": "Pelayanan Blahbatuh", "tgl_delete": null, "nama_dma": "4.2.2 DMA Bonbiyu", "no_bap": "0041\/BAP\/II\/III\/2024", "subsitem": null, "tgl_asbuilt": null, "id_verifikasi": null, "sumber_data": "BAP", "history": null, "petugas_input": null, "latitude": "-8.57993049789153", "longitude": "115.29210398311044", "verifikator": "I Gede Parwata" }, "geometry": { "type": "Point", "coordinates": [ 115.292103983110437, -8.57993049789153 ] } },
{ "type": "Feature", "properties": { "id": 132, "kode_zona": null, "nama_zona": "Batubulan", "diameter": 1.0, "kondisi": "Baik", "merk": null, "lokasi": "Praptu Made Rambug", "th_pasang": null, "elevasi": null, "tapping": null, "notes": null, "foto": null, "tgl_input": null, "tgl_update": null, "no_aset": null, "fid": 166, "context": "Ventile", "pelayanan": "Pelayanan Sukawati", "tgl_delete": null, "nama_dma": "2.2.7 DMA Sasih", "no_bap": null, "subsitem": null, "tgl_asbuilt": null, "id_verifikasi": null, "sumber_data": null, "history": null, "petugas_input": null, "latitude": "-8.636209894812158", "longitude": "115.26739989397517", "verifikator": "I Kadek Heriawan" }, "geometry": { "type": "Point", "coordinates": [ 115.267399893975167, -8.636209894812158 ] } },
{ "type": "Feature", "properties": { "id": 59, "kode_zona": null, "nama_zona": "Keramas", "diameter": null, "kondisi": "Baik", "merk": null, "lokasi": "Jl. Bypass Prof. Ida Bagus Mantra", "th_pasang": null, "elevasi": null, "tapping": "75", "notes": null, "foto": null, "tgl_input": null, "tgl_update": null, "no_aset": null, "fid": 203, "context": "Ventile", "pelayanan": "Pelayanan Blahbatuh", "tgl_delete": null, "nama_dma": "4.4.3 DMA Penulisan Barat", "no_bap": null, "subsitem": null, "tgl_asbuilt": null, "id_verifikasi": null, "sumber_data": null, "history": null, "petugas_input": null, "latitude": "-8.588433120956141", "longitude": "115.34362621303777", "verifikator": "I Gede Parwata" }, "geometry": { "type": "Point", "coordinates": [ 115.343626213037766, -8.588433120956141 ] } },
{ "type": "Feature", "properties": { "id": 601, "kode_zona": null, "nama_zona": "Keramas", "diameter": null, "kondisi": "Baik", "merk": null, "lokasi": "Jl. Bypass Prof. Ida Bagus Mantra", "th_pasang": null, "elevasi": null, "tapping": null, "notes": null, "foto": null, "tgl_input": "2024-12-09", "tgl_update": "2024-12-09", "no_aset": null, "fid": null, "context": "Ventile", "pelayanan": "Pelayanan Blahbatuh", "tgl_delete": null, "nama_dma": "4.4.3 DMA Penulisan Barat", "no_bap": null, "subsitem": null, "tgl_asbuilt": null, "id_verifikasi": null, "sumber_data": null, "history": null, "petugas_input": null, "latitude": "-8.586831506070165", "longitude": "115.34688872372344", "verifikator": "I Gede Parwata" }, "geometry": { "type": "Point", "coordinates": [ 115.346888723723438, -8.586831506070165 ] } },
{ "type": "Feature", "properties": { "id": 597, "kode_zona": null, "nama_zona": "Blangsinga", "diameter": null, "kondisi": "Baik", "merk": null, "lokasi": "Taman Nuansa Tjampuhan", "th_pasang": null, "elevasi": null, "tapping": null, "notes": null, "foto": null, "tgl_input": "2024-12-09", "tgl_update": "2024-12-09", "no_aset": null, "fid": null, "context": "Ventile", "pelayanan": "Pelayanan Blahbatuh", "tgl_delete": null, "nama_dma": "4.2.5 DMA Perum Saba River", "no_bap": null, "subsitem": null, "tgl_asbuilt": null, "id_verifikasi": null, "sumber_data": null, "history": null, "petugas_input": null, "latitude": "-8.601877969306681", "longitude": "115.31492921526653", "verifikator": "I Gede Parwata" }, "geometry": { "type": "Point", "coordinates": [ 115.314929215266531, -8.601877969306681 ] } },
{ "type": "Feature", "properties": { "id": 604, "kode_zona": null, "nama_zona": "Blangsinga", "diameter": null, "kondisi": "Baik", "merk": null, "lokasi": "Taman Nuansa Tjampuhan", "th_pasang": null, "elevasi": null, "tapping": "75", "notes": null, "foto": null, "tgl_input": "2024-12-27", "tgl_update": "2025-01-30", "no_aset": null, "fid": null, "context": "Ventile", "pelayanan": "Pelayanan Blahbatuh", "tgl_delete": null, "nama_dma": "4.2.5 DMA Perum Saba River", "no_bap": "0009\/BAP\/II\/I\/2025", "subsitem": null, "tgl_asbuilt": null, "id_verifikasi": null, "sumber_data": "BAP", "history": null, "petugas_input": null, "latitude": "-8.60043658641132", "longitude": "115.31648404431132", "verifikator": "I Gede Parwata" }, "geometry": { "type": "Point", "coordinates": [ 115.316484044311323, -8.60043658641132 ] } },
{ "type": "Feature", "properties": { "id": 153, "kode_zona": null, "nama_zona": "Kota Sukawati", "diameter": 2.0, "kondisi": "Baik", "merk": null, "lokasi": "Jl. Raya Sukawati", "th_pasang": null, "elevasi": null, "tapping": null, "notes": null, "foto": null, "tgl_input": null, "tgl_update": null, "no_aset": null, "fid": 312, "context": "Ventile", "pelayanan": "Pelayanan Sukawati", "tgl_delete": null, "nama_dma": "2.4.4 DMA Peninjoan 6 (JDU)", "no_bap": null, "subsitem": null, "tgl_asbuilt": null, "id_verifikasi": null, "sumber_data": null, "history": null, "petugas_input": null, "latitude": "-8.591246737875885", "longitude": "115.28259303815463", "verifikator": "I Komang Sucipta" }, "geometry": { "type": "Point", "coordinates": [ 115.28259303815463, -8.591246737875885 ] } },
{ "type": "Feature", "properties": { "id": 230, "kode_zona": null, "nama_zona": "Kota Sukawati", "diameter": 0.0, "kondisi": "Baik", "merk": null, "lokasi": "Jl. Raya Sukawati", "th_pasang": null, "elevasi": null, "tapping": null, "notes": null, "foto": null, "tgl_input": null, "tgl_update": null, "no_aset": null, "fid": 64, "context": "Ventile", "pelayanan": "Pelayanan Sukawati", "tgl_delete": null, "nama_dma": "2.4.6 DMA Dentiyis 4", "no_bap": null, "subsitem": null, "tgl_asbuilt": null, "id_verifikasi": null, "sumber_data": null, "history": null, "petugas_input": null, "latitude": "-8.585836370529739", "longitude": "115.28236396933542", "verifikator": "I Komang Sucipta" }, "geometry": { "type": "Point", "coordinates": [ 115.282363969335421, -8.585836370529739 ] } },
{ "type": "Feature", "properties": { "id": 590, "kode_zona": null, "nama_zona": "Kota Blahbatuh", "diameter": null, "kondisi": "Baik", "merk": null, "lokasi": "Timur Balai Banjar Babakan", "th_pasang": null, "elevasi": null, "tapping": null, "notes": null, "foto": null, "tgl_input": "2024-11-27", "tgl_update": "2024-11-27", "no_aset": null, "fid": null, "context": "Ventile", "pelayanan": "Pelayanan Blahbatuh", "tgl_delete": null, "nama_dma": "4.1.4 DMA Babakan Timur", "no_bap": null, "subsitem": null, "tgl_asbuilt": null, "id_verifikasi": null, "sumber_data": null, "history": null, "petugas_input": null, "latitude": "-8.561067117702764", "longitude": "115.30302834110536", "verifikator": "Gilang Mada Awiyat" }, "geometry": { "type": "Point", "coordinates": [ 115.30302834110536, -8.561067117702764 ] } },
{ "type": "Feature", "properties": { "id": 498, "kode_zona": null, "nama_zona": "Kota Blahbatuh", "diameter": 2.0, "kondisi": "Baik", "merk": "DKY", "lokasi": "Pratama Wahyu Medika", "th_pasang": "2023", "elevasi": null, "tapping": "150", "notes": null, "foto": null, "tgl_input": "2023-09-18", "tgl_update": "2023-09-18", "no_aset": null, "fid": null, "context": "Ventile", "pelayanan": "Pelayanan Blahbatuh", "tgl_delete": null, "nama_dma": "4.1.4 DMA Babakan Timur", "no_bap": "0084\/BAP\/II\/IX\/2023", "subsitem": null, "tgl_asbuilt": null, "id_verifikasi": null, "sumber_data": "BAP", "history": null, "petugas_input": null, "latitude": "-8.555520729189372", "longitude": "115.30330262196668", "verifikator": "Gilang Mada Awiyat" }, "geometry": { "type": "Point", "coordinates": [ 115.303302621966679, -8.555520729189372 ] } },
{ "type": "Feature", "properties": { "id": 593, "kode_zona": null, "nama_zona": "Belega", "diameter": null, "kondisi": "Baik", "merk": null, "lokasi": "Kelapa Gading", "th_pasang": null, "elevasi": null, "tapping": null, "notes": null, "foto": null, "tgl_input": "2024-12-09", "tgl_update": "2024-12-09", "no_aset": null, "fid": null, "context": "Ventile", "pelayanan": "Pelayanan Blahbatuh", "tgl_delete": null, "nama_dma": "4.5.2 DMA Perum Kelapa Gading", "no_bap": null, "subsitem": null, "tgl_asbuilt": null, "id_verifikasi": null, "sumber_data": null, "history": null, "petugas_input": null, "latitude": "-8.554906712185462", "longitude": "115.31116371538796", "verifikator": "I Gede Parwata" }, "geometry": { "type": "Point", "coordinates": [ 115.311163715387963, -8.554906712185462 ] } },
{ "type": "Feature", "properties": { "id": 591, "kode_zona": null, "nama_zona": "Kota Blahbatuh", "diameter": null, "kondisi": "Baik", "merk": null, "lokasi": "Bengkel Las Darma Putra", "th_pasang": null, "elevasi": null, "tapping": "150", "notes": null, "foto": null, "tgl_input": "2024-11-27", "tgl_update": "2024-11-27", "no_aset": null, "fid": null, "context": "Ventile", "pelayanan": "Pelayanan Blahbatuh", "tgl_delete": null, "nama_dma": "4.1.2 SB Buruan I dan II (Non DMA)", "no_bap": null, "subsitem": null, "tgl_asbuilt": null, "id_verifikasi": null, "sumber_data": null, "history": null, "petugas_input": null, "latitude": "-8.548273395421319", "longitude": "115.30313894993964", "verifikator": "Gilang Mada Awiyat" }, "geometry": { "type": "Point", "coordinates": [ 115.303138949939637, -8.548273395421319 ] } },
{ "type": "Feature", "properties": { "id": 524, "kode_zona": null, "nama_zona": "Pering", "diameter": null, "kondisi": "Baik", "merk": null, "lokasi": "Banjar Tojan", "th_pasang": "2024", "elevasi": null, "tapping": "75", "notes": null, "foto": null, "tgl_input": "2024-02-19", "tgl_update": "2024-02-19", "no_aset": null, "fid": 259, "context": "Ventile", "pelayanan": "Pelayanan Blahbatuh", "tgl_delete": null, "nama_dma": "4.3.1 DMA Perangsada", "no_bap": "0028\/BAP\/II\/II\/2024", "subsitem": null, "tgl_asbuilt": null, "id_verifikasi": null, "sumber_data": "BAP", "history": null, "petugas_input": null, "latitude": "-8.575575964410692", "longitude": "115.30457484341619", "verifikator": "Gilang Mada Awiyat" }, "geometry": { "type": "Point", "coordinates": [ 115.304574843416191, -8.575575964410692 ] } },
{ "type": "Feature", "properties": { "id": 600, "kode_zona": null, "nama_zona": "Keramas", "diameter": null, "kondisi": "Baik", "merk": null, "lokasi": "Jl. Pantai Masceti", "th_pasang": null, "elevasi": null, "tapping": null, "notes": null, "foto": null, "tgl_input": "2024-12-09", "tgl_update": "2024-12-09", "no_aset": null, "fid": null, "context": "Ventile", "pelayanan": "Pelayanan Blahbatuh", "tgl_delete": null, "nama_dma": "4.4.3 DMA Penulisan Barat", "no_bap": null, "subsitem": null, "tgl_asbuilt": null, "id_verifikasi": null, "sumber_data": null, "history": null, "petugas_input": null, "latitude": "-8.58122146784078", "longitude": "115.3397254039635", "verifikator": "I Gede Parwata" }, "geometry": { "type": "Point", "coordinates": [ 115.339725403963499, -8.581221467840781 ] } },
{ "type": "Feature", "properties": { "id": 598, "kode_zona": null, "nama_zona": "Keramas", "diameter": null, "kondisi": "Baik", "merk": null, "lokasi": "Jl. Segara Wilis", "th_pasang": null, "elevasi": null, "tapping": null, "notes": null, "foto": null, "tgl_input": "2024-12-09", "tgl_update": "2024-12-09", "no_aset": null, "fid": null, "context": "Ventile", "pelayanan": "Pelayanan Blahbatuh", "tgl_delete": null, "nama_dma": "4.4.1 DMA Maspahit (suplai SB Keramas)", "no_bap": null, "subsitem": null, "tgl_asbuilt": null, "id_verifikasi": null, "sumber_data": null, "history": null, "petugas_input": null, "latitude": "-8.576067194859801", "longitude": "115.32558693781338", "verifikator": "I Gede Parwata" }, "geometry": { "type": "Point", "coordinates": [ 115.325586937813384, -8.576067194859801 ] } },
{ "type": "Feature", "properties": { "id": 599, "kode_zona": null, "nama_zona": "Keramas", "diameter": null, "kondisi": "Baik", "merk": null, "lokasi": "Jl. Segara Wilis", "th_pasang": null, "elevasi": null, "tapping": null, "notes": null, "foto": null, "tgl_input": "2024-12-09", "tgl_update": "2024-12-09", "no_aset": null, "fid": null, "context": "Ventile", "pelayanan": "Pelayanan Blahbatuh", "tgl_delete": null, "nama_dma": "4.4.1 DMA Maspahit (suplai SB Keramas)", "no_bap": null, "subsitem": null, "tgl_asbuilt": null, "id_verifikasi": null, "sumber_data": null, "history": null, "petugas_input": null, "latitude": "-8.576120313824891", "longitude": "115.32561411495831", "verifikator": "I Gede Parwata" }, "geometry": { "type": "Point", "coordinates": [ 115.325614114958313, -8.576120313824891 ] } },
{ "type": "Feature", "properties": { "id": 485, "kode_zona": null, "nama_zona": "Kemenuh", "diameter": 1.0, "kondisi": "Baik", "merk": null, "lokasi": "Jl. Ir. Sutami", "th_pasang": "2023", "elevasi": null, "tapping": null, "notes": null, "foto": null, "tgl_input": "2023-06-12", "tgl_update": "2023-06-12", "no_aset": null, "fid": 174, "context": "Ventile", "pelayanan": "Pelayanan Sukawati", "tgl_delete": "2025-10-16", "nama_dma": "2.5.1 DMA Tengkulak Kaja", "no_bap": "0159\/BAP\/VI\/V\/2023", "subsitem": null, "tgl_asbuilt": null, "id_verifikasi": null, "sumber_data": "BAP", "history": null, "petugas_input": null, "latitude": "-8.538549981523282", "longitude": "115.28204587976452", "verifikator": "I Komang Sucipta" }, "geometry": { "type": "Point", "coordinates": [ 115.282045879764524, -8.538549981523282 ] } },
{ "type": "Feature", "properties": { "id": 39, "kode_zona": null, "nama_zona": "Kedewatan", "diameter": 1.0, "kondisi": "Baik", "merk": null, "lokasi": "SELATAN BINTANG, DI PIPA 4\"", "th_pasang": null, "elevasi": null, "tapping": null, "notes": null, "foto": null, "tgl_input": null, "tgl_update": "2025-01-31", "no_aset": null, "fid": 347, "context": "Ventile", "pelayanan": "Pelayanan Ubud", "tgl_delete": null, "nama_dma": "5.1.4 DMA Kedewatan", "no_bap": null, "subsitem": null, "tgl_asbuilt": null, "id_verifikasi": null, "sumber_data": null, "history": "2025-01-31 Memperbaiki data nama_dma disesuaikan dengan posisi DMA area atau poligon DMA menjadi 5.1.4 DMA Kedewatan", "petugas_input": null, "latitude": "-8.500411910292671", "longitude": "115.25281579855864", "verifikator": "I Wayan Eka Putrayasa" }, "geometry": { "type": "Point", "coordinates": [ 115.252815798558643, -8.500411910292671 ] } },
{ "type": "Feature", "properties": { "id": 246, "kode_zona": null, "nama_zona": "Lodtunduh", "diameter": 1.0, "kondisi": "Baik", "merk": null, "lokasi": "Vti di pipa 2 utara pura dalem mawang kelod", "th_pasang": null, "elevasi": null, "tapping": null, "notes": null, "foto": null, "tgl_input": null, "tgl_update": null, "no_aset": null, "fid": 148, "context": "Ventile", "pelayanan": "Pelayanan Ubud", "tgl_delete": "2025-04-16", "nama_dma": "5.6.2 DMA Lodtunduh Barat", "no_bap": null, "subsitem": null, "tgl_asbuilt": null, "id_verifikasi": null, "sumber_data": null, "history": null, "petugas_input": null, "latitude": "-8.575315446342014", "longitude": "115.26413912935203", "verifikator": "I Wayan Eka Putrayasa" }, "geometry": { "type": "Point", "coordinates": [ 115.264139129352031, -8.575315446342014 ] } },
{ "type": "Feature", "properties": { "id": 386, "kode_zona": null, "nama_zona": "Sayan", "diameter": null, "kondisi": "Baik", "merk": null, "lokasi": "Depan Warung Alami", "th_pasang": null, "elevasi": null, "tapping": null, "notes": null, "foto": null, "tgl_input": "2022-06-20", "tgl_update": null, "no_aset": 0.0, "fid": 393, "context": "Ventile", "pelayanan": "Pelayanan Ubud", "tgl_delete": null, "nama_dma": "5.2.2 DMA Pande ( Wil.Timur )", "no_bap": null, "subsitem": null, "tgl_asbuilt": null, "id_verifikasi": null, "sumber_data": null, "history": null, "petugas_input": null, "latitude": "-8.532681999999838", "longitude": "115.24410700000668", "verifikator": "I Wayan Eka Putrayasa" }, "geometry": { "type": "Point", "coordinates": [ 115.244107000006679, -8.532681999999838 ] } },
{ "type": "Feature", "properties": { "id": 535, "kode_zona": "SYN", "nama_zona": "Sayan", "diameter": null, "kondisi": "Baik", "merk": null, "lokasi": "BANJAR TEBONGKANG", "th_pasang": "2024", "elevasi": null, "tapping": null, "notes": null, "foto": null, "tgl_input": "2024-03-22", "tgl_update": "2024-03-22", "no_aset": null, "fid": null, "context": "Ventile", "pelayanan": "Pelayanan Ubud", "tgl_delete": null, "nama_dma": "5.2.2 DMA Pande ( Wil.Timur )", "no_bap": "0129\/BAP\/III\/III\/2024", "subsitem": null, "tgl_asbuilt": null, "id_verifikasi": null, "sumber_data": "BAP", "history": null, "petugas_input": null, "latitude": "-8.527507927569541", "longitude": "115.24304724062952", "verifikator": "I Wayan Eka Putrayasa" }, "geometry": { "type": "Point", "coordinates": [ 115.243047240629522, -8.527507927569541 ] } },
{ "type": "Feature", "properties": { "id": 541, "kode_zona": "KDW", "nama_zona": "Kedewatan", "diameter": null, "kondisi": "Baik", "merk": null, "lokasi": "BANJAR BUNUTAN, KEDEWATAN", "th_pasang": "2024", "elevasi": null, "tapping": null, "notes": null, "foto": null, "tgl_input": "2024-05-03", "tgl_update": "2024-05-03", "no_aset": null, "fid": null, "context": "Ventile", "pelayanan": "Pelayanan Ubud", "tgl_delete": null, "nama_dma": "5.1.2 DMA Bunutan", "no_bap": "0010\/BAP\/III\/V\/2024", "subsitem": null, "tgl_asbuilt": null, "id_verifikasi": null, "sumber_data": "BAP", "history": null, "petugas_input": null, "latitude": "-8.47451820266731", "longitude": "115.24728080266733", "verifikator": "I Wayan Eka Putrayasa" }, "geometry": { "type": "Point", "coordinates": [ 115.247280802667333, -8.47451820266731 ] } },
{ "type": "Feature", "properties": { "id": 660, "kode_zona": null, "nama_zona": "Sayan", "diameter": null, "kondisi": "Baik", "merk": null, "lokasi": "Banjar Semana", "th_pasang": "2025", "elevasi": null, "tapping": "75", "notes": null, "foto": null, "tgl_input": "2025-03-24", "tgl_update": null, "no_aset": null, "fid": null, "context": "Ventile", "pelayanan": "Pelayanan Ubud", "tgl_delete": null, "nama_dma": "5.2.1 DMA Baung ( Wil.Barat )", "no_bap": "0115\/BAP\/III\/III\/2025", "subsitem": null, "tgl_asbuilt": null, "id_verifikasi": null, "sumber_data": "BAP", "history": null, "petugas_input": null, "latitude": "-8.52647487868962", "longitude": "115.23295347446253", "verifikator": "I Wayan Eka Putrayasa" }, "geometry": { "type": "Point", "coordinates": [ 115.232953474462533, -8.526474878689619 ] } },
{ "type": "Feature", "properties": { "id": 665, "kode_zona": null, "nama_zona": "Kedewatan", "diameter": null, "kondisi": "Baik", "merk": null, "lokasi": "Jl. Raya Kedewatan", "th_pasang": null, "elevasi": null, "tapping": "150", "notes": null, "foto": null, "tgl_input": "2025-04-16", "tgl_update": null, "no_aset": null, "fid": null, "context": "Ventile", "pelayanan": "Pelayanan Ubud", "tgl_delete": null, "nama_dma": "5.1.5 DMA Penestanan", "no_bap": null, "subsitem": null, "tgl_asbuilt": null, "id_verifikasi": null, "sumber_data": null, "history": null, "petugas_input": null, "latitude": "-8.500239711083617", "longitude": "115.24458973465379", "verifikator": "I Wayan Eka Putrayasa" }, "geometry": { "type": "Point", "coordinates": [ 115.244589734653786, -8.500239711083617 ] } },
{ "type": "Feature", "properties": { "id": 676, "kode_zona": null, "nama_zona": "Kedewatan", "diameter": null, "kondisi": "Baik", "merk": null, "lokasi": "Jl. Raya Kedewatan", "th_pasang": null, "elevasi": null, "tapping": null, "notes": null, "foto": null, "tgl_input": "2025-06-18", "tgl_update": null, "no_aset": null, "fid": null, "context": "Ventile", "pelayanan": "Pelayanan Ubud", "tgl_delete": null, "nama_dma": "5.1.5 DMA Penestanan", "no_bap": "0029\/BAP\/III\/VI\/2025", "subsitem": null, "tgl_asbuilt": null, "id_verifikasi": null, "sumber_data": null, "history": null, "petugas_input": null, "latitude": "-8.49714897608286", "longitude": "115.24492317657895", "verifikator": "I Wayan Eka Putrayasa" }, "geometry": { "type": "Point", "coordinates": [ 115.244923176578951, -8.49714897608286 ] } },
{ "type": "Feature", "properties": { "id": 383, "kode_zona": null, "nama_zona": "Sayan", "diameter": null, "kondisi": "Baik", "merk": null, "lokasi": "Jl. Raya Tebongkang", "th_pasang": null, "elevasi": null, "tapping": null, "notes": null, "foto": null, "tgl_input": "2022-06-09", "tgl_update": "2022-06-09", "no_aset": null, "fid": 386, "context": "Ventile", "pelayanan": "Pelayanan Ubud", "tgl_delete": null, "nama_dma": "5.2.2 DMA Pande ( Wil.Timur )", "no_bap": null, "subsitem": null, "tgl_asbuilt": null, "id_verifikasi": null, "sumber_data": null, "history": null, "petugas_input": null, "latitude": "-8.54262599999984", "longitude": "115.2484550000066", "verifikator": "I Wayan Eka Putrayasa" }, "geometry": { "type": "Point", "coordinates": [ 115.248455000006601, -8.54262599999984 ] } },
{ "type": "Feature", "properties": { "id": 384, "kode_zona": null, "nama_zona": "Sayan", "diameter": null, "kondisi": "Baik", "merk": null, "lokasi": "Jl. Raya Tebongkang", "th_pasang": null, "elevasi": null, "tapping": null, "notes": null, "foto": null, "tgl_input": "2022-06-19", "tgl_update": null, "no_aset": 0.0, "fid": 391, "context": "Ventile", "pelayanan": "Pelayanan Ubud", "tgl_delete": null, "nama_dma": "5.2.2 DMA Pande ( Wil.Timur )", "no_bap": null, "subsitem": null, "tgl_asbuilt": null, "id_verifikasi": null, "sumber_data": null, "history": null, "petugas_input": null, "latitude": "-8.54447156150471", "longitude": "115.24984990799545", "verifikator": "I Wayan Eka Putrayasa" }, "geometry": { "type": "Point", "coordinates": [ 115.249849907995454, -8.544471561504711 ] } },
{ "type": "Feature", "properties": { "id": 385, "kode_zona": null, "nama_zona": "Sayan", "diameter": 150.0, "kondisi": "Baik", "merk": null, "lokasi": "Jl. Raya Tebongkang", "th_pasang": null, "elevasi": null, "tapping": null, "notes": null, "foto": null, "tgl_input": "2022-06-20", "tgl_update": "2022-06-20", "no_aset": 0.0, "fid": 392, "context": "Ventile", "pelayanan": "Pelayanan Ubud", "tgl_delete": null, "nama_dma": "5.2.2 DMA Pande ( Wil.Timur )", "no_bap": null, "subsitem": null, "tgl_asbuilt": null, "id_verifikasi": null, "sumber_data": null, "history": null, "petugas_input": null, "latitude": "-8.530309432563286", "longitude": "115.24402640521106", "verifikator": "I Wayan Eka Putrayasa" }, "geometry": { "type": "Point", "coordinates": [ 115.244026405211059, -8.530309432563286 ] } },
{ "type": "Feature", "properties": { "id": 387, "kode_zona": null, "nama_zona": "Sayan", "diameter": null, "kondisi": "Baik", "merk": null, "lokasi": "Jl. Raya Tebongkang", "th_pasang": null, "elevasi": null, "tapping": null, "notes": null, "foto": null, "tgl_input": "2022-06-20", "tgl_update": null, "no_aset": 0.0, "fid": 394, "context": "Ventile", "pelayanan": "Pelayanan Ubud", "tgl_delete": null, "nama_dma": "5.2.2 DMA Pande ( Wil.Timur )", "no_bap": null, "subsitem": null, "tgl_asbuilt": null, "id_verifikasi": null, "sumber_data": null, "history": null, "petugas_input": null, "latitude": "-8.533651930186663", "longitude": "115.24408287435014", "verifikator": "I Wayan Eka Putrayasa" }, "geometry": { "type": "Point", "coordinates": [ 115.244082874350141, -8.533651930186663 ] } },
{ "type": "Feature", "properties": { "id": 666, "kode_zona": null, "nama_zona": "Sayan", "diameter": null, "kondisi": "Baik", "merk": null, "lokasi": "Jl. Raya Singakerta", "th_pasang": null, "elevasi": null, "tapping": "200", "notes": null, "foto": null, "tgl_input": "2025-04-16", "tgl_update": null, "no_aset": null, "fid": null, "context": "Ventile", "pelayanan": "Pelayanan Ubud", "tgl_delete": null, "nama_dma": "5.2.3 DMA Singakerta", "no_bap": null, "subsitem": null, "tgl_asbuilt": null, "id_verifikasi": null, "sumber_data": null, "history": null, "petugas_input": null, "latitude": "-8.527483433991428", "longitude": "115.24489559654506", "verifikator": "I Wayan Eka Putrayasa" }, "geometry": { "type": "Point", "coordinates": [ 115.244895596545064, -8.527483433991428 ] } },
{ "type": "Feature", "properties": { "id": 667, "kode_zona": null, "nama_zona": "Sayan", "diameter": null, "kondisi": "Baik", "merk": null, "lokasi": "Jl. Raya Singakerta", "th_pasang": null, "elevasi": null, "tapping": "200", "notes": null, "foto": null, "tgl_input": "2025-04-16", "tgl_update": null, "no_aset": null, "fid": null, "context": "Ventile", "pelayanan": "Pelayanan Ubud", "tgl_delete": null, "nama_dma": "5.2.3 DMA Singakerta", "no_bap": null, "subsitem": null, "tgl_asbuilt": null, "id_verifikasi": null, "sumber_data": null, "history": null, "petugas_input": null, "latitude": "-8.528220315360711", "longitude": "115.24792349539878", "verifikator": "I Wayan Eka Putrayasa" }, "geometry": { "type": "Point", "coordinates": [ 115.24792349539878, -8.528220315360711 ] } },
{ "type": "Feature", "properties": { "id": 231, "kode_zona": null, "nama_zona": "Kota Sukawati", "diameter": 0.0, "kondisi": "Baik", "merk": null, "lokasi": "Jl. Raya Sukawati", "th_pasang": null, "elevasi": null, "tapping": null, "notes": null, "foto": null, "tgl_input": null, "tgl_update": null, "no_aset": null, "fid": 80, "context": "Ventile", "pelayanan": "Pelayanan Sukawati", "tgl_delete": null, "nama_dma": "2.4.6 DMA Dentiyis 4", "no_bap": null, "subsitem": null, "tgl_asbuilt": null, "id_verifikasi": null, "sumber_data": null, "history": null, "petugas_input": null, "latitude": "-8.581594389018251", "longitude": "115.27861015593781", "verifikator": "I Komang Sucipta" }, "geometry": { "type": "Point", "coordinates": [ 115.278610155937812, -8.581594389018251 ] } },
{ "type": "Feature", "properties": { "id": 232, "kode_zona": null, "nama_zona": "Kota Sukawati", "diameter": 0.0, "kondisi": "Baik", "merk": null, "lokasi": "Jl. Raya Sukawati", "th_pasang": null, "elevasi": null, "tapping": null, "notes": null, "foto": null, "tgl_input": null, "tgl_update": null, "no_aset": null, "fid": 86, "context": "Ventile", "pelayanan": "Pelayanan Sukawati", "tgl_delete": null, "nama_dma": "2.4.6 DMA Dentiyis 4", "no_bap": null, "subsitem": null, "tgl_asbuilt": null, "id_verifikasi": null, "sumber_data": null, "history": null, "petugas_input": null, "latitude": "-8.58354281130374", "longitude": "115.28217603470533", "verifikator": "I Komang Sucipta" }, "geometry": { "type": "Point", "coordinates": [ 115.28217603470533, -8.58354281130374 ] } },
{ "type": "Feature", "properties": { "id": 257, "kode_zona": null, "nama_zona": "Kota Sukawati", "diameter": 2.0, "kondisi": "Baik", "merk": null, "lokasi": "Jl. Raya Sukawati", "th_pasang": null, "elevasi": null, "tapping": null, "notes": null, "foto": null, "tgl_input": null, "tgl_update": null, "no_aset": null, "fid": 122, "context": "Ventile", "pelayanan": "Pelayanan Sukawati", "tgl_delete": null, "nama_dma": "2.4.4 DMA Peninjoan 6 (JDU)", "no_bap": null, "subsitem": null, "tgl_asbuilt": null, "id_verifikasi": null, "sumber_data": null, "history": null, "petugas_input": null, "latitude": "-8.602747979184112", "longitude": "115.28214229316819", "verifikator": "I Komang Sucipta" }, "geometry": { "type": "Point", "coordinates": [ 115.282142293168192, -8.602747979184112 ] } },
{ "type": "Feature", "properties": { "id": 320, "kode_zona": null, "nama_zona": "Kota Sukawati", "diameter": null, "kondisi": "Baik", "merk": null, "lokasi": "Banjar Gelumpang", "th_pasang": null, "elevasi": null, "tapping": "100", "notes": null, "foto": null, "tgl_input": null, "tgl_update": null, "no_aset": null, "fid": 236, "context": "Ventile", "pelayanan": "Pelayanan Sukawati", "tgl_delete": null, "nama_dma": "2.4.10 DMA Gelumpang", "no_bap": null, "subsitem": null, "tgl_asbuilt": null, "id_verifikasi": null, "sumber_data": null, "history": null, "petugas_input": null, "latitude": "-8.59804501168148", "longitude": "115.2934102008862", "verifikator": "I Komang Sucipta" }, "geometry": { "type": "Point", "coordinates": [ 115.2934102008862, -8.59804501168148 ] } },
{ "type": "Feature", "properties": { "id": 594, "kode_zona": null, "nama_zona": "Blangsinga", "diameter": null, "kondisi": "Baik", "merk": null, "lokasi": "Banjar Banda", "th_pasang": null, "elevasi": null, "tapping": null, "notes": null, "foto": null, "tgl_input": "2024-12-09", "tgl_update": "2024-12-09", "no_aset": null, "fid": null, "context": "Ventile", "pelayanan": "Pelayanan Blahbatuh", "tgl_delete": null, "nama_dma": "4.2.2 DMA Bonbiyu", "no_bap": null, "subsitem": null, "tgl_asbuilt": null, "id_verifikasi": null, "sumber_data": null, "history": null, "petugas_input": null, "latitude": "-8.591537586955777", "longitude": "115.29273377864794", "verifikator": "I Gede Parwata" }, "geometry": { "type": "Point", "coordinates": [ 115.292733778647943, -8.591537586955777 ] } },
{ "type": "Feature", "properties": { "id": 596, "kode_zona": null, "nama_zona": "Blangsinga", "diameter": null, "kondisi": "Baik", "merk": null, "lokasi": "Banjar Banda", "th_pasang": null, "elevasi": null, "tapping": null, "notes": null, "foto": null, "tgl_input": "2024-12-09", "tgl_update": "2024-12-09", "no_aset": null, "fid": null, "context": "Ventile", "pelayanan": "Pelayanan Blahbatuh", "tgl_delete": null, "nama_dma": "4.2.3 DMA Banda", "no_bap": null, "subsitem": null, "tgl_asbuilt": null, "id_verifikasi": null, "sumber_data": null, "history": null, "petugas_input": null, "latitude": "-8.59291760603457", "longitude": "115.29752521305674", "verifikator": "I Gede Parwata" }, "geometry": { "type": "Point", "coordinates": [ 115.297525213056744, -8.59291760603457 ] } },
{ "type": "Feature", "properties": { "id": 130, "kode_zona": null, "nama_zona": "Kota Sukawati", "diameter": 1.0, "kondisi": "Baik", "merk": null, "lokasi": "SB Abianseka II", "th_pasang": null, "elevasi": null, "tapping": null, "notes": null, "foto": null, "tgl_input": null, "tgl_update": null, "no_aset": null, "fid": 164, "context": "Ventile", "pelayanan": "Pelayanan Sukawati", "tgl_delete": null, "nama_dma": "2.4.1 DMA Boster Abianseka", "no_bap": null, "subsitem": null, "tgl_asbuilt": null, "id_verifikasi": null, "sumber_data": null, "history": null, "petugas_input": null, "latitude": "-8.561846654662213", "longitude": "115.27133560591098", "verifikator": "I Komang Sucipta" }, "geometry": { "type": "Point", "coordinates": [ 115.271335605910977, -8.561846654662213 ] } },
{ "type": "Feature", "properties": { "id": 169, "kode_zona": null, "nama_zona": "Puhu", "diameter": 100.0, "kondisi": "Baik", "merk": null, "lokasi": "Selatan Pertigaan LPD Pengiyahan", "th_pasang": null, "elevasi": null, "tapping": null, "notes": null, "foto": null, "tgl_input": "2022-05-27", "tgl_update": "2022-05-27", "no_aset": 1.0, "fid": 15, "context": "Ventile", "pelayanan": "Pelayanan Payangan", "tgl_delete": null, "nama_dma": "7.2.3 DMA Penginyahan", "no_bap": null, "subsitem": null, "tgl_asbuilt": null, "id_verifikasi": null, "sumber_data": null, "history": null, "petugas_input": null, "latitude": "-8.377491603171448", "longitude": "115.2670478334324", "verifikator": "I Made Darsana" }, "geometry": { "type": "Point", "coordinates": [ 115.2670478334324, -8.377491603171448 ] } },
{ "type": "Feature", "properties": { "id": 138, "kode_zona": null, "nama_zona": "Kemenuh", "diameter": 1.0, "kondisi": "Baik", "merk": null, "lokasi": "Jl. Ir. Sutami", "th_pasang": null, "elevasi": null, "tapping": null, "notes": null, "foto": null, "tgl_input": null, "tgl_update": null, "no_aset": null, "fid": 175, "context": "Ventile", "pelayanan": "Pelayanan Sukawati", "tgl_delete": "2023-06-12", "nama_dma": "2.5.1 DMA Tengkulak Kaja", "no_bap": null, "subsitem": null, "tgl_asbuilt": null, "id_verifikasi": null, "sumber_data": null, "history": null, "petugas_input": null, "latitude": "-8.540167132205418", "longitude": "115.28140143556185", "verifikator": "I Komang Sucipta" }, "geometry": { "type": "Point", "coordinates": [ 115.281401435561847, -8.540167132205418 ] } },
{ "type": "Feature", "properties": { "id": 283, "kode_zona": null, "nama_zona": "Keramas", "diameter": 100.0, "kondisi": "Baik", "merk": null, "lokasi": "Jl. Gaga", "th_pasang": null, "elevasi": null, "tapping": null, "notes": null, "foto": null, "tgl_input": null, "tgl_update": "2025-01-31", "no_aset": null, "fid": 199, "context": "Ventile", "pelayanan": "Pelayanan Blahbatuh", "tgl_delete": null, "nama_dma": "4.4.5 DMA Selat Bona", "no_bap": null, "subsitem": null, "tgl_asbuilt": null, "id_verifikasi": null, "sumber_data": null, "history": "2025-01-31 Memperbaiki data nama_dma disesuaikan dengan posisi DMA area atau poligon DMA menjadi 4.6.4 DMA Selat  Bona", "petugas_input": null, "latitude": "-8.56922844680747", "longitude": "115.32159814174952", "verifikator": "I Gede Parwata" }, "geometry": { "type": "Point", "coordinates": [ 115.321598141749519, -8.56922844680747 ] } },
{ "type": "Feature", "properties": { "id": 223, "kode_zona": null, "nama_zona": "Kota Gianyar", "diameter": 0.0, "kondisi": "Baik", "merk": null, "lokasi": "Jl. Astina Selatan", "th_pasang": null, "elevasi": null, "tapping": null, "notes": null, "foto": null, "tgl_input": null, "tgl_update": "2025-01-31", "no_aset": null, "fid": 91, "context": "Ventile", "pelayanan": "Pelayanan Gianyar", "tgl_delete": null, "nama_dma": "1.14.4 DMA SB TMP dan Abianbase", "no_bap": null, "subsitem": null, "tgl_asbuilt": null, "id_verifikasi": null, "sumber_data": null, "history": "2025-01-31 Memperbaiki data nama_dma disesuaikan dengan posisi DMA area atau poligon DMA menjadi 1.14.4 DMA SB TMP dan Abianbase", "petugas_input": null, "latitude": "-8.548808463638379", "longitude": "115.3259780404501", "verifikator": "Dewa Ketut Arsana" }, "geometry": { "type": "Point", "coordinates": [ 115.325978040450096, -8.548808463638379 ] } },
{ "type": "Feature", "properties": { "id": 224, "kode_zona": null, "nama_zona": "Kota Gianyar", "diameter": 0.0, "kondisi": "Baik", "merk": null, "lokasi": "Jl. Astina Selatan", "th_pasang": null, "elevasi": null, "tapping": null, "notes": null, "foto": null, "tgl_input": null, "tgl_update": "2025-01-31", "no_aset": null, "fid": 92, "context": "Ventile", "pelayanan": "Pelayanan Gianyar", "tgl_delete": null, "nama_dma": "1.14.4 DMA SB TMP dan Abianbase", "no_bap": null, "subsitem": null, "tgl_asbuilt": null, "id_verifikasi": null, "sumber_data": null, "history": "2025-01-31 Memperbaiki data nama_dma disesuaikan dengan posisi DMA area atau poligon DMA menjadi 1.14.4 DMA SB TMP dan Abianbase", "petugas_input": null, "latitude": "-8.548860435053772", "longitude": "115.32599048588341", "verifikator": "Dewa Ketut Arsana" }, "geometry": { "type": "Point", "coordinates": [ 115.325990485883409, -8.548860435053772 ] } },
{ "type": "Feature", "properties": { "id": 611, "kode_zona": null, "nama_zona": "Bukit Jati", "diameter": null, "kondisi": "Baik", "merk": null, "lokasi": "SB Bukit Jati", "th_pasang": null, "elevasi": null, "tapping": null, "notes": null, "foto": null, "tgl_input": "2025-01-07", "tgl_update": "2025-07-15", "no_aset": null, "fid": null, "context": "Ventile", "pelayanan": "Pelayanan Gianyar", "tgl_delete": null, "nama_dma": "1.11.1 DMA Bukit Jati", "no_bap": "0113\/BAP\/I\/VII\/2025", "subsitem": null, "tgl_asbuilt": null, "id_verifikasi": null, "sumber_data": "Koorwil", "history": "2025-01-31 Memperbaiki data nama_dma disesuaikan dengan posisi DMA area atau poligon DMA menjadi 1.11.1 DMA Bukit Jati", "petugas_input": null, "latitude": "-8.536413098355299", "longitude": "115.33671977943106", "verifikator": "I Wayan Degug" }, "geometry": { "type": "Point", "coordinates": [ 115.336719779431064, -8.536413098355299 ] } },
{ "type": "Feature", "properties": { "id": 684, "kode_zona": null, "nama_zona": "Tegal Bingin", "diameter": null, "kondisi": "Baik", "merk": null, "lokasi": "Depan Tukang Patung", "th_pasang": "2025", "elevasi": null, "tapping": "100", "notes": null, "foto": null, "tgl_input": "2025-08-07", "tgl_update": null, "no_aset": null, "fid": null, "context": "Ventile", "pelayanan": "Pelayanan Ubud", "tgl_delete": null, "nama_dma": "5.8.1 DMA Tegalbingin", "no_bap": "0031\/BAP\/III\/VIII\/2025", "subsitem": null, "tgl_asbuilt": null, "id_verifikasi": null, "sumber_data": "BAP (SiPDAM Pintar)", "history": null, "petugas_input": "Divisi Pemetaan", "latitude": "-8.537346543525759", "longitude": "115.27773976290682", "verifikator": "I Wayan Eka Putra Yasa" }, "geometry": { "type": "Point", "coordinates": [ 115.277739762906819, -8.537346543525759 ] } },
{ "type": "Feature", "properties": { "id": 685, "kode_zona": null, "nama_zona": "Tulikup", "diameter": null, "kondisi": "Baik", "merk": null, "lokasi": "Timur Bengkel Las - JDU", "th_pasang": null, "elevasi": null, "tapping": "100", "notes": null, "foto": null, "tgl_input": "2025-08-19", "tgl_update": null, "no_aset": null, "fid": null, "context": "Ventile", "pelayanan": "Pelayanan Gianyar", "tgl_delete": null, "nama_dma": "1.10.1 DMA Kembengan Barat + JDU", "no_bap": "0143\/BAP\/I\/VIII\/2025", "subsitem": null, "tgl_asbuilt": null, "id_verifikasi": null, "sumber_data": "BAP (SiPDAM Pintar)", "history": null, "petugas_input": "Divisi Pemetaan", "latitude": "-8.543132746919156", "longitude": "115.35642608704505", "verifikator": "I Wayan Degug" }, "geometry": { "type": "Point", "coordinates": [ 115.356426087045051, -8.543132746919156 ] } },
{ "type": "Feature", "properties": { "id": 687, "kode_zona": null, "nama_zona": "Mancawarna", "diameter": null, "kondisi": "Baik", "merk": null, "lokasi": "Timur Beringin", "th_pasang": "2025", "elevasi": null, "tapping": "50", "notes": null, "foto": null, "tgl_input": "2025-09-22", "tgl_update": null, "no_aset": null, "fid": null, "context": "Ventile", "pelayanan": "Pelayanan Tampaksiring", "tgl_delete": null, "nama_dma": "3.3.4 DMA Pengembungan", "no_bap": "0075\/BAP\/VII\/IX\/2025", "subsitem": null, "tgl_asbuilt": null, "id_verifikasi": null, "sumber_data": "BAP (SiPDAM Pintar)", "history": null, "petugas_input": "Divisi Pemetaan", "latitude": "-8.46605229479739", "longitude": "115.30222705120633", "verifikator": null }, "geometry": { "type": "Point", "coordinates": [ 115.30222705120633, -8.46605229479739 ] } },
{ "type": "Feature", "properties": { "id": 686, "kode_zona": null, "nama_zona": "Mancawarna", "diameter": 50.0, "kondisi": "Baik", "merk": "C80", "lokasi": null, "th_pasang": "2025", "elevasi": null, "tapping": "150", "notes": null, "foto": null, "tgl_input": "2025-09-18", "tgl_update": null, "no_aset": null, "fid": null, "context": "Ventile", "pelayanan": "Pelayanan Tampaksiring", "tgl_delete": null, "nama_dma": "3.3.4 DMA Pengembungan", "no_bap": "0074\/BAP\/VII\/IX\/2025", "subsitem": null, "tgl_asbuilt": null, "id_verifikasi": null, "sumber_data": null, "history": null, "petugas_input": "Divisi Pemetaan", "latitude": "-8.469567424030627", "longitude": "115.30036066082316", "verifikator": "I Nyoman Suarta, S.E." }, "geometry": { "type": "Point", "coordinates": [ 115.300360660823159, -8.469567424030627 ] } },
{ "type": "Feature", "properties": { "id": 688, "kode_zona": null, "nama_zona": "Tulikup", "diameter": null, "kondisi": "Baik", "merk": null, "lokasi": "Banjar Meranggi", "th_pasang": "2025", "elevasi": null, "tapping": "100", "notes": null, "foto": null, "tgl_input": "2025-10-03", "tgl_update": null, "no_aset": null, "fid": null, "context": "Ventile", "pelayanan": "Pelayanan Gianyar", "tgl_delete": null, "nama_dma": "1.10.3 DMA Meranggi", "no_bap": "0014\/BAP\/I\/X\/2025", "subsitem": null, "tgl_asbuilt": null, "id_verifikasi": null, "sumber_data": "BAP (SiPDAM Pintar)", "history": null, "petugas_input": "Divisi Pemetaan", "latitude": "-8.54734215776027", "longitude": "115.35719038080985", "verifikator": null }, "geometry": { "type": "Point", "coordinates": [ 115.357190380809854, -8.547342157760269 ] } },
{ "type": "Feature", "properties": { "id": 689, "kode_zona": null, "nama_zona": "Kedisan Timur", "diameter": null, "kondisi": "Baik", "merk": null, "lokasi": "Br. Gunaksa (Kandang Ayam)", "th_pasang": null, "elevasi": null, "tapping": "75", "notes": null, "foto": null, "tgl_input": "2025-10-14", "tgl_update": null, "no_aset": null, "fid": null, "context": "Ventile", "pelayanan": "Pelayanan Tegallalang", "tgl_delete": null, "nama_dma": "6.1.5 DMA Kendran", "no_bap": null, "subsitem": null, "tgl_asbuilt": null, "id_verifikasi": null, "sumber_data": "Informasi Korwil", "history": null, "petugas_input": "Divisi Pemetaan", "latitude": null, "longitude": null, "verifikator": "I Wayan Suardana" }, "geometry": { "type": "Point", "coordinates": [ 115.287731089231116, -8.459303174401073 ] } },
{ "type": "Feature", "properties": { "id": 690, "kode_zona": null, "nama_zona": null, "diameter": null, "kondisi": "Baik", "merk": null, "lokasi": "Jl. Raya Kenderan", "th_pasang": null, "elevasi": null, "tapping": "75", "notes": null, "foto": null, "tgl_input": "2025-10-14", "tgl_update": null, "no_aset": null, "fid": null, "context": "Ventile", "pelayanan": "Pelayanan Tegallalang", "tgl_delete": null, "nama_dma": "6.1.5 DMA Kendran", "no_bap": null, "subsitem": null, "tgl_asbuilt": null, "id_verifikasi": null, "sumber_data": "Informasi Korwil", "history": null, "petugas_input": "Divisi Pemetaan", "latitude": null, "longitude": null, "verifikator": null }, "geometry": { "type": "Point", "coordinates": [ 115.287296547850431, -8.460962033789393 ] } },
{ "type": "Feature", "properties": { "id": 691, "kode_zona": null, "nama_zona": "Sanding", "diameter": null, "kondisi": "Baik", "merk": null, "lokasi": "Selatan Tikungan", "th_pasang": "2025", "elevasi": null, "tapping": "75", "notes": null, "foto": null, "tgl_input": "2025-10-15", "tgl_update": null, "no_aset": null, "fid": null, "context": "Ventile", "pelayanan": "Pelayanan Tampaksiring", "tgl_delete": null, "nama_dma": "3.4.2 DMA Sembuwuk", "no_bap": "0044\/BAP\/VII\/X\/2025", "subsitem": null, "tgl_asbuilt": null, "id_verifikasi": null, "sumber_data": "Informasi Korwil", "history": null, "petugas_input": "Divisi Pemetaan", "latitude": "-8.488497226014026", "longitude": "115.28311935734814", "verifikator": null }, "geometry": { "type": "Point", "coordinates": [ 115.283119357348141, -8.488497226014026 ] } },
{ "type": "Feature", "properties": { "id": 692, "kode_zona": null, "nama_zona": "Kedisan Timur", "diameter": null, "kondisi": "Baik", "merk": null, "lokasi": "Pertigaan Pura Dalem Manuaba", "th_pasang": null, "elevasi": null, "tapping": "50", "notes": null, "foto": null, "tgl_input": "2025-10-15", "tgl_update": null, "no_aset": null, "fid": null, "context": "Ventile", "pelayanan": "Pelayanan Tegallalang", "tgl_delete": null, "nama_dma": "6.1.6 DMA Pinjul", "no_bap": null, "subsitem": null, "tgl_asbuilt": null, "id_verifikasi": null, "sumber_data": null, "history": null, "petugas_input": null, "latitude": null, "longitude": null, "verifikator": null }, "geometry": { "type": "Point", "coordinates": [ 115.28611416944959, -8.455368988696 ] } },
{ "type": "Feature", "properties": { "id": 693, "kode_zona": null, "nama_zona": "Kedisan TImur", "diameter": null, "kondisi": null, "merk": null, "lokasi": "Barat Salon", "th_pasang": null, "elevasi": null, "tapping": "40", "notes": null, "foto": null, "tgl_input": "2025-10-15", "tgl_update": null, "no_aset": null, "fid": null, "context": "Ventile", "pelayanan": "Pelayanan Tegallalang", "tgl_delete": null, "nama_dma": "6.1.6 DMA Pinjul", "no_bap": null, "subsitem": null, "tgl_asbuilt": null, "id_verifikasi": null, "sumber_data": null, "history": null, "petugas_input": null, "latitude": null, "longitude": null, "verifikator": null }, "geometry": { "type": "Point", "coordinates": [ 115.28276090933258, -8.457568210965823 ] } },
{ "type": "Feature", "properties": { "id": 694, "kode_zona": null, "nama_zona": "Kedisan Timur", "diameter": null, "kondisi": "Baik", "merk": null, "lokasi": "Br. Pinjul (Depan Banjar)", "th_pasang": null, "elevasi": null, "tapping": "40", "notes": null, "foto": null, "tgl_input": "2025-10-15", "tgl_update": null, "no_aset": null, "fid": null, "context": "Ventile", "pelayanan": "Pelayanan Tegallalang", "tgl_delete": null, "nama_dma": "6.1.6 DMA Pinjul", "no_bap": null, "subsitem": null, "tgl_asbuilt": null, "id_verifikasi": null, "sumber_data": null, "history": null, "petugas_input": null, "latitude": null, "longitude": null, "verifikator": null }, "geometry": { "type": "Point", "coordinates": [ 115.284352256520691, -8.461417284785272 ] } },
{ "type": "Feature", "properties": { "id": 695, "kode_zona": null, "nama_zona": "Kedisan Timur", "diameter": null, "kondisi": "Baik", "merk": null, "lokasi": "Br. Dukuh (Villa Kapolres)", "th_pasang": null, "elevasi": null, "tapping": "40", "notes": null, "foto": null, "tgl_input": "2025-10-15", "tgl_update": null, "no_aset": null, "fid": null, "context": "Ventile", "pelayanan": "Pelayanan Tegallalang", "tgl_delete": null, "nama_dma": "6.1.6 DMA Pinjul", "no_bap": null, "subsitem": null, "tgl_asbuilt": null, "id_verifikasi": null, "sumber_data": null, "history": null, "petugas_input": null, "latitude": null, "longitude": null, "verifikator": null }, "geometry": { "type": "Point", "coordinates": [ 115.281313665313505, -8.460226730475521 ] } },
{ "type": "Feature", "properties": { "id": 696, "kode_zona": null, "nama_zona": "Kedisan Timur", "diameter": null, "kondisi": "Baik", "merk": null, "lokasi": "Br. Tengah, Triwangsa (Depan Bengkel)", "th_pasang": null, "elevasi": null, "tapping": "100", "notes": null, "foto": null, "tgl_input": "2025-10-15", "tgl_update": null, "no_aset": null, "fid": null, "context": "Ventile", "pelayanan": "Pelayanan Tegallalang", "tgl_delete": null, "nama_dma": "6.1.4 DMA Pande Kedisan", "no_bap": null, "subsitem": null, "tgl_asbuilt": null, "id_verifikasi": null, "sumber_data": "Informasi Korwil", "history": null, "petugas_input": "Divisi Pemetaan", "latitude": null, "longitude": null, "verifikator": "I Wayan Suardana" }, "geometry": { "type": "Point", "coordinates": [ 115.289139294139375, -8.45417148474527 ] } },
{ "type": "Feature", "properties": { "id": 697, "kode_zona": null, "nama_zona": "Kedisan Timur", "diameter": null, "kondisi": "Baik", "merk": null, "lokasi": "Br. Tangkas (Depan Pura Geria Sakti)", "th_pasang": null, "elevasi": null, "tapping": "100", "notes": null, "foto": null, "tgl_input": "2025-10-15", "tgl_update": null, "no_aset": null, "fid": null, "context": "Ventile", "pelayanan": "Pelayanan Tegallalang", "tgl_delete": null, "nama_dma": "6.1.4 DMA Pande Kedisan", "no_bap": null, "subsitem": null, "tgl_asbuilt": null, "id_verifikasi": null, "sumber_data": "Informasi Korwil", "history": null, "petugas_input": "Divisi Pemetaan", "latitude": null, "longitude": null, "verifikator": null }, "geometry": { "type": "Point", "coordinates": [ 115.289940369317634, -8.447035728587579 ] } },
{ "type": "Feature", "properties": { "id": 630, "kode_zona": null, "nama_zona": "Kemenuh", "diameter": 50.0, "kondisi": "Baik", "merk": null, "lokasi": "Jl. Ir. Sutami", "th_pasang": "2025", "elevasi": null, "tapping": "150", "notes": null, "foto": null, "tgl_input": "2025-01-31", "tgl_update": "2025-10-16", "no_aset": null, "fid": null, "context": "Ventile", "pelayanan": "Pelayanan Sukawati", "tgl_delete": null, "nama_dma": "2.5.1 DMA Tengkulak Kaja", "no_bap": "0014\/BAP\/VI\/I\/2025", "subsitem": null, "tgl_asbuilt": null, "id_verifikasi": null, "sumber_data": "BAP", "history": "2025-10-15 Mengganti Ventile 0159\/BAP\/VI\/V\/2023 yangt berdiameter 25", "petugas_input": null, "latitude": "-8.52640203780373", "longitude": "115.28378160434545", "verifikator": "I Komang Sucipta" }, "geometry": { "type": "Point", "coordinates": [ 115.282045120278369, -8.53851049337147 ] } },
{ "type": "Feature", "properties": { "id": 486, "kode_zona": null, "nama_zona": "Kemenuh", "diameter": 2.0, "kondisi": "Baik", "merk": null, "lokasi": "Jl. Ir. Sutami", "th_pasang": null, "elevasi": null, "tapping": null, "notes": null, "foto": null, "tgl_input": "2023-06-12", "tgl_update": "2023-06-12", "no_aset": null, "fid": 175, "context": "Ventile", "pelayanan": "Pelayanan Sukawati", "tgl_delete": null, "nama_dma": "2.5.1 DMA Tengkulak Kaja", "no_bap": null, "subsitem": null, "tgl_asbuilt": null, "id_verifikasi": null, "sumber_data": null, "history": null, "petugas_input": null, "latitude": "-8.540174395840168", "longitude": "115.2813982222746", "verifikator": "I Komang Sucipta" }, "geometry": { "type": "Point", "coordinates": [ 115.281544381125499, -8.540203222315737 ] } },
{ "type": "Feature", "properties": { "id": 139, "kode_zona": null, "nama_zona": "Kemenuh", "diameter": 2.0, "kondisi": "Baik", "merk": null, "lokasi": "Jl. Ir. Sutami", "th_pasang": null, "elevasi": null, "tapping": null, "notes": null, "foto": null, "tgl_input": null, "tgl_update": "2025-10-16", "no_aset": null, "fid": 176, "context": "Ventile", "pelayanan": "Pelayanan Sukawati", "tgl_delete": null, "nama_dma": "2.5.1 DMA Tengkulak Kaja", "no_bap": null, "subsitem": null, "tgl_asbuilt": null, "id_verifikasi": null, "sumber_data": null, "history": null, "petugas_input": null, "latitude": "-8.546491300277633", "longitude": "115.28085408998395", "verifikator": "I Komang Sucipta" }, "geometry": { "type": "Point", "coordinates": [ 115.280648128279253, -8.545948861340772 ] } },
{ "type": "Feature", "properties": { "id": 209, "kode_zona": null, "nama_zona": "Kota Blahbatuh", "diameter": 1.0, "kondisi": "Baik", "merk": "C30", "lokasi": "Selatan Pertigaan SPBU Belega", "th_pasang": null, "elevasi": null, "tapping": "75", "notes": null, "foto": null, "tgl_input": null, "tgl_update": null, "no_aset": null, "fid": 69, "context": "Ventile", "pelayanan": "Pelayanan Blahbatuh", "tgl_delete": null, "nama_dma": "4.1.5 DMA Pande", "no_bap": null, "subsitem": null, "tgl_asbuilt": null, "id_verifikasi": null, "sumber_data": null, "history": null, "petugas_input": null, "latitude": "-8.570405185812378", "longitude": "115.30449072444493", "verifikator": "Gilang Mada Awiyat" }, "geometry": { "type": "Point", "coordinates": [ 115.304490724444932, -8.570405185812378 ] } },
{ "type": "Feature", "properties": { "id": 321, "kode_zona": null, "nama_zona": "Kota Sukawati", "diameter": 3.0, "kondisi": "Baik", "merk": null, "lokasi": "Jl. Pantai Purnama", "th_pasang": null, "elevasi": null, "tapping": null, "notes": null, "foto": null, "tgl_input": null, "tgl_update": null, "no_aset": null, "fid": 237, "context": "Ventile", "pelayanan": "Pelayanan Sukawati", "tgl_delete": null, "nama_dma": "2.4.10 DMA Gelumpang", "no_bap": null, "subsitem": null, "tgl_asbuilt": null, "id_verifikasi": null, "sumber_data": null, "history": null, "petugas_input": null, "latitude": "-8.603130407307473", "longitude": "115.2974163570917", "verifikator": "I Komang Sucipta" }, "geometry": { "type": "Point", "coordinates": [ 115.297416357091706, -8.603130407307473 ] } },
{ "type": "Feature", "properties": { "id": 358, "kode_zona": null, "nama_zona": "Batubulan", "diameter": 0.0, "kondisi": "Baik", "merk": null, "lokasi": "Jl. Piakan II", "th_pasang": null, "elevasi": null, "tapping": "200", "notes": null, "foto": null, "tgl_input": null, "tgl_update": "2025-10-08", "no_aset": null, "fid": 299, "context": "Ventile", "pelayanan": "Pelayanan Sukawati", "tgl_delete": null, "nama_dma": "2.2.1 DMA Tegal Tamu", "no_bap": null, "subsitem": null, "tgl_asbuilt": null, "id_verifikasi": null, "sumber_data": null, "history": null, "petugas_input": null, "latitude": "-8.605923416370626", "longitude": "115.24997016323175", "verifikator": "I Kadek Heriawan" }, "geometry": { "type": "Point", "coordinates": [ 115.249970163231751, -8.605923416370626 ] } },
{ "type": "Feature", "properties": { "id": 398, "kode_zona": null, "nama_zona": "Kota Gianyar", "diameter": null, "kondisi": "Baik", "merk": null, "lokasi": "Jl. Raya Bitera", "th_pasang": null, "elevasi": null, "tapping": null, "notes": null, "foto": null, "tgl_input": "2022-06-02", "tgl_update": "2025-01-31", "no_aset": 8.0, "fid": 385, "context": "Ventile", "pelayanan": "Pelayanan Gianyar", "tgl_delete": null, "nama_dma": "1.14.1 DMA Bitra I", "no_bap": null, "subsitem": null, "tgl_asbuilt": null, "id_verifikasi": null, "sumber_data": null, "history": "2025-01-31 Memperbaiki data nama_dma disesuaikan dengan posisi DMA area atau poligon DMA menjadi 1.14.1 DMA Bitra I", "petugas_input": null, "latitude": "-8.535200092169308", "longitude": "115.31067141581673", "verifikator": "Dewa Ketut Arsana" }, "geometry": { "type": "Point", "coordinates": [ 115.310671415816728, -8.535200092169308 ] } },
{ "type": "Feature", "properties": { "id": 580, "kode_zona": null, "nama_zona": "Pering", "diameter": 100.0, "kondisi": "Baik", "merk": null, "lokasi": "TIMUR PERTIGAAN TOJAN MENUJU PRANGSADA", "th_pasang": "2024", "elevasi": null, "tapping": "75", "notes": null, "foto": null, "tgl_input": "2024-10-14", "tgl_update": "2024-10-14", "no_aset": null, "fid": 261, "context": "Ventile", "pelayanan": "Pelayanan Blahbatuh", "tgl_delete": null, "nama_dma": "4.3.1 DMA Perangsada", "no_bap": "0054\/BAP\/II\/X\/2024", "subsitem": null, "tgl_asbuilt": null, "id_verifikasi": null, "sumber_data": "BAP", "history": null, "petugas_input": null, "latitude": "-8.575731127430215", "longitude": "115.30470385312809", "verifikator": "Gilang Mada Awiyat" }, "geometry": { "type": "Point", "coordinates": [ 115.304703853128089, -8.575731127430215 ] } },
{ "type": "Feature", "properties": { "id": 582, "kode_zona": null, "nama_zona": "Kedewatan", "diameter": 2.0, "kondisi": "Baik", "merk": null, "lokasi": "Depan Alila", "th_pasang": "2024", "elevasi": null, "tapping": "150", "notes": null, "foto": null, "tgl_input": "2024-10-21", "tgl_update": "2024-10-21", "no_aset": null, "fid": null, "context": "Ventile", "pelayanan": "Pelayanan Ubud", "tgl_delete": null, "nama_dma": "5.1.1 DMA Tanggayuda", "no_bap": null, "subsitem": null, "tgl_asbuilt": null, "id_verifikasi": null, "sumber_data": null, "history": null, "petugas_input": null, "latitude": "-8.45659297880491", "longitude": "115.24406322877853", "verifikator": "I Wayan Eka Putrayasa" }, "geometry": { "type": "Point", "coordinates": [ 115.244063228778529, -8.45659297880491 ] } },
{ "type": "Feature", "properties": { "id": 614, "kode_zona": null, "nama_zona": "Sidan", "diameter": null, "kondisi": "Baik", "merk": null, "lokasi": "Jl. I Gusti Ngurah Rai", "th_pasang": null, "elevasi": null, "tapping": null, "notes": null, "foto": null, "tgl_input": "2025-01-07", "tgl_update": "2025-01-31", "no_aset": null, "fid": null, "context": "Ventile", "pelayanan": "Pelayanan Gianyar", "tgl_delete": null, "nama_dma": "1.8.5 DMA Direng", "no_bap": null, "subsitem": null, "tgl_asbuilt": null, "id_verifikasi": null, "sumber_data": "Koorwil", "history": "2025-01-31 Memperbaiki data nama_dma disesuaikan dengan posisi DMA area atau poligon DMA menjadi 1.8.5 DMA Direng", "petugas_input": null, "latitude": "-8.539606625675132", "longitude": "115.34598634895212", "verifikator": "I Wayan Degug" }, "geometry": { "type": "Point", "coordinates": [ 115.345986348952124, -8.539606625675132 ] } },
{ "type": "Feature", "properties": { "id": 545, "kode_zona": "BTB", "nama_zona": "Batubulan", "diameter": null, "kondisi": "Baik", "merk": null, "lokasi": "BANJAR BATUAJI, BATUBULAN", "th_pasang": "2024", "elevasi": null, "tapping": null, "notes": null, "foto": null, "tgl_input": "2024-05-29", "tgl_update": "2024-05-29", "no_aset": null, "fid": null, "context": "Ventile", "pelayanan": "Pelayanan Sukawati", "tgl_delete": null, "nama_dma": "2.2.5 DMA Batu Intan", "no_bap": "0138\/BAP\/VI\/V\/2024", "subsitem": null, "tgl_asbuilt": null, "id_verifikasi": null, "sumber_data": "BAP", "history": null, "petugas_input": null, "latitude": "-8.617848755338475", "longitude": "115.26939267961082", "verifikator": "I Kadek Heriawan" }, "geometry": { "type": "Point", "coordinates": [ 115.269392679610817, -8.617848755338475 ] } },
{ "type": "Feature", "properties": { "id": 555, "kode_zona": null, "nama_zona": "Kota Tegallalang", "diameter": 1.0, "kondisi": "Baik", "merk": null, "lokasi": "Jl. Kelabang Moding", "th_pasang": null, "elevasi": null, "tapping": "75", "notes": null, "foto": null, "tgl_input": "2024-07-31", "tgl_update": "2024-07-31", "no_aset": null, "fid": null, "context": "Ventile", "pelayanan": "Pelayanan Tegallalang", "tgl_delete": null, "nama_dma": "6.3.4 DMA Abangan", "no_bap": null, "subsitem": null, "tgl_asbuilt": "2024-06-06", "id_verifikasi": null, "sumber_data": "ABD", "history": null, "petugas_input": null, "latitude": "-8.467621003923675", "longitude": "115.26779461202901", "verifikator": "I Wayan Sujarwa" }, "geometry": { "type": "Point", "coordinates": [ 115.267794612029007, -8.467621003923675 ] } },
{ "type": "Feature", "properties": { "id": 560, "kode_zona": null, "nama_zona": "Sayan", "diameter": null, "kondisi": "Baik", "merk": null, "lokasi": "BANJAR TEBONGKANG", "th_pasang": "2024", "elevasi": null, "tapping": null, "notes": null, "foto": null, "tgl_input": "2024-07-31", "tgl_update": "2025-01-31", "no_aset": null, "fid": null, "context": "Ventile", "pelayanan": "Pelayanan Ubud", "tgl_delete": null, "nama_dma": "5.2.2 DMA Pande ( Wil.Timur )", "no_bap": "0175\/BAP\/III\/VII\/2024", "subsitem": null, "tgl_asbuilt": null, "id_verifikasi": null, "sumber_data": "BAP", "history": "2025-01-31 Memperbaiki data nama_dma disesuaikan dengan posisi DMA area atau poligon DMA menjadi 5.2.2 DMA Pande ( Wil.Timur )", "petugas_input": null, "latitude": "-8.514715241316454", "longitude": "115.24024704023086", "verifikator": "I Wayan Eka Putrayasa" }, "geometry": { "type": "Point", "coordinates": [ 115.240247040230855, -8.514715241316454 ] } },
{ "type": "Feature", "properties": { "id": 549, "kode_zona": null, "nama_zona": "Laplapan", "diameter": null, "kondisi": "Baik", "merk": null, "lokasi": "BANJAR MANCAWARNA", "th_pasang": "2024", "elevasi": null, "tapping": null, "notes": null, "foto": null, "tgl_input": "2024-06-19", "tgl_update": null, "no_aset": null, "fid": null, "context": "Ventile", "pelayanan": "Pelayanan Ubud", "tgl_delete": "2024-09-13", "nama_dma": "5.7.1 DMA Laplapan", "no_bap": "0066\/BAP\/VII\/VI\/2024", "subsitem": null, "tgl_asbuilt": null, "id_verifikasi": null, "sumber_data": "BAP", "history": "2025-01-31 Memperbaiki data nama_dma disesuaikan dengan posisi DMA area atau poligon DMA menjadi 5.7.1 DMA laplapan", "petugas_input": null, "latitude": "-8.489635694719327", "longitude": "115.28265234357995", "verifikator": "I Wayan Artawan" }, "geometry": { "type": "Point", "coordinates": [ 115.282652343579954, -8.489635694719327 ] } },
{ "type": "Feature", "properties": { "id": 557, "kode_zona": null, "nama_zona": "Kota Tegallalang", "diameter": 1.0, "kondisi": "Baik", "merk": null, "lokasi": "Jl. Raya Tegallalang", "th_pasang": null, "elevasi": null, "tapping": "100", "notes": null, "foto": null, "tgl_input": "2024-07-31", "tgl_update": "2024-07-31", "no_aset": null, "fid": null, "context": "Ventile", "pelayanan": "Pelayanan Tegallalang", "tgl_delete": null, "nama_dma": "6.3.5 DMA Sapat", "no_bap": null, "subsitem": "Bayad II", "tgl_asbuilt": "2024-06-06", "id_verifikasi": null, "sumber_data": "ABD", "history": null, "petugas_input": null, "latitude": "-8.466351426518056", "longitude": "115.27652906639433", "verifikator": "I Wayan Sujarwa" }, "geometry": { "type": "Point", "coordinates": [ 115.276529066394332, -8.466351426518056 ] } },
{ "type": "Feature", "properties": { "id": 558, "kode_zona": null, "nama_zona": "Kota Tegallalang", "diameter": 1.0, "kondisi": "Baik", "merk": null, "lokasi": "Jl. Raya Tegallalang", "th_pasang": null, "elevasi": null, "tapping": "50", "notes": null, "foto": null, "tgl_input": "2024-07-31", "tgl_update": "2024-07-31", "no_aset": null, "fid": null, "context": "Ventile", "pelayanan": "Pelayanan Tegallalang", "tgl_delete": null, "nama_dma": "6.3.5 DMA Sapat", "no_bap": null, "subsitem": "Bayad II", "tgl_asbuilt": "2024-06-06", "id_verifikasi": null, "sumber_data": "ABD", "history": null, "petugas_input": null, "latitude": "-8.459449262389281", "longitude": "115.27752200146898", "verifikator": "I Wayan Sujarwa" }, "geometry": { "type": "Point", "coordinates": [ 115.277522001468981, -8.459449262389281 ] } },
{ "type": "Feature", "properties": { "id": 559, "kode_zona": null, "nama_zona": "Kota Tegallalang", "diameter": 1.0, "kondisi": "Baik", "merk": null, "lokasi": "Jl. Raya Tegallalang", "th_pasang": null, "elevasi": null, "tapping": "100", "notes": null, "foto": null, "tgl_input": "2024-07-31", "tgl_update": "2024-07-31", "no_aset": null, "fid": null, "context": "Ventile", "pelayanan": "Pelayanan Tegallalang", "tgl_delete": null, "nama_dma": "6.3.3 DMA Tegallalang", "no_bap": null, "subsitem": "Bayad II", "tgl_asbuilt": "2024-06-06", "id_verifikasi": null, "sumber_data": "ABD", "history": null, "petugas_input": null, "latitude": "-8.455476405596723", "longitude": "115.27908397617229", "verifikator": "I Wayan Sujarwa" }, "geometry": { "type": "Point", "coordinates": [ 115.279083976172288, -8.455476405596723 ] } },
{ "type": "Feature", "properties": { "id": 552, "kode_zona": "KDB", "nama_zona": "Kedisan Barat", "diameter": null, "kondisi": "Baik", "merk": null, "lokasi": "Br. Kedisan Kaja", "th_pasang": null, "elevasi": null, "tapping": null, "notes": null, "foto": null, "tgl_input": "2024-07-30", "tgl_update": "2024-07-30", "no_aset": null, "fid": null, "context": "Ventile", "pelayanan": "Pelayanan Tegallalang", "tgl_delete": null, "nama_dma": "6.2.3 DMA Cebok", "no_bap": null, "subsitem": null, "tgl_asbuilt": null, "id_verifikasi": null, "sumber_data": null, "history": null, "petugas_input": null, "latitude": "-8.422405352132836", "longitude": "115.29190976216144", "verifikator": "I Wayan Suardana" }, "geometry": { "type": "Point", "coordinates": [ 115.291909762161438, -8.422405352132836 ] } },
{ "type": "Feature", "properties": { "id": 553, "kode_zona": null, "nama_zona": "Keliki", "diameter": 3.0, "kondisi": "Baik", "merk": null, "lokasi": "Jl. Raya Sebali", "th_pasang": null, "elevasi": null, "tapping": null, "notes": null, "foto": null, "tgl_input": "2024-07-31", "tgl_update": "2024-07-31", "no_aset": null, "fid": null, "context": "Ventile", "pelayanan": "Pelayanan Tegallalang", "tgl_delete": null, "nama_dma": "6.4.1 DMA Keliki", "no_bap": null, "subsitem": null, "tgl_asbuilt": "2024-06-06", "id_verifikasi": null, "sumber_data": "ABD", "history": null, "petugas_input": null, "latitude": "-8.471168711375393", "longitude": "115.2600131490101", "verifikator": "I Wayan Sujarwa" }, "geometry": { "type": "Point", "coordinates": [ 115.260013149010106, -8.471168711375393 ] } },
{ "type": "Feature", "properties": { "id": 547, "kode_zona": "", "nama_zona": "Sanding", "diameter": null, "kondisi": "Baik", "merk": null, "lokasi": "BANJAR BELUSUNG KAJA", "th_pasang": "2024", "elevasi": null, "tapping": null, "notes": null, "foto": null, "tgl_input": "2024-06-19", "tgl_update": "2024-09-13", "no_aset": null, "fid": null, "context": "Ventile", "pelayanan": "Pelayanan Tampaksiring", "tgl_delete": null, "nama_dma": "3.4.1 DMA Sanding", "no_bap": "0083\/BAP\/VII\/VI\/2024", "subsitem": null, "tgl_asbuilt": null, "id_verifikasi": null, "sumber_data": "BAP", "history": null, "petugas_input": null, "latitude": "-8.47213144467549", "longitude": "115.29361312066405", "verifikator": "Dewa Gede Agus Saputra" }, "geometry": { "type": "Point", "coordinates": [ 115.293613120664048, -8.47213144467549 ] } },
{ "type": "Feature", "properties": { "id": 548, "kode_zona": null, "nama_zona": "Sanding", "diameter": 100.0, "kondisi": "Baik", "merk": null, "lokasi": "BANJAR BELUSUNG KELOD", "th_pasang": "2024", "elevasi": null, "tapping": null, "notes": null, "foto": null, "tgl_input": "2024-06-19", "tgl_update": "2024-09-13", "no_aset": null, "fid": null, "context": "Ventile", "pelayanan": "Pelayanan Tampaksiring", "tgl_delete": null, "nama_dma": "3.4.1 DMA Sanding", "no_bap": "0082\/BAP\/VII\/VI\/2024", "subsitem": null, "tgl_asbuilt": null, "id_verifikasi": null, "sumber_data": "BAP", "history": null, "petugas_input": null, "latitude": "-8.477252103439273", "longitude": "115.29232260178286", "verifikator": "Dewa Gede Agus Saputra" }, "geometry": { "type": "Point", "coordinates": [ 115.292322601782857, -8.477252103439273 ] } },
{ "type": "Feature", "properties": { "id": 546, "kode_zona": "SRG", "nama_zona": "Serongga", "diameter": null, "kondisi": "Baik", "merk": null, "lokasi": "TK UTARA LAPANGAN VOLI PANSER, SERONGGA KELOD", "th_pasang": "2024", "elevasi": null, "tapping": null, "notes": null, "foto": null, "tgl_input": "2024-06-10", "tgl_update": "2024-06-10", "no_aset": null, "fid": null, "context": "Ventile", "pelayanan": "Pelayanan Gianyar", "tgl_delete": null, "nama_dma": "1.13.1 DMA Serongga", "no_bap": "0049\/BAP\/I\/VI\/2024", "subsitem": null, "tgl_asbuilt": null, "id_verifikasi": null, "sumber_data": "BAP", "history": null, "petugas_input": null, "latitude": "-8.56296993577681", "longitude": "115.33704763942073", "verifikator": "Dewa Ketut Arsana" }, "geometry": { "type": "Point", "coordinates": [ 115.337047639420732, -8.56296993577681 ] } },
{ "type": "Feature", "properties": { "id": 544, "kode_zona": "SDN", "nama_zona": "Sidan", "diameter": 100.0, "kondisi": "Baik", "merk": null, "lokasi": "DEPAN LPD BANJAR SIDAN", "th_pasang": "2024", "elevasi": null, "tapping": null, "notes": null, "foto": null, "tgl_input": "2024-05-27", "tgl_update": "2025-01-07", "no_aset": null, "fid": null, "context": "Ventile", "pelayanan": "Pelayanan Gianyar", "tgl_delete": null, "nama_dma": "1.8.4 DMA Sidan (Tengah)", "no_bap": "0179\/BAP\/I\/V\/2024", "subsitem": null, "tgl_asbuilt": null, "id_verifikasi": null, "sumber_data": "BAP", "history": null, "petugas_input": null, "latitude": "-8.53436072860923", "longitude": "115.34784859988729", "verifikator": "I Wayan Degug" }, "geometry": { "type": "Point", "coordinates": [ 115.347848599887286, -8.534360728609229 ] } },
{ "type": "Feature", "properties": { "id": 551, "kode_zona": "SDN", "nama_zona": "Sidan", "diameter": 3.0, "kondisi": "Baik", "merk": null, "lokasi": "Timur Balai Banjar Pande", "th_pasang": null, "elevasi": null, "tapping": null, "notes": null, "foto": null, "tgl_input": null, "tgl_update": "2025-01-31", "no_aset": null, "fid": null, "context": "Ventile", "pelayanan": "Pelayanan Gianyar", "tgl_delete": null, "nama_dma": "1.8.2 DMA Sidan Timur", "no_bap": "0170\/BAP\/I\/VI\/2024", "subsitem": null, "tgl_asbuilt": null, "id_verifikasi": null, "sumber_data": "BAP", "history": "2025-01-31 Memperbaiki data nama_dma disesuaikan dengan posisi DMA area atau poligon DMA menjadi 1.8.2 DMA Sidan Timur", "petugas_input": null, "latitude": "-8.538803763661143", "longitude": "115.35210788101027", "verifikator": "I Wayan Degug" }, "geometry": { "type": "Point", "coordinates": [ 115.352107881010269, -8.538803763661143 ] } },
{ "type": "Feature", "properties": { "id": 550, "kode_zona": null, "nama_zona": null, "diameter": null, "kondisi": "Baik", "merk": null, "lokasi": null, "th_pasang": "2024", "elevasi": null, "tapping": null, "notes": null, "foto": null, "tgl_input": "2024-06-25", "tgl_update": "2024-06-25", "no_aset": null, "fid": null, "context": "Ventile", "pelayanan": null, "tgl_delete": "2025-02-28", "nama_dma": null, "no_bap": null, "subsitem": null, "tgl_asbuilt": null, "id_verifikasi": null, "sumber_data": null, "history": "2025-01-31 Geom Error", "petugas_input": null, "latitude": null, "longitude": null, "verifikator": null }, "geometry": null },
{ "type": "Feature", "properties": { "id": 595, "kode_zona": null, "nama_zona": "Blangsinga", "diameter": null, "kondisi": "Baik", "merk": null, "lokasi": "Banjar Banda", "th_pasang": null, "elevasi": null, "tapping": null, "notes": null, "foto": null, "tgl_input": "2024-12-09", "tgl_update": "2024-12-09", "no_aset": null, "fid": null, "context": "Ventile", "pelayanan": "Pelayanan Blahbatuh", "tgl_delete": null, "nama_dma": "4.2.3 DMA Banda", "no_bap": null, "subsitem": null, "tgl_asbuilt": null, "id_verifikasi": null, "sumber_data": null, "history": null, "petugas_input": null, "latitude": "-8.592572950423872", "longitude": "115.2970489953581", "verifikator": "I Gede Parwata" }, "geometry": { "type": "Point", "coordinates": [ 115.297048995358097, -8.592572950423872 ] } },
{ "type": "Feature", "properties": { "id": 656, "kode_zona": null, "nama_zona": "Kedisan Timur", "diameter": null, "kondisi": "Baik", "merk": null, "lokasi": "Jl. Raya Bayad", "th_pasang": null, "elevasi": null, "tapping": "300", "notes": "", "foto": null, "tgl_input": "2025-03-19", "tgl_update": null, "no_aset": null, "fid": null, "context": "Ventile", "pelayanan": "Pelayanan Tegallalang", "tgl_delete": null, "nama_dma": "6.1.2 MAP Bayad I (Non DMA)", "no_bap": null, "subsitem": null, "tgl_asbuilt": null, "id_verifikasi": null, "sumber_data": null, "history": null, "petugas_input": null, "latitude": "-8.413607196734795", "longitude": "115.29482353872692", "verifikator": "I Wayan Suardana" }, "geometry": { "type": "Point", "coordinates": [ 115.294823538726916, -8.413607196734795 ] } },
{ "type": "Feature", "properties": { "id": 554, "kode_zona": null, "nama_zona": "Kedisan Timur", "diameter": 1.0, "kondisi": "Baik", "merk": null, "lokasi": "Jl. Raya Kenderan", "th_pasang": null, "elevasi": null, "tapping": "75", "notes": null, "foto": null, "tgl_input": "2024-07-31", "tgl_update": "2024-07-31", "no_aset": null, "fid": null, "context": "Ventile", "pelayanan": "Pelayanan Tegallalang", "tgl_delete": null, "nama_dma": "6.1.5 DMA Kendran", "no_bap": null, "subsitem": null, "tgl_asbuilt": "2024-06-06", "id_verifikasi": null, "sumber_data": "ABD", "history": null, "petugas_input": null, "latitude": "-8.456909932643097", "longitude": "115.28869293370185", "verifikator": "I Wayan Suardana" }, "geometry": { "type": "Point", "coordinates": [ 115.288692933701853, -8.456909932643097 ] } },
{ "type": "Feature", "properties": { "id": 556, "kode_zona": null, "nama_zona": "Kota Tegallalang", "diameter": 1.0, "kondisi": "Baik", "merk": null, "lokasi": "Jl. Raya Gentong", "th_pasang": null, "elevasi": null, "tapping": "150", "notes": null, "foto": null, "tgl_input": "2024-07-31", "tgl_update": "2024-07-31", "no_aset": null, "fid": null, "context": "Ventile", "pelayanan": "Pelayanan Tegallalang", "tgl_delete": null, "nama_dma": "6.3.6 DMA Gentong", "no_bap": null, "subsitem": null, "tgl_asbuilt": "2024-06-06", "id_verifikasi": null, "sumber_data": "ABD", "history": null, "petugas_input": null, "latitude": "-8.48254430699054", "longitude": "115.27782717641705", "verifikator": "I Wayan Sujarwa" }, "geometry": { "type": "Point", "coordinates": [ 115.277827176417048, -8.48254430699054 ] } },
{ "type": "Feature", "properties": { "id": 570, "kode_zona": null, "nama_zona": "Laplapan", "diameter": null, "kondisi": "Baik", "merk": null, "lokasi": "SELATAN DMA LAPLAPAN, TIMUR JALAN", "th_pasang": "2024", "elevasi": null, "tapping": null, "notes": null, "foto": null, "tgl_input": "2024-06-19", "tgl_update": "2024-09-13", "no_aset": null, "fid": null, "context": "Ventile", "pelayanan": "Pelayanan Ubud", "tgl_delete": null, "nama_dma": "5.7.1 DMA Laplapan", "no_bap": "0066\/BAP\/VII\/VI\/2024", "subsitem": null, "tgl_asbuilt": null, "id_verifikasi": null, "sumber_data": "BAP", "history": null, "petugas_input": null, "latitude": "-8.489642715328808", "longitude": "115.28264889030936", "verifikator": "I Wayan Artawan" }, "geometry": { "type": "Point", "coordinates": [ 115.28264889030936, -8.489642715328808 ] } },
{ "type": "Feature", "properties": { "id": 569, "kode_zona": "KTG", "nama_zona": "Kota Tegallalang", "diameter": null, "kondisi": "Baik", "merk": null, "lokasi": "Rumah Genset", "th_pasang": "2024", "elevasi": null, "tapping": null, "notes": null, "foto": null, "tgl_input": "2024-08-28", "tgl_update": "2024-08-28", "no_aset": null, "fid": null, "context": "Ventile", "pelayanan": "Pelayanan Tegallalang", "tgl_delete": null, "nama_dma": "6.3.6 DMA Gentong", "no_bap": "0180\/BAP\/III\/VIII\/2024", "subsitem": null, "tgl_asbuilt": null, "id_verifikasi": null, "sumber_data": "BAP", "history": null, "petugas_input": null, "latitude": "-8.470433991720544", "longitude": "115.27896794204382", "verifikator": "I Wayan Sujarwa" }, "geometry": { "type": "Point", "coordinates": [ 115.27896794204382, -8.470433991720544 ] } },
{ "type": "Feature", "properties": { "id": 568, "kode_zona": "KDT", "nama_zona": "Kedisan Timur", "diameter": null, "kondisi": "Baik", "merk": null, "lokasi": "Br. Kepitu (Utara Balai Banjar)", "th_pasang": "2024", "elevasi": null, "tapping": null, "notes": null, "foto": null, "tgl_input": "2024-08-28", "tgl_update": "2024-08-28", "no_aset": null, "fid": null, "context": "Ventile", "pelayanan": "Pelayanan Tegallalang", "tgl_delete": null, "nama_dma": "6.1.5 DMA Kendran", "no_bap": "0170\/BAP\/III\/VIII\/2024", "subsitem": null, "tgl_asbuilt": null, "id_verifikasi": null, "sumber_data": "BAP", "history": null, "petugas_input": null, "latitude": "-8.470197858727996", "longitude": "115.28268076115326", "verifikator": "I Wayan Suardana" }, "geometry": { "type": "Point", "coordinates": [ 115.282680761153259, -8.470197858727996 ] } },
{ "type": "Feature", "properties": { "id": 567, "kode_zona": null, "nama_zona": "Puhu", "diameter": 3.0, "kondisi": "Baik", "merk": null, "lokasi": "BANJAR CARIK, PUHU", "th_pasang": "2024", "elevasi": null, "tapping": null, "notes": null, "foto": null, "tgl_input": "2024-08-15", "tgl_update": "2024-08-15", "no_aset": null, "fid": null, "context": "Ventile", "pelayanan": "Pelayanan Payangan", "tgl_delete": null, "nama_dma": "7.2.3 DMA Penginyahan", "no_bap": "0024\/BAP\/IV\/VIII\/2024", "subsitem": null, "tgl_asbuilt": null, "id_verifikasi": null, "sumber_data": "BAP", "history": null, "petugas_input": null, "latitude": "-8.374284157919394", "longitude": "115.27183508123272", "verifikator": "I Made Darsana" }, "geometry": { "type": "Point", "coordinates": [ 115.271835081232723, -8.374284157919394 ] } },
{ "type": "Feature", "properties": { "id": 585, "kode_zona": null, "nama_zona": "Kota Tampaksiring", "diameter": null, "kondisi": "Baik", "merk": null, "lokasi": "Br. Mantring Tampaksiring Pipa Transmisi Bayad Ke Res. Mancawarna", "th_pasang": "2024", "elevasi": null, "tapping": "100", "notes": null, "foto": null, "tgl_input": "2024-10-23", "tgl_update": "2024-10-23", "no_aset": null, "fid": null, "context": "Ventile", "pelayanan": "Pelayanan Tampaksiring", "tgl_delete": null, "nama_dma": "3.2.2 DMA Manukaya", "no_bap": "0070\/BAP\/VII\/X\/2024", "subsitem": null, "tgl_asbuilt": null, "id_verifikasi": null, "sumber_data": "BAP", "history": null, "petugas_input": null, "latitude": "-8.423702540112373", "longitude": "115.30846291950327", "verifikator": "Dewa Gede Agus Saputra" }, "geometry": { "type": "Point", "coordinates": [ 115.30846291950327, -8.423702540112373 ] } },
{ "type": "Feature", "properties": { "id": 592, "kode_zona": "SDG", "nama_zona": "Sanding", "diameter": null, "kondisi": "Baik", "merk": null, "lokasi": "BANJAR BELUSUNG KELOD, PEJENG KAJA", "th_pasang": "2024", "elevasi": null, "tapping": "150", "notes": null, "foto": null, "tgl_input": "2024-12-06", "tgl_update": "2024-12-06", "no_aset": null, "fid": null, "context": "Ventile", "pelayanan": "Pelayanan Tampaksiring", "tgl_delete": null, "nama_dma": "3.4.1 DMA Sanding", "no_bap": "0032\/BAP\/VII\/XII\/2024", "subsitem": null, "tgl_asbuilt": null, "id_verifikasi": null, "sumber_data": "BAP", "history": null, "petugas_input": null, "latitude": "-8.474923556765015", "longitude": "115.29285639421683", "verifikator": "Dewa Gede Agus Saputra" }, "geometry": { "type": "Point", "coordinates": [ 115.292856394216827, -8.474923556765015 ] } },
{ "type": "Feature", "properties": { "id": 588, "kode_zona": null, "nama_zona": "Tarukan", "diameter": null, "kondisi": "Baik", "merk": null, "lokasi": "BANJAR PEDAPDAPAN", "th_pasang": "2024", "elevasi": null, "tapping": "100", "notes": null, "foto": null, "tgl_input": "2024-11-08", "tgl_update": "2024-11-08", "no_aset": null, "fid": null, "context": "Ventile", "pelayanan": "Pelayanan Tampaksiring", "tgl_delete": null, "nama_dma": "3.5.1 DMA Tarukan", "no_bap": "0038\/BAP\/VII\/XI\/2024\n", "subsitem": null, "tgl_asbuilt": null, "id_verifikasi": null, "sumber_data": "BAP", "history": null, "petugas_input": null, "latitude": "-8.500583376981723", "longitude": "115.29273849184827", "verifikator": "I Nyoman Suarta, S.E." }, "geometry": { "type": "Point", "coordinates": [ 115.292738491848269, -8.500583376981723 ] } },
{ "type": "Feature", "properties": { "id": 565, "kode_zona": null, "nama_zona": "Bedulu", "diameter": null, "kondisi": "Baik", "merk": null, "lokasi": "Pura Samuan Tiga", "th_pasang": null, "elevasi": null, "tapping": null, "notes": null, "foto": null, "tgl_input": "2024-08-13", "tgl_update": "2024-08-13", "no_aset": null, "fid": null, "context": "Ventile", "pelayanan": "Pelayanan Blahbatuh", "tgl_delete": null, "nama_dma": "4.7.1 DMA Wanayu", "no_bap": "0087\/BAP\/I\/VIII\/2024", "subsitem": null, "tgl_asbuilt": null, "id_verifikasi": null, "sumber_data": "BAP", "history": null, "petugas_input": null, "latitude": "-8.524092850981617", "longitude": "115.29592623943728", "verifikator": "I Gede Parwata" }, "geometry": { "type": "Point", "coordinates": [ 115.295926239437279, -8.524092850981617 ] } },
{ "type": "Feature", "properties": { "id": 579, "kode_zona": null, "nama_zona": "Kota Sukawati", "diameter": 3.0, "kondisi": "Baik", "merk": null, "lokasi": "DEPAN GANG SANDAT", "th_pasang": "2024", "elevasi": null, "tapping": null, "notes": null, "foto": null, "tgl_input": "2024-10-14", "tgl_update": "2024-10-14", "no_aset": null, "fid": null, "context": "Ventile", "pelayanan": "Pelayanan Sukawati", "tgl_delete": null, "nama_dma": "2.4.5 SB Sakah", "no_bap": null, "subsitem": null, "tgl_asbuilt": null, "id_verifikasi": null, "sumber_data": null, "history": null, "petugas_input": null, "latitude": "-8.565711515928776", "longitude": "115.27855787877772", "verifikator": "I Komang Sucipta" }, "geometry": { "type": "Point", "coordinates": [ 115.278557878777718, -8.565711515928776 ] } },
{ "type": "Feature", "properties": { "id": 581, "kode_zona": "KSW", "nama_zona": "Kota Sukawati", "diameter": 3.0, "kondisi": "Baik", "merk": null, "lokasi": "BANJAR CANGI", "th_pasang": "2024", "elevasi": null, "tapping": null, "notes": null, "foto": null, "tgl_input": "2024-10-16", "tgl_update": "2024-10-16", "no_aset": null, "fid": null, "context": "Ventile", "pelayanan": "Pelayanan Sukawati", "tgl_delete": null, "nama_dma": "2.4.5 SB Sakah", "no_bap": "0100\/BAP\/VI\/X\/2024", "subsitem": null, "tgl_asbuilt": null, "id_verifikasi": null, "sumber_data": "BAP", "history": null, "petugas_input": null, "latitude": "-8.568388292431338", "longitude": "115.27906372751801", "verifikator": "I Komang Sucipta" }, "geometry": { "type": "Point", "coordinates": [ 115.279063727518007, -8.568388292431338 ] } },
{ "type": "Feature", "properties": { "id": 566, "kode_zona": null, "nama_zona": "Kedewatan", "diameter": null, "kondisi": "Baik", "merk": null, "lokasi": "BANJAR KEDEWATAN LET", "th_pasang": "2024", "elevasi": null, "tapping": null, "notes": null, "foto": null, "tgl_input": "2024-08-13", "tgl_update": "2024-08-13", "no_aset": null, "fid": null, "context": "Ventile", "pelayanan": "Pelayanan Ubud", "tgl_delete": null, "nama_dma": "5.1.4 DMA Kedewatan", "no_bap": "0076\/BAP\/III\/VIII\/2024", "subsitem": null, "tgl_asbuilt": null, "id_verifikasi": null, "sumber_data": "BAP", "history": null, "petugas_input": null, "latitude": "-8.489028260513972", "longitude": "115.24635606869265", "verifikator": "I Wayan Eka Putrayasa" }, "geometry": { "type": "Point", "coordinates": [ 115.246356068692648, -8.489028260513972 ] } },
{ "type": "Feature", "properties": { "id": 573, "kode_zona": null, "nama_zona": "Sayan", "diameter": null, "kondisi": "Baik", "merk": null, "lokasi": "BANJAR PANDE, SAYAN", "th_pasang": "2024", "elevasi": null, "tapping": null, "notes": null, "foto": null, "tgl_input": "2024-09-19", "tgl_update": "2025-01-31", "no_aset": null, "fid": null, "context": "Ventile", "pelayanan": "Pelayanan Ubud", "tgl_delete": null, "nama_dma": "5.2.2 DMA Pande ( Wil.Timur )", "no_bap": "0054\/BAP\/III\/IX\/2024", "subsitem": null, "tgl_asbuilt": null, "id_verifikasi": null, "sumber_data": "BAP", "history": "2025-01-31 Memperbaiki data nama_dma disesuaikan dengan posisi DMA area atau poligon DMA menjadi 5.2.2 DMA Pande ( Wil.Timur )", "petugas_input": null, "latitude": "-8.51187493371876", "longitude": "115.24093591801567", "verifikator": "I Wayan Eka Putrayasa" }, "geometry": { "type": "Point", "coordinates": [ 115.240935918015666, -8.51187493371876 ] } },
{ "type": "Feature", "properties": { "id": 583, "kode_zona": null, "nama_zona": "Kedewatan", "diameter": 3.0, "kondisi": "Baik", "merk": null, "lokasi": "Depan Alila", "th_pasang": "2024", "elevasi": null, "tapping": "200", "notes": null, "foto": null, "tgl_input": "2024-10-21", "tgl_update": "2024-10-21", "no_aset": null, "fid": null, "context": "Ventile", "pelayanan": "Pelayanan Ubud", "tgl_delete": null, "nama_dma": "5.1.1 DMA Tanggayuda", "no_bap": null, "subsitem": null, "tgl_asbuilt": null, "id_verifikasi": null, "sumber_data": null, "history": null, "petugas_input": null, "latitude": "-8.45654981200813", "longitude": "115.2441058122402", "verifikator": "I Wayan Eka Putrayasa" }, "geometry": { "type": "Point", "coordinates": [ 115.244105812240207, -8.456549812008131 ] } },
{ "type": "Feature", "properties": { "id": 584, "kode_zona": "SYN", "nama_zona": "Sayan", "diameter": null, "kondisi": "Baik", "merk": null, "lokasi": "BANJAR DAUH LABAK, SINGAKERTA", "th_pasang": "2024", "elevasi": null, "tapping": "100", "notes": null, "foto": null, "tgl_input": "2024-10-23", "tgl_update": "2024-10-23", "no_aset": null, "fid": null, "context": "Ventile", "pelayanan": "Pelayanan Ubud", "tgl_delete": null, "nama_dma": "5.2.3 DMA Singakerta", "no_bap": "0115\/BAP\/III\/X\/2024", "subsitem": null, "tgl_asbuilt": null, "id_verifikasi": null, "sumber_data": "BAP", "history": null, "petugas_input": null, "latitude": "-8.528455284028261", "longitude": "115.25007078879624", "verifikator": "I Wayan Eka Putrayasa" }, "geometry": { "type": "Point", "coordinates": [ 115.250070788796236, -8.528455284028261 ] } },
{ "type": "Feature", "properties": { "id": 589, "kode_zona": null, "nama_zona": "Mancawarna", "diameter": null, "kondisi": "Baik", "merk": null, "lokasi": "BANJAR SANDING GIANYAR", "th_pasang": null, "elevasi": null, "tapping": null, "notes": null, "foto": null, "tgl_input": "2024-11-18", "tgl_update": "2024-11-18", "no_aset": null, "fid": null, "context": "Ventile", "pelayanan": "Pelayanan Tampaksiring", "tgl_delete": null, "nama_dma": "3.3.3 DMA Mancawarna Timur", "no_bap": null, "subsitem": null, "tgl_asbuilt": null, "id_verifikasi": null, "sumber_data": null, "history": null, "petugas_input": null, "latitude": "-8.460448714492548", "longitude": "115.30420139046385", "verifikator": "Dewa Gede Agus Saputra" }, "geometry": { "type": "Point", "coordinates": [ 115.304201390463845, -8.460448714492548 ] } },
{ "type": "Feature", "properties": { "id": 578, "kode_zona": "TLK", "nama_zona": "Tulikup", "diameter": 1.0, "kondisi": "Baik", "merk": null, "lokasi": "Banjar Tegal", "th_pasang": null, "elevasi": null, "tapping": "100", "notes": null, "foto": null, "tgl_input": "2024-09-23", "tgl_update": "2025-10-03", "no_aset": null, "fid": null, "context": "Ventile", "pelayanan": "Pelayanan Gianyar", "tgl_delete": null, "nama_dma": "1.10.3 DMA Meranggi", "no_bap": "0016\/BAP\/I\/X\/2025", "subsitem": null, "tgl_asbuilt": null, "id_verifikasi": 58, "sumber_data": "BAP (SiPDAM Pintar)", "history": null, "petugas_input": "Divisi Pemetaan", "latitude": "-8.544609355444301", "longitude": "115.35725338184129", "verifikator": "I Wayan Degug" }, "geometry": { "type": "Point", "coordinates": [ 115.357253381841289, -8.544609355444301 ] } },
{ "type": "Feature", "properties": { "id": 564, "kode_zona": null, "nama_zona": "Siangan", "diameter": 300.0, "kondisi": "Baik", "merk": null, "lokasi": "Jembatan Bandung Waterfall", "th_pasang": null, "elevasi": null, "tapping": null, "notes": null, "foto": null, "tgl_input": "2024-08-07", "tgl_update": "2025-01-31", "no_aset": null, "fid": null, "context": "Ventile", "pelayanan": "Pelayanan Gianyar", "tgl_delete": null, "nama_dma": "1.7.1 SB Siangan", "no_bap": "0060\/BAP\/I\/VIII\/2024", "subsitem": null, "tgl_asbuilt": null, "id_verifikasi": 107, "sumber_data": "BAP", "history": "2025-01-31 Memperbaiki data nama_dma disesuaikan dengan posisi DMA area atau poligon DMA menjadi 1.7.1 SB Siangan", "petugas_input": null, "latitude": "-8.519095115666708", "longitude": "115.3076611542223", "verifikator": "I Made Sutika Semarajaya" }, "geometry": { "type": "Point", "coordinates": [ 115.307661154222302, -8.519095115666708 ] } },
{ "type": "Feature", "properties": { "id": 571, "kode_zona": "MDG", "nama_zona": "Madangan", "diameter": 100.0, "kondisi": "Baik", "merk": null, "lokasi": "DEPAN PADI KUNING", "th_pasang": "2024", "elevasi": null, "tapping": null, "notes": null, "foto": null, "tgl_input": "2024-10-23", "tgl_update": "2024-10-23", "no_aset": null, "fid": null, "context": "Ventile", "pelayanan": "Pelayanan Gianyar", "tgl_delete": null, "nama_dma": "1.3.3 DMA Ngenjung Sari", "no_bap": "0254\/BAP\/I\/X\/2024", "subsitem": null, "tgl_asbuilt": null, "id_verifikasi": null, "sumber_data": "BAP", "history": null, "petugas_input": null, "latitude": "-8.50748554513435", "longitude": "115.3282412210149", "verifikator": "I Made Sutika Semarajaya" }, "geometry": { "type": "Point", "coordinates": [ 115.328241221014906, -8.507485545134349 ] } },
{ "type": "Feature", "properties": { "id": 586, "kode_zona": null, "nama_zona": "Madangan", "diameter": null, "kondisi": "Baik", "merk": null, "lokasi": "BANJAR NGENJUNG SARI", "th_pasang": null, "elevasi": null, "tapping": null, "notes": null, "foto": null, "tgl_input": "2024-10-24", "tgl_update": "2024-10-24", "no_aset": null, "fid": null, "context": "Ventile", "pelayanan": "Pelayanan Gianyar", "tgl_delete": null, "nama_dma": "1.3.3 DMA Ngenjung Sari", "no_bap": null, "subsitem": null, "tgl_asbuilt": null, "id_verifikasi": null, "sumber_data": "Yande Juliarta", "history": null, "petugas_input": null, "latitude": "-8.51308726920077", "longitude": "115.32817204462934", "verifikator": "I Made Sutika Semarajaya" }, "geometry": { "type": "Point", "coordinates": [ 115.328172044629341, -8.513087269200771 ] } },
{ "type": "Feature", "properties": { "id": 572, "kode_zona": "KGR", "nama_zona": "Kota Gianyar", "diameter": 1.0, "kondisi": "Baik", "merk": "DKY", "lokasi": "Perempatan depan Warung Astri", "th_pasang": null, "elevasi": null, "tapping": "100", "notes": null, "foto": null, "tgl_input": "2024-09-18", "tgl_update": "2024-09-18", "no_aset": null, "fid": null, "context": "Ventile", "pelayanan": "Pelayanan Gianyar", "tgl_delete": null, "nama_dma": "1.14.3 DMA SB TMP", "no_bap": null, "subsitem": null, "tgl_asbuilt": null, "id_verifikasi": 184, "sumber_data": null, "history": null, "petugas_input": null, "latitude": "-8.547884603519215", "longitude": "115.3172518707674", "verifikator": "Dewa Ketut Arsana" }, "geometry": { "type": "Point", "coordinates": [ 115.317251870767393, -8.547884603519215 ] } },
{ "type": "Feature", "properties": { "id": 576, "kode_zona": "SDN", "nama_zona": "Sidan", "diameter": 100.0, "kondisi": "Baik", "merk": null, "lokasi": "Perumahan Temesi", "th_pasang": null, "elevasi": null, "tapping": null, "notes": null, "foto": null, "tgl_input": null, "tgl_update": "2025-01-31", "no_aset": null, "fid": null, "context": "Ventile", "pelayanan": "Pelayanan Gianyar", "tgl_delete": null, "nama_dma": "1.8.5 DMA Direng", "no_bap": "0117\/BAP\/I\/IX\/2024", "subsitem": null, "tgl_asbuilt": null, "id_verifikasi": null, "sumber_data": "BAP", "history": "2025-01-31 Memperbaiki data nama_dma disesuaikan dengan posisi DMA area atau poligon DMA menjadi 1.8.5 DMA Direng", "petugas_input": null, "latitude": "-8.543734065063921", "longitude": "115.34734948934626", "verifikator": "I Wayan Degug" }, "geometry": { "type": "Point", "coordinates": [ 115.347349489346257, -8.543734065063921 ] } },
{ "type": "Feature", "properties": { "id": 575, "kode_zona": "BDL", "nama_zona": "Bedulu", "diameter": 1.0, "kondisi": "Baik", "merk": "DKY", "lokasi": "Jl. Raya Teges", "th_pasang": null, "elevasi": null, "tapping": "150", "notes": null, "foto": null, "tgl_input": "2024-09-19", "tgl_update": "2024-09-19", "no_aset": null, "fid": null, "context": "Ventile", "pelayanan": "Pelayanan Blahbatuh", "tgl_delete": null, "nama_dma": "4.7.1 DMA Wanayu", "no_bap": null, "subsitem": null, "tgl_asbuilt": null, "id_verifikasi": 123, "sumber_data": null, "history": null, "petugas_input": null, "latitude": "-8.522553946828193", "longitude": "115.28414944112838", "verifikator": "I Gede Parwata" }, "geometry": { "type": "Point", "coordinates": [ 115.284149441128378, -8.522553946828193 ] } },
{ "type": "Feature", "properties": { "id": 574, "kode_zona": "SNG", "nama_zona": "Siangan", "diameter": 1.0, "kondisi": "Baik", "merk": "DKY", "lokasi": "Bandung Waterfall", "th_pasang": null, "elevasi": null, "tapping": "200", "notes": null, "foto": null, "tgl_input": "2024-09-19", "tgl_update": "2025-01-31", "no_aset": null, "fid": null, "context": "Ventile", "pelayanan": "Pelayanan Gianyar", "tgl_delete": null, "nama_dma": "1.7.1 SB Siangan", "no_bap": null, "subsitem": null, "tgl_asbuilt": null, "id_verifikasi": 102, "sumber_data": null, "history": "2025-01-31 Memperbaiki data nama_dma disesuaikan dengan posisi DMA area atau poligon DMA menjadi 1.7.1 SB Siangan", "petugas_input": null, "latitude": "-8.519474882830213", "longitude": "115.30841509306839", "verifikator": "I Made Sutika Semarajaya" }, "geometry": { "type": "Point", "coordinates": [ 115.30841509306839, -8.519474882830213 ] } },
{ "type": "Feature", "properties": { "id": 587, "kode_zona": null, "nama_zona": "Bukit Jati", "diameter": null, "kondisi": "Baik", "merk": null, "lokasi": "JL. TUKAD MELANGIT", "th_pasang": "2024", "elevasi": null, "tapping": "100", "notes": null, "foto": null, "tgl_input": "2024-10-29", "tgl_update": "2025-01-31", "no_aset": null, "fid": null, "context": "Ventile", "pelayanan": "Pelayanan Gianyar", "tgl_delete": null, "nama_dma": "1.11.1 DMA Bukit Jati", "no_bap": "0344\/BAP\/I\/X\/2024", "subsitem": null, "tgl_asbuilt": null, "id_verifikasi": null, "sumber_data": "BAP", "history": "2025-01-31 Memperbaiki data nama_dma disesuaikan dengan posisi DMA area atau poligon DMA menjadi 1.11.1 DMA Bukit Jati", "petugas_input": null, "latitude": "-8.53898200809858", "longitude": "115.33500303569988", "verifikator": "I Wayan Degug" }, "geometry": { "type": "Point", "coordinates": [ 115.335003035699884, -8.53898200809858 ] } },
{ "type": "Feature", "properties": { "id": 577, "kode_zona": "TLK", "nama_zona": "Tulikup", "diameter": 1.0, "kondisi": "Baik", "merk": "DKY", "lokasi": "Banjar Siyut", "th_pasang": null, "elevasi": null, "tapping": "50", "notes": null, "foto": null, "tgl_input": "2024-09-23", "tgl_update": "2024-09-23", "no_aset": null, "fid": null, "context": "Ventile", "pelayanan": "Pelayanan Gianyar", "tgl_delete": null, "nama_dma": "1.10.3 DMA Meranggi", "no_bap": null, "subsitem": null, "tgl_asbuilt": null, "id_verifikasi": 41, "sumber_data": null, "history": null, "petugas_input": null, "latitude": "-8.557680098511662", "longitude": "115.36131024978437", "verifikator": "I Wayan Degug" }, "geometry": { "type": "Point", "coordinates": [ 115.361310249784367, -8.557680098511662 ] } },
{ "type": "Feature", "properties": { "id": 619, "kode_zona": null, "nama_zona": "Manukaya", "diameter": null, "kondisi": "Baik", "merk": null, "lokasi": "Banjar Temen", "th_pasang": null, "elevasi": null, "tapping": "75", "notes": null, "foto": null, "tgl_input": "2025-01-22", "tgl_update": null, "no_aset": null, "fid": null, "context": "Ventile", "pelayanan": "Pelayanan Tampaksiring", "tgl_delete": null, "nama_dma": "3.1.3 DMA Temen", "no_bap": null, "subsitem": null, "tgl_asbuilt": null, "id_verifikasi": null, "sumber_data": null, "history": null, "petugas_input": null, "latitude": "-8.387356171003495", "longitude": "115.33428749104633", "verifikator": "Dewa Gede Agus Saputra" }, "geometry": { "type": "Point", "coordinates": [ 115.334287491046325, -8.387356171003495 ] } },
{ "type": "Feature", "properties": { "id": 623, "kode_zona": null, "nama_zona": "Kota Tampaksiring", "diameter": null, "kondisi": "Baik", "merk": null, "lokasi": "Selatan Balai Banjar Bantas", "th_pasang": null, "elevasi": null, "tapping": null, "notes": null, "foto": null, "tgl_input": "2025-01-22", "tgl_update": null, "no_aset": null, "fid": null, "context": "Ventile", "pelayanan": "Pelayanan Tampaksiring", "tgl_delete": null, "nama_dma": "3.2.1 DMA Bantas", "no_bap": null, "subsitem": null, "tgl_asbuilt": null, "id_verifikasi": null, "sumber_data": null, "history": null, "petugas_input": null, "latitude": "-8.40294472208232", "longitude": "115.31628169255612", "verifikator": "Dewa Gede Agus Saputra" }, "geometry": { "type": "Point", "coordinates": [ 115.316281692556117, -8.402944722082321 ] } },
{ "type": "Feature", "properties": { "id": 624, "kode_zona": null, "nama_zona": "Kota Tampaksiring", "diameter": null, "kondisi": "Baik", "merk": null, "lokasi": "Barat Balai Banjar Manukaya Let", "th_pasang": null, "elevasi": null, "tapping": null, "notes": null, "foto": null, "tgl_input": "2025-01-23", "tgl_update": null, "no_aset": null, "fid": null, "context": "Ventile", "pelayanan": "Pelayanan Tampaksiring", "tgl_delete": null, "nama_dma": "3.2.1 DMA Bantas", "no_bap": null, "subsitem": null, "tgl_asbuilt": null, "id_verifikasi": null, "sumber_data": null, "history": null, "petugas_input": null, "latitude": "-8.407557802017118", "longitude": "115.3116674136574", "verifikator": "Dewa Gede Agus Saputra" }, "geometry": { "type": "Point", "coordinates": [ 115.311667413657403, -8.407557802017118 ] } },
{ "type": "Feature", "properties": { "id": 621, "kode_zona": null, "nama_zona": "Manukaya", "diameter": null, "kondisi": "Baik", "merk": null, "lokasi": "Jl. Manik Tawang", "th_pasang": null, "elevasi": null, "tapping": null, "notes": null, "foto": null, "tgl_input": "2025-01-23", "tgl_update": null, "no_aset": null, "fid": null, "context": "Ventile", "pelayanan": "Pelayanan Tampaksiring", "tgl_delete": null, "nama_dma": "3.1.2 DMA Keranjangan", "no_bap": null, "subsitem": null, "tgl_asbuilt": null, "id_verifikasi": null, "sumber_data": null, "history": null, "petugas_input": null, "latitude": "-8.408279081755728", "longitude": "115.32404370179704", "verifikator": "Dewa Gede Agus Saputra" }, "geometry": { "type": "Point", "coordinates": [ 115.324043701797038, -8.408279081755728 ] } },
{ "type": "Feature", "properties": { "id": 628, "kode_zona": null, "nama_zona": "Kedewatan", "diameter": null, "kondisi": "Baik", "merk": null, "lokasi": "TUKANG JARIT KEBAYA", "th_pasang": null, "elevasi": null, "tapping": "250", "notes": null, "foto": null, "tgl_input": "2025-01-30", "tgl_update": null, "no_aset": null, "fid": null, "context": "Ventile", "pelayanan": "Pelayanan Ubud", "tgl_delete": null, "nama_dma": "5.1.4 DMA Kedewatan", "no_bap": "0063\/BAP\/III\/I\/2025", "subsitem": null, "tgl_asbuilt": null, "id_verifikasi": null, "sumber_data": "BAP", "history": null, "petugas_input": null, "latitude": "-8.487535541505785", "longitude": "115.24634432343", "verifikator": "I Wayan Eka Putrayasa" }, "geometry": { "type": "Point", "coordinates": [ 115.246344323429994, -8.487535541505785 ] } },
{ "type": "Feature", "properties": { "id": 617, "kode_zona": null, "nama_zona": "Kota Gianyar", "diameter": null, "kondisi": "Baik", "merk": null, "lokasi": "Jl. Sinta", "th_pasang": null, "elevasi": null, "tapping": "100", "notes": null, "foto": null, "tgl_input": "2025-01-13", "tgl_update": null, "no_aset": null, "fid": null, "context": "Ventile", "pelayanan": "Pelayanan Gianyar", "tgl_delete": null, "nama_dma": "1.14.3 DMA SB TMP", "no_bap": null, "subsitem": null, "tgl_asbuilt": null, "id_verifikasi": null, "sumber_data": null, "history": null, "petugas_input": null, "latitude": "-8.545366518274365", "longitude": "115.31452166130502", "verifikator": "Dewa Ketut Arsana" }, "geometry": { "type": "Point", "coordinates": [ 115.314521661305022, -8.545366518274365 ] } },
{ "type": "Feature", "properties": { "id": 629, "kode_zona": null, "nama_zona": "Madangan", "diameter": null, "kondisi": "Baik", "merk": null, "lokasi": "Depan UD Laba-Laba", "th_pasang": "2025", "elevasi": null, "tapping": "75", "notes": null, "foto": null, "tgl_input": "2025-01-30", "tgl_update": null, "no_aset": null, "fid": null, "context": "Ventile", "pelayanan": "Pelayanan Gianyar", "tgl_delete": null, "nama_dma": "1.3.3 DMA Ngenjung Sari", "no_bap": "0238\/BAP\/I\/I\/2025", "subsitem": null, "tgl_asbuilt": null, "id_verifikasi": null, "sumber_data": "BAP", "history": null, "petugas_input": null, "latitude": "-8.512775303696229", "longitude": "115.32790048097723", "verifikator": "I Made Sutika Semarajaya" }, "geometry": { "type": "Point", "coordinates": [ 115.327900480977235, -8.512775303696229 ] } },
{ "type": "Feature", "properties": { "id": 602, "kode_zona": null, "nama_zona": "Serongga", "diameter": null, "kondisi": "Baik", "merk": null, "lokasi": "Utara SD 1 Lebih", "th_pasang": null, "elevasi": null, "tapping": "100", "notes": null, "foto": null, "tgl_input": "2024-12-16", "tgl_update": "2024-12-16", "no_aset": null, "fid": null, "context": "Ventile", "pelayanan": "Pelayanan Gianyar", "tgl_delete": null, "nama_dma": "1.13.2 DMA Kesian", "no_bap": "0103\/BAP\/I\/XII\/2024", "subsitem": null, "tgl_asbuilt": null, "id_verifikasi": null, "sumber_data": "BAP", "history": null, "petugas_input": null, "latitude": "-8.56492786535377", "longitude": "115.34239213008294", "verifikator": "Dewa Ketut Arsana" }, "geometry": { "type": "Point", "coordinates": [ 115.342392130082942, -8.56492786535377 ] } },
{ "type": "Feature", "properties": { "id": 603, "kode_zona": null, "nama_zona": "Kota Gianyar", "diameter": 75.0, "kondisi": "Baik", "merk": null, "lokasi": "Perempatan Tiang Listrik", "th_pasang": "2024", "elevasi": null, "tapping": "75", "notes": null, "foto": null, "tgl_input": "2024-12-19", "tgl_update": "2024-12-19", "no_aset": null, "fid": null, "context": "Ventile", "pelayanan": "Pelayanan Gianyar", "tgl_delete": null, "nama_dma": "1.14.3 DMA SB TMP", "no_bap": "0160\/BAP\/I\/XII\/2024", "subsitem": "", "tgl_asbuilt": null, "id_verifikasi": null, "sumber_data": "BAP", "history": null, "petugas_input": null, "latitude": "-8.545320315898541", "longitude": "115.31527191480819", "verifikator": "Dewa Ketut Arsana" }, "geometry": { "type": "Point", "coordinates": [ 115.315271914808193, -8.545320315898541 ] } },
{ "type": "Feature", "properties": { "id": 618, "kode_zona": null, "nama_zona": "Kota Gianyar", "diameter": null, "kondisi": "Baik", "merk": null, "lokasi": "Jl. Sinta", "th_pasang": "2024", "elevasi": null, "tapping": "100", "notes": null, "foto": null, "tgl_input": "2025-01-13", "tgl_update": null, "no_aset": null, "fid": null, "context": "Ventile", "pelayanan": "Pelayanan Gianyar", "tgl_delete": null, "nama_dma": "1.14.3 DMA SB TMP", "no_bap": null, "subsitem": "", "tgl_asbuilt": null, "id_verifikasi": null, "sumber_data": "", "history": null, "petugas_input": null, "latitude": "-8.545346511577538", "longitude": "115.3148238436508", "verifikator": "Dewa Ketut Arsana" }, "geometry": { "type": "Point", "coordinates": [ 115.3148238436508, -8.545346511577538 ] } },
{ "type": "Feature", "properties": { "id": 626, "kode_zona": null, "nama_zona": "Pejeng Kawan", "diameter": null, "kondisi": "Baik", "merk": null, "lokasi": "Barat Balai Banjar Sala", "th_pasang": null, "elevasi": null, "tapping": null, "notes": null, "foto": null, "tgl_input": "2025-01-23", "tgl_update": null, "no_aset": null, "fid": null, "context": "Ventile", "pelayanan": "Pelayanan Tampaksiring", "tgl_delete": null, "nama_dma": "3.8.1 DMA Pejeng Kawan", "no_bap": null, "subsitem": null, "tgl_asbuilt": null, "id_verifikasi": null, "sumber_data": null, "history": null, "petugas_input": null, "latitude": "-8.507806944600826", "longitude": "115.2809890037899", "verifikator": "I Nyoman Suarta, S.E." }, "geometry": { "type": "Point", "coordinates": [ 115.280989003789898, -8.507806944600826 ] } },
{ "type": "Feature", "properties": { "id": 627, "kode_zona": null, "nama_zona": "Tarukan", "diameter": null, "kondisi": "Baik", "merk": null, "lokasi": "SB Tarukan", "th_pasang": null, "elevasi": null, "tapping": null, "notes": null, "foto": null, "tgl_input": "2025-01-23", "tgl_update": null, "no_aset": null, "fid": null, "context": "Ventile", "pelayanan": "Pelayanan Tampaksiring", "tgl_delete": null, "nama_dma": "3.5.1 DMA Tarukan", "no_bap": null, "subsitem": null, "tgl_asbuilt": null, "id_verifikasi": null, "sumber_data": null, "history": null, "petugas_input": null, "latitude": "-8.48367009677176", "longitude": "115.29376004811058", "verifikator": "I Nyoman Suarta, S.E." }, "geometry": { "type": "Point", "coordinates": [ 115.293760048110585, -8.48367009677176 ] } },
{ "type": "Feature", "properties": { "id": 633, "kode_zona": null, "nama_zona": "Sanding", "diameter": null, "kondisi": "Baik", "merk": null, "lokasi": "Banjar Sanding", "th_pasang": null, "elevasi": null, "tapping": null, "notes": null, "foto": null, "tgl_input": "2025-01-31", "tgl_update": null, "no_aset": null, "fid": null, "context": "Ventile", "pelayanan": "Pelayanan Tampaksiring", "tgl_delete": null, "nama_dma": "3.4.1 DMA Sanding", "no_bap": "0055\/BAP\/VII\/I\/2025", "subsitem": null, "tgl_asbuilt": null, "id_verifikasi": null, "sumber_data": "BAP", "history": null, "petugas_input": null, "latitude": "-8.467642577795981", "longitude": "115.29461643774344", "verifikator": "Dewa Gede Agus Saputra" }, "geometry": { "type": "Point", "coordinates": [ 115.294616437743443, -8.467642577795981 ] } },
{ "type": "Feature", "properties": { "id": 625, "kode_zona": null, "nama_zona": "Kota Tampaksiring", "diameter": null, "kondisi": "Baik", "merk": null, "lokasi": "SD 1 Tampaksiring", "th_pasang": null, "elevasi": null, "tapping": null, "notes": null, "foto": null, "tgl_input": "2025-01-22", "tgl_update": null, "no_aset": null, "fid": null, "context": "Ventile", "pelayanan": "Pelayanan Tampaksiring", "tgl_delete": null, "nama_dma": "3.2.2 DMA Manukaya", "no_bap": null, "subsitem": null, "tgl_asbuilt": null, "id_verifikasi": null, "sumber_data": null, "history": null, "petugas_input": null, "latitude": "-8.42607723390202", "longitude": "115.30814321147407", "verifikator": "Dewa Gede Agus Saputra" }, "geometry": { "type": "Point", "coordinates": [ 115.308143211474075, -8.426077233902021 ] } },
{ "type": "Feature", "properties": { "id": 622, "kode_zona": null, "nama_zona": "Manukaya", "diameter": null, "kondisi": "Baik", "merk": null, "lokasi": "Jl. Manik Tawang", "th_pasang": null, "elevasi": null, "tapping": null, "notes": null, "foto": null, "tgl_input": "2025-01-22", "tgl_update": null, "no_aset": null, "fid": null, "context": "Ventile", "pelayanan": "Pelayanan Tampaksiring", "tgl_delete": null, "nama_dma": "3.1.1 DMA Basangambu", "no_bap": null, "subsitem": null, "tgl_asbuilt": null, "id_verifikasi": null, "sumber_data": null, "history": null, "petugas_input": null, "latitude": "-8.416017017793601", "longitude": "115.32122583164211", "verifikator": "Dewa Gede Agus Saputra" }, "geometry": { "type": "Point", "coordinates": [ 115.32122583164211, -8.416017017793601 ] } },
{ "type": "Feature", "properties": { "id": 632, "kode_zona": null, "nama_zona": "Sayan", "diameter": null, "kondisi": "Baik", "merk": null, "lokasi": "Jl. Raya Kedewatan", "th_pasang": null, "elevasi": null, "tapping": "250", "notes": null, "foto": null, "tgl_input": "2025-01-31", "tgl_update": "2025-06-18", "no_aset": null, "fid": null, "context": "Ventile", "pelayanan": "Pelayanan Ubud", "tgl_delete": null, "nama_dma": "5.2.2 DMA Pande ( Wil.Timur )", "no_bap": "0044\/BAP\/III\/IV\/2025", "subsitem": null, "tgl_asbuilt": null, "id_verifikasi": null, "sumber_data": "BAP", "history": "2025-01-31 0049\/BAP\/III\/I\/2025", "petugas_input": null, "latitude": "-8.514655380105724", "longitude": "115.2402509395056", "verifikator": "I Wayan Eka Putrayasa" }, "geometry": { "type": "Point", "coordinates": [ 115.2402509395056, -8.514655380105724 ] } },
{ "type": "Feature", "properties": { "id": 631, "kode_zona": null, "nama_zona": "Serongga", "diameter": null, "kondisi": "Baik", "merk": null, "lokasi": "Jl. Raya Pantai Lebih", "th_pasang": "2025", "elevasi": null, "tapping": "100", "notes": null, "foto": null, "tgl_input": "2025-01-31", "tgl_update": null, "no_aset": null, "fid": null, "context": "Ventile", "pelayanan": "Pelayanan Gianyar", "tgl_delete": null, "nama_dma": "1.13.1 DMA Serongga", "no_bap": "0019\/BAP\/I\/I\/2025", "subsitem": null, "tgl_asbuilt": null, "id_verifikasi": null, "sumber_data": "BAP", "history": null, "petugas_input": null, "latitude": "-8.562599455734542", "longitude": "115.33535964305533", "verifikator": "Dewa Ketut Arsana" }, "geometry": { "type": "Point", "coordinates": [ 115.335359643055327, -8.562599455734542 ] } },
{ "type": "Feature", "properties": { "id": 607, "kode_zona": null, "nama_zona": "Tulikup", "diameter": null, "kondisi": "Baik", "merk": null, "lokasi": "Banjar Siyut", "th_pasang": null, "elevasi": null, "tapping": "100", "notes": null, "foto": null, "tgl_input": "2025-01-07", "tgl_update": null, "no_aset": null, "fid": null, "context": "Ventile", "pelayanan": "Pelayanan Gianyar", "tgl_delete": null, "nama_dma": "1.10.3 DMA Meranggi", "no_bap": null, "subsitem": null, "tgl_asbuilt": null, "id_verifikasi": null, "sumber_data": "Koorwil", "history": null, "petugas_input": null, "latitude": "-8.557721482249836", "longitude": "115.36125581890168", "verifikator": "I Wayan Degug" }, "geometry": { "type": "Point", "coordinates": [ 115.361255818901682, -8.557721482249836 ] } },
{ "type": "Feature", "properties": { "id": 605, "kode_zona": null, "nama_zona": "Blahpane", "diameter": null, "kondisi": "Baik", "merk": null, "lokasi": "Jl. Taman Bali", "th_pasang": null, "elevasi": null, "tapping": null, "notes": null, "foto": null, "tgl_input": "2025-01-07", "tgl_update": null, "no_aset": null, "fid": null, "context": "Ventile", "pelayanan": "Pelayanan Gianyar", "tgl_delete": null, "nama_dma": "1.9.1 DMA Res. Blahpane Kaja", "no_bap": null, "subsitem": null, "tgl_asbuilt": null, "id_verifikasi": null, "sumber_data": "Koorwil", "history": null, "petugas_input": null, "latitude": "-8.530912856353192", "longitude": "115.35614051277416", "verifikator": "I Wayan Degug" }, "geometry": { "type": "Point", "coordinates": [ 115.356140512774161, -8.530912856353192 ] } },
{ "type": "Feature", "properties": { "id": 606, "kode_zona": null, "nama_zona": "Blahpane", "diameter": null, "kondisi": "Baik", "merk": null, "lokasi": "Jl. Taman Bali", "th_pasang": null, "elevasi": null, "tapping": null, "notes": null, "foto": null, "tgl_input": "2025-01-07", "tgl_update": null, "no_aset": null, "fid": null, "context": "Ventile", "pelayanan": "Pelayanan Gianyar", "tgl_delete": null, "nama_dma": "1.9.1 DMA Res. Blahpane Kaja", "no_bap": null, "subsitem": null, "tgl_asbuilt": null, "id_verifikasi": null, "sumber_data": "Koorwil", "history": null, "petugas_input": null, "latitude": "-8.530920470178053", "longitude": "115.35608818162292", "verifikator": "I Wayan Degug" }, "geometry": { "type": "Point", "coordinates": [ 115.356088181622923, -8.530920470178053 ] } },
{ "type": "Feature", "properties": { "id": 608, "kode_zona": null, "nama_zona": "Sidan", "diameter": null, "kondisi": "Baik", "merk": null, "lokasi": "Timur Pertigaan", "th_pasang": null, "elevasi": null, "tapping": null, "notes": null, "foto": null, "tgl_input": "2025-01-07", "tgl_update": "2025-01-31", "no_aset": null, "fid": null, "context": "Ventile", "pelayanan": "Pelayanan Gianyar", "tgl_delete": null, "nama_dma": "1.8.5 DMA Direng", "no_bap": null, "subsitem": null, "tgl_asbuilt": null, "id_verifikasi": null, "sumber_data": "Koorwil", "history": "2025-01-31 Memperbaiki data nama_dma disesuaikan dengan posisi DMA area atau poligon DMA menjadi 1.8.5 DMA Direng", "petugas_input": null, "latitude": "-8.541578063242772", "longitude": "115.34849084960582", "verifikator": "I Wayan Degug" }, "geometry": { "type": "Point", "coordinates": [ 115.348490849605824, -8.541578063242772 ] } },
{ "type": "Feature", "properties": { "id": 609, "kode_zona": null, "nama_zona": "Sidan", "diameter": null, "kondisi": "Baik", "merk": null, "lokasi": "Barat Balai Banjar Pegesangan", "th_pasang": null, "elevasi": null, "tapping": null, "notes": null, "foto": null, "tgl_input": "2025-01-07", "tgl_update": "2025-01-31", "no_aset": null, "fid": null, "context": "Ventile", "pelayanan": "Pelayanan Gianyar", "tgl_delete": null, "nama_dma": "1.8.5 DMA Direng", "no_bap": null, "subsitem": null, "tgl_asbuilt": null, "id_verifikasi": null, "sumber_data": "Koorwil", "history": "2025-01-31 Memperbaiki data nama_dma disesuaikan dengan posisi DMA area atau poligon DMA menjadi 1.8.5 DMA Direng", "petugas_input": null, "latitude": "-8.54219738130227", "longitude": "115.35045869777863", "verifikator": "I Wayan Degug" }, "geometry": { "type": "Point", "coordinates": [ 115.350458697778635, -8.54219738130227 ] } },
{ "type": "Feature", "properties": { "id": 620, "kode_zona": null, "nama_zona": "Manukaya", "diameter": null, "kondisi": "Baik", "merk": null, "lokasi": "Utara Balai Banjar Keranjangan", "th_pasang": null, "elevasi": null, "tapping": null, "notes": null, "foto": null, "tgl_input": "2025-01-22", "tgl_update": null, "no_aset": null, "fid": null, "context": "Ventile", "pelayanan": "Pelayanan Tampaksiring", "tgl_delete": null, "nama_dma": "3.1.3 DMA Temen", "no_bap": null, "subsitem": null, "tgl_asbuilt": null, "id_verifikasi": null, "sumber_data": null, "history": null, "petugas_input": null, "latitude": "-8.396510025330075", "longitude": "115.32823240609875", "verifikator": "Dewa Gede Agus Saputra" }, "geometry": { "type": "Point", "coordinates": [ 115.328232406098749, -8.396510025330075 ] } },
{ "type": "Feature", "properties": { "id": 634, "kode_zona": null, "nama_zona": "Kota Ubud", "diameter": 25.0, "kondisi": "Baik", "merk": "Bermand C30", "lokasi": "Utara Resto Rani", "th_pasang": "2024", "elevasi": null, "tapping": "75", "notes": null, "foto": null, "tgl_input": "2025-01-23", "tgl_update": null, "no_aset": null, "fid": null, "context": "Ventile", "pelayanan": "Pelayanan Ubud", "tgl_delete": null, "nama_dma": "5.3.7 DMA Kumbuh", "no_bap": null, "subsitem": null, "tgl_asbuilt": null, "id_verifikasi": null, "sumber_data": "Anggaran PAMTS", "history": "2025-01-23 Input ke GIS", "petugas_input": null, "latitude": "-8.532105905167908", "longitude": "115.2654886276493", "verifikator": "I Wayan Artawan" }, "geometry": { "type": "Point", "coordinates": [ 115.265488627649304, -8.532105905167908 ] } },
{ "type": "Feature", "properties": { "id": 649, "kode_zona": null, "nama_zona": "Kelusa", "diameter": null, "kondisi": "Baik", "merk": null, "lokasi": "Banjar Yeh Tengah", "th_pasang": null, "elevasi": null, "tapping": "200", "notes": null, "foto": null, "tgl_input": "2025-02-20", "tgl_update": null, "no_aset": null, "fid": null, "context": "Ventile", "pelayanan": "Pelayanan Payangan", "tgl_delete": null, "nama_dma": "7.5.1 DMA Yangapi", "no_bap": null, "subsitem": "DN 200", "tgl_asbuilt": null, "id_verifikasi": null, "sumber_data": null, "history": null, "petugas_input": null, "latitude": "-8.44253514996409", "longitude": "115.26095502322585", "verifikator": "I Nyoman Sumayasa" }, "geometry": { "type": "Point", "coordinates": [ 115.260955023225847, -8.44253514996409 ] } },
{ "type": "Feature", "properties": { "id": 655, "kode_zona": null, "nama_zona": "Kedisan Timur", "diameter": null, "kondisi": "Baik", "merk": null, "lokasi": "Jl. Raya Bayad", "th_pasang": null, "elevasi": null, "tapping": "150", "notes": "", "foto": null, "tgl_input": "2025-03-19", "tgl_update": null, "no_aset": null, "fid": null, "context": "Ventile", "pelayanan": "Pelayanan Tegallalang", "tgl_delete": null, "nama_dma": "6.1.2 MAP Bayad I (Non DMA)", "no_bap": null, "subsitem": null, "tgl_asbuilt": null, "id_verifikasi": null, "sumber_data": null, "history": null, "petugas_input": null, "latitude": "-8.413802168775693", "longitude": "115.29497464205863", "verifikator": "I Wayan Suardana" }, "geometry": { "type": "Point", "coordinates": [ 115.294974642058634, -8.413802168775693 ] } },
{ "type": "Feature", "properties": { "id": 668, "kode_zona": null, "nama_zona": "Ubud Utara", "diameter": null, "kondisi": "Baik", "merk": null, "lokasi": "Jl. Suweta", "th_pasang": null, "elevasi": null, "tapping": "150", "notes": null, "foto": null, "tgl_input": "2025-04-16", "tgl_update": null, "no_aset": null, "fid": null, "context": "Ventile", "pelayanan": "Pelayanan Ubud", "tgl_delete": null, "nama_dma": "5.4.1 DMA Junjungan Utara (JDU)", "no_bap": null, "subsitem": null, "tgl_asbuilt": null, "id_verifikasi": null, "sumber_data": null, "history": null, "petugas_input": null, "latitude": "-8.472779184073561", "longitude": "115.27048181095005", "verifikator": "I Wayan Artawan" }, "geometry": { "type": "Point", "coordinates": [ 115.270481810950045, -8.472779184073561 ] } },
{ "type": "Feature", "properties": { "id": 658, "kode_zona": null, "nama_zona": "Kedisan Barat", "diameter": null, "kondisi": "Baik", "merk": null, "lokasi": "Banjar Pakudui", "th_pasang": null, "elevasi": null, "tapping": null, "notes": null, "foto": null, "tgl_input": "2025-03-19", "tgl_update": null, "no_aset": null, "fid": null, "context": "Ventile", "pelayanan": "Pelayanan Tegallalang", "tgl_delete": null, "nama_dma": "6.2.4 DMA Pakudui", "no_bap": null, "subsitem": null, "tgl_asbuilt": null, "id_verifikasi": null, "sumber_data": null, "history": null, "petugas_input": null, "latitude": "-8.413486815066854", "longitude": "115.28481890403137", "verifikator": "I Wayan Suardana" }, "geometry": { "type": "Point", "coordinates": [ 115.284818904031368, -8.413486815066854 ] } },
{ "type": "Feature", "properties": { "id": 637, "kode_zona": null, "nama_zona": "Tegalbingin", "diameter": null, "kondisi": "Baik", "merk": null, "lokasi": "Banjar Tegal Bingin", "th_pasang": null, "elevasi": null, "tapping": null, "notes": null, "foto": null, "tgl_input": "2025-02-10", "tgl_update": null, "no_aset": null, "fid": null, "context": "Ventile", "pelayanan": "Pelayanan Ubud", "tgl_delete": null, "nama_dma": "5.8.1 DMA Tegalbingin", "no_bap": "0044\/BAP\/III\/II\/2025", "subsitem": null, "tgl_asbuilt": null, "id_verifikasi": null, "sumber_data": "BAP", "history": null, "petugas_input": null, "latitude": "-8.539482927865171", "longitude": "115.27533609209603", "verifikator": "I Wayan Artawan" }, "geometry": { "type": "Point", "coordinates": [ 115.275336092096026, -8.539482927865171 ] } },
{ "type": "Feature", "properties": { "id": 652, "kode_zona": null, "nama_zona": "Bukit Jati", "diameter": null, "kondisi": "Baik", "merk": null, "lokasi": "Jl. I Gusti Ngurah Rai", "th_pasang": null, "elevasi": null, "tapping": "100", "notes": null, "foto": null, "tgl_input": "2025-02-24", "tgl_update": null, "no_aset": null, "fid": null, "context": "Ventile", "pelayanan": "Pelayanan Gianyar", "tgl_delete": null, "nama_dma": "1.11.1 DMA Bukit Jati", "no_bap": "0195\/BAP\/I\/II\/2025", "subsitem": null, "tgl_asbuilt": null, "id_verifikasi": null, "sumber_data": "BAP", "history": null, "petugas_input": null, "latitude": "-8.539060395304567", "longitude": "115.34235749856043", "verifikator": "I Wayan Degug" }, "geometry": { "type": "Point", "coordinates": [ 115.342357498560432, -8.539060395304567 ] } },
{ "type": "Feature", "properties": { "id": 659, "kode_zona": null, "nama_zona": "Lodtunduh", "diameter": null, "kondisi": "Baik", "merk": null, "lokasi": "Jl. Raya Mas", "th_pasang": "2025", "elevasi": null, "tapping": "100", "notes": null, "foto": null, "tgl_input": "2025-03-20", "tgl_update": null, "no_aset": null, "fid": null, "context": "Ventile", "pelayanan": "Pelayanan Ubud", "tgl_delete": null, "nama_dma": "5.6.1 DMA Lodtunduh Timur", "no_bap": "0099\/BAP\/III\/III\/2025", "subsitem": null, "tgl_asbuilt": null, "id_verifikasi": null, "sumber_data": "BAP", "history": null, "petugas_input": null, "latitude": "-8.547963832528067", "longitude": "115.27241817599699", "verifikator": "I Wayan Eka Putrayasa" }, "geometry": { "type": "Point", "coordinates": [ 115.272418175996989, -8.547963832528067 ] } },
{ "type": "Feature", "properties": { "id": 662, "kode_zona": null, "nama_zona": "Petak Kaja Selatan", "diameter": null, "kondisi": "Baik", "merk": null, "lokasi": "Jl. Babakan-Petak Kaja", "th_pasang": null, "elevasi": null, "tapping": "25", "notes": null, "foto": null, "tgl_input": "2025-04-09", "tgl_update": null, "no_aset": null, "fid": null, "context": "Ventile", "pelayanan": "Pelayanan Gianyar", "tgl_delete": null, "nama_dma": "1.2.1 DMA Padpadan", "no_bap": null, "subsitem": null, "tgl_asbuilt": null, "id_verifikasi": null, "sumber_data": null, "history": null, "petugas_input": null, "latitude": "-8.456007574828341", "longitude": "115.32016833430933", "verifikator": "I Made Sutika Semarajaya" }, "geometry": { "type": "Point", "coordinates": [ 115.320168334309329, -8.456007574828341 ] } },
{ "type": "Feature", "properties": { "id": 648, "kode_zona": null, "nama_zona": "Kota Payangan", "diameter": null, "kondisi": "Baik", "merk": null, "lokasi": "Timur Balai Banjar Sema", "th_pasang": null, "elevasi": null, "tapping": "200", "notes": null, "foto": null, "tgl_input": "2025-02-20", "tgl_update": null, "no_aset": null, "fid": null, "context": "Ventile", "pelayanan": "Pelayanan Payangan", "tgl_delete": null, "nama_dma": "7.4.5 DMA Sema", "no_bap": null, "subsitem": "DN 200", "tgl_asbuilt": null, "id_verifikasi": null, "sumber_data": null, "history": null, "petugas_input": null, "latitude": "-8.438089896276598", "longitude": "115.25106442967804", "verifikator": "I Nyoman Sumayasa" }, "geometry": { "type": "Point", "coordinates": [ 115.251064429678038, -8.438089896276598 ] } },
{ "type": "Feature", "properties": { "id": 661, "kode_zona": null, "nama_zona": "Kemenuh", "diameter": null, "kondisi": "Baik", "merk": null, "lokasi": "Jl. Ir. Sutami", "th_pasang": null, "elevasi": null, "tapping": "150", "notes": null, "foto": null, "tgl_input": "2025-04-08", "tgl_update": null, "no_aset": null, "fid": null, "context": "Ventile", "pelayanan": "Pelayanan Sukawati", "tgl_delete": null, "nama_dma": "2.5.1 DMA Tengkulak Kaja", "no_bap": null, "subsitem": null, "tgl_asbuilt": null, "id_verifikasi": null, "sumber_data": null, "history": null, "petugas_input": null, "latitude": "-8.552813393381975", "longitude": "115.28407875264426", "verifikator": "I Komang Sucipta" }, "geometry": { "type": "Point", "coordinates": [ 115.284078752644263, -8.552813393381975 ] } },
{ "type": "Feature", "properties": { "id": 639, "kode_zona": null, "nama_zona": "Serongga", "diameter": null, "kondisi": "Baik", "merk": null, "lokasi": "Jl. Raya Pantai Lebih", "th_pasang": null, "elevasi": null, "tapping": "150", "notes": null, "foto": null, "tgl_input": "2025-02-13", "tgl_update": null, "no_aset": null, "fid": null, "context": "Ventile", "pelayanan": "Pelayanan Gianyar", "tgl_delete": null, "nama_dma": "1.13.1 DMA Serongga", "no_bap": null, "subsitem": null, "tgl_asbuilt": null, "id_verifikasi": null, "sumber_data": null, "history": null, "petugas_input": null, "latitude": "-8.562841342347193", "longitude": "115.33578967927701", "verifikator": "Dewa Ketut Arsana" }, "geometry": { "type": "Point", "coordinates": [ 115.335789679277013, -8.562841342347193 ] } },
{ "type": "Feature", "properties": { "id": 675, "kode_zona": null, "nama_zona": "Blangsinga", "diameter": null, "kondisi": "Baik", "merk": null, "lokasi": "Banjar Saba", "th_pasang": null, "elevasi": null, "tapping": "100", "notes": null, "foto": null, "tgl_input": "2025-06-18", "tgl_update": null, "no_aset": null, "fid": null, "context": "Ventile", "pelayanan": "Pelayanan Blahbatuh", "tgl_delete": null, "nama_dma": "4.2.4 DMA Saba", "no_bap": "0174\/BAP\/II\/III\/2025", "subsitem": null, "tgl_asbuilt": null, "id_verifikasi": null, "sumber_data": "BAP", "history": null, "petugas_input": null, "latitude": "-8.60266578429524", "longitude": "115.31175766877195", "verifikator": "I Gede Parwata" }, "geometry": { "type": "Point", "coordinates": [ 115.311757668771946, -8.60266578429524 ] } },
{ "type": "Feature", "properties": { "id": 645, "kode_zona": null, "nama_zona": "Kota Payangan", "diameter": null, "kondisi": "Baik", "merk": null, "lokasi": "Selatan Balai Banjar Badung", "th_pasang": null, "elevasi": null, "tapping": "200", "notes": null, "foto": null, "tgl_input": "2025-02-20", "tgl_update": null, "no_aset": null, "fid": null, "context": "Ventile", "pelayanan": "Pelayanan Payangan", "tgl_delete": null, "nama_dma": "7.4.4 DMA Melinggih", "no_bap": null, "subsitem": "DN 200", "tgl_asbuilt": null, "id_verifikasi": null, "sumber_data": null, "history": null, "petugas_input": null, "latitude": "-8.434144155602018", "longitude": "115.24348282901487", "verifikator": "I Nyoman Sumayasa" }, "geometry": { "type": "Point", "coordinates": [ 115.243482829014866, -8.434144155602018 ] } },
{ "type": "Feature", "properties": { "id": 646, "kode_zona": null, "nama_zona": "Kota Payangan", "diameter": null, "kondisi": "Baik", "merk": null, "lokasi": "Jl. Raya Payangan", "th_pasang": null, "elevasi": null, "tapping": "200", "notes": null, "foto": null, "tgl_input": "2025-02-20", "tgl_update": null, "no_aset": null, "fid": null, "context": "Ventile", "pelayanan": "Pelayanan Payangan", "tgl_delete": null, "nama_dma": "7.4.6 DMA Pengaji (BBT DN 200)", "no_bap": null, "subsitem": null, "tgl_asbuilt": null, "id_verifikasi": null, "sumber_data": null, "history": null, "petugas_input": null, "latitude": "-8.444489975618342", "longitude": "115.24283619662361", "verifikator": "I Nyoman Sumayasa" }, "geometry": { "type": "Point", "coordinates": [ 115.242836196623614, -8.444489975618342 ] } },
{ "type": "Feature", "properties": { "id": 653, "kode_zona": null, "nama_zona": "Petak Kaja Selatan", "diameter": null, "kondisi": "Baik", "merk": null, "lokasi": "Depan Koperasi Padpadan", "th_pasang": "2025", "elevasi": null, "tapping": "100", "notes": null, "foto": null, "tgl_input": "2025-03-10", "tgl_update": "2025-03-10", "no_aset": null, "fid": null, "context": "Ventile", "pelayanan": "Pelayanan Gianyar", "tgl_delete": null, "nama_dma": "1.2.1 DMA Padpadan", "no_bap": "0016\/BAP\/I\/III\/2025", "subsitem": null, "tgl_asbuilt": null, "id_verifikasi": null, "sumber_data": "BAP", "history": null, "petugas_input": null, "latitude": "-8.456007574828341", "longitude": "115.32016833430933", "verifikator": "I Made Sutika Semarajaya" }, "geometry": { "type": "Point", "coordinates": [ 115.320168334309329, -8.456007574828341 ] } },
{ "type": "Feature", "properties": { "id": 642, "kode_zona": null, "nama_zona": "Kota Gianyar", "diameter": null, "kondisi": "Baik", "merk": null, "lokasi": "Jl. Patih Jelantik", "th_pasang": null, "elevasi": null, "tapping": "200", "notes": null, "foto": null, "tgl_input": "2025-02-13", "tgl_update": null, "no_aset": null, "fid": null, "context": "Ventile", "pelayanan": "Pelayanan Gianyar", "tgl_delete": null, "nama_dma": "1.14.8 DMA Patih Jelatik", "no_bap": null, "subsitem": null, "tgl_asbuilt": null, "id_verifikasi": null, "sumber_data": null, "history": null, "petugas_input": null, "latitude": "-8.535952850751912", "longitude": "115.32969227860586", "verifikator": "Dewa Ketut Arsana" }, "geometry": { "type": "Point", "coordinates": [ 115.329692278605862, -8.535952850751912 ] } },
{ "type": "Feature", "properties": { "id": 643, "kode_zona": null, "nama_zona": "Kota Gianyar", "diameter": null, "kondisi": "Baik", "merk": null, "lokasi": "Jl. Patih Jelantik", "th_pasang": null, "elevasi": null, "tapping": "200", "notes": null, "foto": null, "tgl_input": "2025-02-13", "tgl_update": null, "no_aset": null, "fid": null, "context": "Ventile", "pelayanan": "Pelayanan Gianyar", "tgl_delete": null, "nama_dma": "1.14.8 DMA Patih Jelatik", "no_bap": null, "subsitem": null, "tgl_asbuilt": null, "id_verifikasi": null, "sumber_data": null, "history": null, "petugas_input": null, "latitude": "-8.536101906942068", "longitude": "115.32980109119569", "verifikator": "Dewa Ketut Arsana" }, "geometry": { "type": "Point", "coordinates": [ 115.329801091195691, -8.536101906942068 ] } },
{ "type": "Feature", "properties": { "id": 657, "kode_zona": null, "nama_zona": "Kedisan Timur", "diameter": null, "kondisi": "Baik", "merk": null, "lokasi": "MAP Bayad", "th_pasang": "2025", "elevasi": null, "tapping": "300", "notes": null, "foto": null, "tgl_input": "2025-03-19", "tgl_update": null, "no_aset": null, "fid": null, "context": "Ventile", "pelayanan": "Pelayanan Tegallalang", "tgl_delete": null, "nama_dma": "6.1.2 MAP Bayad I (Non DMA)", "no_bap": null, "subsitem": null, "tgl_asbuilt": null, "id_verifikasi": null, "sumber_data": null, "history": null, "petugas_input": null, "latitude": "-8.415545137582978", "longitude": "115.29964787816391", "verifikator": "I Wayan Suardana" }, "geometry": { "type": "Point", "coordinates": [ 115.29964787816391, -8.415545137582978 ] } },
{ "type": "Feature", "properties": { "id": 635, "kode_zona": null, "nama_zona": "Beng", "diameter": null, "kondisi": "Baik", "merk": null, "lokasi": "Transmisi Gitgit", "th_pasang": null, "elevasi": null, "tapping": "150", "notes": null, "foto": null, "tgl_input": "2025-01-31", "tgl_update": null, "no_aset": null, "fid": null, "context": "Ventile", "pelayanan": "Pelayanan Gianyar", "tgl_delete": null, "nama_dma": "1.6.6 DMA Beng Utara", "no_bap": "0142\/BAP\/I\/I\/2025", "subsitem": null, "tgl_asbuilt": null, "id_verifikasi": null, "sumber_data": "BAP", "history": null, "petugas_input": null, "latitude": "-8.52534809850845", "longitude": "115.33037474959413", "verifikator": "Dewa Ketut Arsana" }, "geometry": { "type": "Point", "coordinates": [ 115.330374749594128, -8.52534809850845 ] } },
{ "type": "Feature", "properties": { "id": 636, "kode_zona": null, "nama_zona": "Beng", "diameter": null, "kondisi": "Baik", "merk": null, "lokasi": "Transmisi Gitgit", "th_pasang": null, "elevasi": null, "tapping": "150", "notes": null, "foto": null, "tgl_input": "2025-01-31", "tgl_update": null, "no_aset": null, "fid": null, "context": "Ventile", "pelayanan": "Pelayanan Gianyar", "tgl_delete": null, "nama_dma": "1.6.6 DMA Beng Utara", "no_bap": "0142\/BAP\/I\/I\/2025", "subsitem": null, "tgl_asbuilt": null, "id_verifikasi": null, "sumber_data": "BAP", "history": null, "petugas_input": null, "latitude": "-8.52525727774762", "longitude": "115.33023257803907", "verifikator": "Dewa Ketut Arsana" }, "geometry": { "type": "Point", "coordinates": [ 115.330232578039073, -8.52525727774762 ] } },
{ "type": "Feature", "properties": { "id": 663, "kode_zona": null, "nama_zona": "Madangan", "diameter": null, "kondisi": "Baik", "merk": null, "lokasi": "Jl. Babakan-Petak Kaja", "th_pasang": null, "elevasi": null, "tapping": null, "notes": null, "foto": null, "tgl_input": "2025-04-09", "tgl_update": null, "no_aset": null, "fid": null, "context": "Ventile", "pelayanan": "Pelayanan Gianyar", "tgl_delete": null, "nama_dma": "1.3.1 DMA Kabetan", "no_bap": null, "subsitem": null, "tgl_asbuilt": null, "id_verifikasi": null, "sumber_data": null, "history": null, "petugas_input": null, "latitude": "-8.500498080402066", "longitude": "115.32203592012513", "verifikator": "I Made Sutika Semarajaya" }, "geometry": { "type": "Point", "coordinates": [ 115.322035920125131, -8.500498080402066 ] } },
{ "type": "Feature", "properties": { "id": 640, "kode_zona": null, "nama_zona": "Kota Gianyar", "diameter": null, "kondisi": "Baik", "merk": null, "lokasi": "Depan Notaris", "th_pasang": null, "elevasi": null, "tapping": "200", "notes": null, "foto": null, "tgl_input": "2025-02-13", "tgl_update": null, "no_aset": null, "fid": null, "context": "Ventile", "pelayanan": "Pelayanan Gianyar", "tgl_delete": null, "nama_dma": "1.14.8 DMA Patih Jelatik", "no_bap": null, "subsitem": null, "tgl_asbuilt": null, "id_verifikasi": null, "sumber_data": null, "history": null, "petugas_input": null, "latitude": "-8.536092764024772", "longitude": "115.32402380231233", "verifikator": "Dewa Ketut Arsana" }, "geometry": { "type": "Point", "coordinates": [ 115.324023802312325, -8.536092764024772 ] } },
{ "type": "Feature", "properties": { "id": 641, "kode_zona": null, "nama_zona": "Kota Gianyar", "diameter": null, "kondisi": "Baik", "merk": null, "lokasi": "Depan SD 7 Gianyar", "th_pasang": null, "elevasi": null, "tapping": "200", "notes": null, "foto": null, "tgl_input": "2025-02-13", "tgl_update": null, "no_aset": null, "fid": null, "context": "Ventile", "pelayanan": "Pelayanan Gianyar", "tgl_delete": null, "nama_dma": "1.14.8 DMA Patih Jelatik", "no_bap": null, "subsitem": null, "tgl_asbuilt": null, "id_verifikasi": null, "sumber_data": null, "history": null, "petugas_input": null, "latitude": "-8.535816032356493", "longitude": "115.32852585021297", "verifikator": "Dewa Ketut Arsana" }, "geometry": { "type": "Point", "coordinates": [ 115.328525850212969, -8.535816032356493 ] } },
{ "type": "Feature", "properties": { "id": 669, "kode_zona": null, "nama_zona": "Sumita", "diameter": 75.0, "kondisi": "Baik", "merk": null, "lokasi": "Jl. Sumita", "th_pasang": null, "elevasi": null, "tapping": null, "notes": null, "foto": null, "tgl_input": "2025-04-29", "tgl_update": null, "no_aset": null, "fid": null, "context": "Ventile", "pelayanan": "Pelayanan Gianyar", "tgl_delete": null, "nama_dma": "1.4.2 DMA Siih", "no_bap": null, "subsitem": null, "tgl_asbuilt": null, "id_verifikasi": null, "sumber_data": null, "history": null, "petugas_input": null, "latitude": "-8.476533338050606", "longitude": "115.30831519383194", "verifikator": "I Made Sutika Semarajaya" }, "geometry": { "type": "Point", "coordinates": [ 115.308315193831945, -8.476533338050606 ] } },
{ "type": "Feature", "properties": { "id": 654, "kode_zona": null, "nama_zona": "Kedisan Timur", "diameter": null, "kondisi": "Baik", "merk": null, "lokasi": "MAP Bayad", "th_pasang": "2025", "elevasi": null, "tapping": "150", "notes": null, "foto": null, "tgl_input": "2025-03-19", "tgl_update": null, "no_aset": null, "fid": null, "context": "Ventile", "pelayanan": "Pelayanan Tegallalang", "tgl_delete": null, "nama_dma": "6.1.2 MAP Bayad I (Non DMA)", "no_bap": null, "subsitem": null, "tgl_asbuilt": null, "id_verifikasi": null, "sumber_data": null, "history": null, "petugas_input": null, "latitude": "-8.415413125263617", "longitude": "115.29969946451641", "verifikator": "I Wayan Suardana" }, "geometry": { "type": "Point", "coordinates": [ 115.299699464516408, -8.415413125263617 ] } },
{ "type": "Feature", "properties": { "id": 650, "kode_zona": null, "nama_zona": "Kerta", "diameter": null, "kondisi": "Baik", "merk": null, "lokasi": "Utara Balai Banjar Marga Tengah", "th_pasang": null, "elevasi": null, "tapping": "75", "notes": null, "foto": null, "tgl_input": "2025-02-21", "tgl_update": null, "no_aset": null, "fid": null, "context": "Ventile", "pelayanan": "Pelayanan Payangan", "tgl_delete": null, "nama_dma": "7.1.2 DMA Kerta Barat", "no_bap": null, "subsitem": null, "tgl_asbuilt": null, "id_verifikasi": null, "sumber_data": null, "history": null, "petugas_input": null, "latitude": "-8.32237248885599", "longitude": "115.28445912277732", "verifikator": "I Made Darsana" }, "geometry": { "type": "Point", "coordinates": [ 115.284459122777321, -8.32237248885599 ] } },
{ "type": "Feature", "properties": { "id": 651, "kode_zona": null, "nama_zona": "Puhu", "diameter": null, "kondisi": "Baik", "merk": null, "lokasi": "Pertigaan Banjar Lebah", "th_pasang": null, "elevasi": null, "tapping": "100", "notes": null, "foto": null, "tgl_input": "2025-02-21", "tgl_update": null, "no_aset": null, "fid": null, "context": "Ventile", "pelayanan": "Pelayanan Payangan", "tgl_delete": null, "nama_dma": "7.2.2 DMA Subilang", "no_bap": null, "subsitem": null, "tgl_asbuilt": null, "id_verifikasi": null, "sumber_data": null, "history": null, "petugas_input": null, "latitude": "-8.404756044487467", "longitude": "115.26002550673667", "verifikator": "I Made Darsana" }, "geometry": { "type": "Point", "coordinates": [ 115.260025506736667, -8.404756044487467 ] } },
{ "type": "Feature", "properties": { "id": 674, "kode_zona": null, "nama_zona": "Kota Payangan", "diameter": null, "kondisi": "Baik", "merk": null, "lokasi": "MAP Air Jeruk", "th_pasang": null, "elevasi": null, "tapping": "150", "notes": null, "foto": null, "tgl_input": "2025-05-28", "tgl_update": null, "no_aset": null, "fid": null, "context": "Ventile", "pelayanan": "Pelayanan Payangan", "tgl_delete": null, "nama_dma": "7.4.1 DMA Giri Kusuma", "no_bap": "0034\/BAP\/IV\/V\/2025", "subsitem": null, "tgl_asbuilt": null, "id_verifikasi": null, "sumber_data": null, "history": null, "petugas_input": null, "latitude": "-8.414801616913685", "longitude": "115.24220960640169", "verifikator": "I Nyoman Sumayasa" }, "geometry": { "type": "Point", "coordinates": [ 115.242209606401687, -8.414801616913685 ] } },
{ "type": "Feature", "properties": { "id": 681, "kode_zona": null, "nama_zona": "Singapadu", "diameter": null, "kondisi": "Baik", "merk": null, "lokasi": "Jl. Selat", "th_pasang": null, "elevasi": null, "tapping": null, "notes": null, "foto": null, "tgl_input": "2025-06-18", "tgl_update": null, "no_aset": null, "fid": null, "context": "Ventile", "pelayanan": "Pelayanan Sukawati", "tgl_delete": null, "nama_dma": "2.1.2 DMA Kengetan Timur 6", "no_bap": "0136\/BAP\/VI\/VI\/2025", "subsitem": null, "tgl_asbuilt": null, "id_verifikasi": null, "sumber_data": "BAP", "history": null, "petugas_input": null, "latitude": "-8.592803061275706", "longitude": "115.2669550667418", "verifikator": "I Kadek Heriawan" }, "geometry": { "type": "Point", "coordinates": [ 115.266955066741801, -8.592803061275706 ] } },
{ "type": "Feature", "properties": { "id": 683, "kode_zona": null, "nama_zona": "Bedulu", "diameter": null, "kondisi": "Baik", "merk": null, "lokasi": "Banjar Mas", "th_pasang": null, "elevasi": null, "tapping": null, "notes": null, "foto": null, "tgl_input": "2025-07-17", "tgl_update": null, "no_aset": null, "fid": null, "context": "Ventile", "pelayanan": "Pelayanan Blahbatuh", "tgl_delete": null, "nama_dma": "4.7.1 DMA Wanayu", "no_bap": null, "subsitem": null, "tgl_asbuilt": null, "id_verifikasi": null, "sumber_data": null, "history": null, "petugas_input": null, "latitude": "-8.527609981058184", "longitude": "115.29952245880534", "verifikator": "I Gede Parwata" }, "geometry": { "type": "Point", "coordinates": [ 115.299522458805342, -8.527609981058184 ] } },
{ "type": "Feature", "properties": { "id": 680, "kode_zona": null, "nama_zona": "Kedewatan", "diameter": null, "kondisi": "Baik", "merk": null, "lokasi": "Jl. Raya Penestanan", "th_pasang": null, "elevasi": null, "tapping": "100", "notes": null, "foto": null, "tgl_input": "2025-06-18", "tgl_update": null, "no_aset": null, "fid": null, "context": "Ventile", "pelayanan": "Pelayanan Ubud", "tgl_delete": null, "nama_dma": "5.1.5 DMA Penestanan", "no_bap": "0089\/BAP\/III\/VI\/2025", "subsitem": null, "tgl_asbuilt": null, "id_verifikasi": null, "sumber_data": "BAP", "history": null, "petugas_input": null, "latitude": "-8.506177747348538", "longitude": "115.25225362380462", "verifikator": "I Wayan Eka Putrayasa" }, "geometry": { "type": "Point", "coordinates": [ 115.25225362380462, -8.506177747348538 ] } },
{ "type": "Feature", "properties": { "id": 682, "kode_zona": null, "nama_zona": "Mancawarna", "diameter": null, "kondisi": "Baik", "merk": null, "lokasi": "Banjar Umadawa", "th_pasang": null, "elevasi": null, "tapping": "50", "notes": null, "foto": null, "tgl_input": "2025-06-30", "tgl_update": null, "no_aset": null, "fid": null, "context": "Ventile", "pelayanan": "Pelayanan Tampaksiring", "tgl_delete": null, "nama_dma": "3.3.5 DMA Cagaan", "no_bap": null, "subsitem": null, "tgl_asbuilt": null, "id_verifikasi": null, "sumber_data": "Nyoman Suarta", "history": null, "petugas_input": null, "latitude": "-8.495257418055646", "longitude": "115.29749505793087", "verifikator": "Dewa Gede Agus Saputra" }, "geometry": { "type": "Point", "coordinates": [ 115.297495057930874, -8.495257418055646 ] } },
{ "type": "Feature", "properties": { "id": 678, "kode_zona": null, "nama_zona": "Manukaya", "diameter": null, "kondisi": "Baik", "merk": null, "lokasi": "Utara Balai Banjar Keranjangan", "th_pasang": "2025", "elevasi": null, "tapping": "75", "notes": null, "foto": null, "tgl_input": "2025-06-18", "tgl_update": null, "no_aset": null, "fid": null, "context": "Ventile", "pelayanan": "Pelayanan Tampaksiring", "tgl_delete": null, "nama_dma": "3.1.3 DMA Temen", "no_bap": "0082\/BAP\/VII\/VI\/2025", "subsitem": null, "tgl_asbuilt": null, "id_verifikasi": null, "sumber_data": "BAP", "history": null, "petugas_input": null, "latitude": "-8.395694593451251", "longitude": "115.32882104052624", "verifikator": "Dewa Gede Agus Saputra" }, "geometry": { "type": "Point", "coordinates": [ 115.328821040526236, -8.395694593451251 ] } },
{ "type": "Feature", "properties": { "id": 677, "kode_zona": null, "nama_zona": "Manukaya", "diameter": null, "kondisi": "Baik", "merk": null, "lokasi": "Banjar Temen", "th_pasang": "2025", "elevasi": null, "tapping": "75", "notes": null, "foto": null, "tgl_input": "2025-06-18", "tgl_update": null, "no_aset": null, "fid": null, "context": "Ventile", "pelayanan": "Pelayanan Tampaksiring", "tgl_delete": null, "nama_dma": "3.1.3 DMA Temen", "no_bap": "0081\/BAP\/VII\/VI\/2025", "subsitem": null, "tgl_asbuilt": null, "id_verifikasi": null, "sumber_data": "BAP", "history": null, "petugas_input": null, "latitude": "-8.39103198085048", "longitude": "115.33249391093243", "verifikator": "Dewa Gede Agus Saputra" }, "geometry": { "type": "Point", "coordinates": [ 115.332493910932428, -8.39103198085048 ] } },
{ "type": "Feature", "properties": { "id": 679, "kode_zona": null, "nama_zona": "Kota Tegallalang", "diameter": null, "kondisi": "Baik", "merk": null, "lokasi": "Jl. Raya Tegallalang", "th_pasang": null, "elevasi": null, "tapping": null, "notes": null, "foto": null, "tgl_input": "2025-06-18", "tgl_update": null, "no_aset": null, "fid": null, "context": "Ventile", "pelayanan": "Pelayanan Tegallalang", "tgl_delete": null, "nama_dma": "6.3.2 DMA Tangkup", "no_bap": "0033\/BAP\/V\/VI\/2025", "subsitem": null, "tgl_asbuilt": null, "id_verifikasi": null, "sumber_data": "BAP", "history": null, "petugas_input": null, "latitude": "-8.444259973645112", "longitude": "115.28069822438344", "verifikator": "I Wayan Sujarwa" }, "geometry": { "type": "Point", "coordinates": [ 115.280698224383443, -8.444259973645112 ] } }
]
}
