{
"type": "FeatureCollection",
"name": "wo",
"crs": { "type": "name", "properties": { "name": "urn:ogc:def:crs:OGC:1.3:CRS84" } },
"features": [
{ "type": "Feature", "properties": { "id": 183, "nama_zona": "Kedisan Timur", "pelayanan": "Pelayanan Tegallalang", "diameter": 75.0, "kondisi": "Baik", "merk": null, "lokasi": "WO Utara Villa Kosong", "posisi": null, "th_pasang": null, "elevasi": null, "putaran": null, "notes": null, "status": null, "foto": null, "tgl_input": "2025-10-14", "tgl_update": null, "no_aset": null, "context": null, "tgl_delete": null, "nama_dma": null, "no_bap": null, "subsistem": null, "tgl_asbuilt": null, "id_verifikasi": null, "sumber_data": null, "history": null, "petugas_input": null, "latitude": null, "longitude": null, "verifikator": null }, "geometry": { "type": "Point", "coordinates": [ 115.287341317224033, -8.460824697788356 ] } },
{ "type": "Feature", "properties": { "id": 1, "nama_zona": "Ubud Utara", "pelayanan": "Pelayanan Ubud", "diameter": 50.0, "kondisi": "Baik", "merk": null, "lokasi": "Br.Kutuh rurung dangin", "posisi": null, "th_pasang": null, "elevasi": null, "putaran": null, "notes": null, "status": 0.0, "foto": null, "tgl_input": null, "tgl_update": null, "no_aset": null, "context": "Wash Out", "tgl_delete": null, "nama_dma": "5.4.4 DMA Tegallantang", "no_bap": null, "subsistem": null, "tgl_asbuilt": null, "id_verifikasi": null, "sumber_data": null, "history": null, "petugas_input": null, "latitude": "-8.508525634077952", "longitude": "115.26650149451301", "verifikator": "I Wayan Artawan" }, "geometry": { "type": "Point", "coordinates": [ 115.266501494513008, -8.508525634077952 ] } },
{ "type": "Feature", "properties": { "id": 2, "nama_zona": "Bukit Jati", "pelayanan": "Pelayanan Gianyar", "diameter": 50.0, "kondisi": "Baik", "merk": null, "lokasi": "Banjar Samplangan", "posisi": null, "th_pasang": null, "elevasi": null, "putaran": null, "notes": null, "status": null, "foto": null, "tgl_input": "2022-07-27", "tgl_update": "2022-07-27", "no_aset": null, "context": "Wash Out", "tgl_delete": null, "nama_dma": "1.11.2 DMA Res. Bukit Jati", "no_bap": null, "subsistem": null, "tgl_asbuilt": null, "id_verifikasi": null, "sumber_data": null, "history": null, "petugas_input": null, "latitude": "-8.538367203308526", "longitude": "115.33912033884893", "verifikator": "I Wayan Degug" }, "geometry": { "type": "Point", "coordinates": [ 115.339120338848929, -8.538367203308526 ] } },
{ "type": "Feature", "properties": { "id": 4, "nama_zona": "Kota Gianyar", "pelayanan": "Pelayanan Gianyar", "diameter": 50.0, "kondisi": "Baik", "merk": "DKY", "lokasi": "Selatan Villa Pak Bupati", "posisi": null, "th_pasang": "2022", "elevasi": null, "putaran": "TF", "notes": null, "status": null, "foto": null, "tgl_input": "2022-08-08", "tgl_update": "2025-01-31", "no_aset": null, "context": "Wash Out", "tgl_delete": null, "nama_dma": "1.14.2 DMA Bitra II", "no_bap": null, "subsistem": null, "tgl_asbuilt": null, "id_verifikasi": null, "sumber_data": null, "history": "2025-01-31 Memperbaiki data nama_dma disesuaikan dengan posisi DMA area atau poligon DMA menjadi 1.14.2 DMA Bitra II", "petugas_input": null, "latitude": "-8.542743970028528", "longitude": "115.31276988759146", "verifikator": "Dewa Ketut Arsana" }, "geometry": { "type": "Point", "coordinates": [ 115.312769887591458, -8.542743970028528 ] } },
{ "type": "Feature", "properties": { "id": 40, "nama_zona": "Singapadu", "pelayanan": "Pelayanan Sukawati", "diameter": 75.0, "kondisi": "Baik", "merk": null, "lokasi": "Selatan Balai Banjar Kederi", "posisi": null, "th_pasang": null, "elevasi": null, "putaran": null, "notes": null, "status": 0.0, "foto": null, "tgl_input": null, "tgl_update": "2024-11-30", "no_aset": null, "context": "Wash Out", "tgl_delete": null, "nama_dma": "2.1.1 DMA Kengetan Barat 4", "no_bap": null, "subsistem": null, "tgl_asbuilt": null, "id_verifikasi": null, "sumber_data": null, "history": "2024-11-30 Update Nama DMA 2.1.1 DMA Kengetan Barat 4", "petugas_input": null, "latitude": "-8.56521849422258", "longitude": "115.25255580947082", "verifikator": "I Kadek Heriawan" }, "geometry": { "type": "Point", "coordinates": [ 115.25255580947082, -8.565218494222581 ] } },
{ "type": "Feature", "properties": { "id": 6, "nama_zona": "Tarukan", "pelayanan": "Pelayanan Tampaksiring", "diameter": 75.0, "kondisi": "Baik", "merk": null, "lokasi": "Perbatasan Dkh kangin-Dkh Kawan", "posisi": "Tf", "th_pasang": null, "elevasi": 0.0, "putaran": null, "notes": null, "status": 1.0, "foto": null, "tgl_input": null, "tgl_update": null, "no_aset": null, "context": "Wash Out", "tgl_delete": null, "nama_dma": "3.5.4 DMA Tatiapi", "no_bap": null, "subsistem": null, "tgl_asbuilt": null, "id_verifikasi": null, "sumber_data": null, "history": null, "petugas_input": null, "latitude": "-8.515576430690421", "longitude": "115.28430874456886", "verifikator": "I Nyoman Suarta, S.E." }, "geometry": { "type": "Point", "coordinates": [ 115.284308744568861, -8.515576430690421 ] } },
{ "type": "Feature", "properties": { "id": 83, "nama_zona": "Keramas", "pelayanan": "Pelayanan Blahbatuh", "diameter": 50.0, "kondisi": "Baik", "merk": null, "lokasi": "Jl. Palak Lagi", "posisi": null, "th_pasang": null, "elevasi": null, "putaran": null, "notes": null, "status": 0.0, "foto": null, "tgl_input": null, "tgl_update": null, "no_aset": null, "context": "Wash Out", "tgl_delete": null, "nama_dma": "4.4.2 DMA Gaga", "no_bap": null, "subsistem": null, "tgl_asbuilt": null, "id_verifikasi": null, "sumber_data": null, "history": null, "petugas_input": null, "latitude": "-8.576070973229001", "longitude": "115.32118295643576", "verifikator": "I Gede Parwata" }, "geometry": { "type": "Point", "coordinates": [ 115.321182956435763, -8.576070973229001 ] } },
{ "type": "Feature", "properties": { "id": 7, "nama_zona": "Kedewatan", "pelayanan": "Pelayanan Ubud", "diameter": 0.0, "kondisi": "Baik", "merk": null, "lokasi": "Jl. Raya Penestanan Kelod", "posisi": null, "th_pasang": null, "elevasi": 0.0, "putaran": null, "notes": null, "status": 1.0, "foto": null, "tgl_input": null, "tgl_update": null, "no_aset": null, "context": "Wash Out", "tgl_delete": null, "nama_dma": "5.1.5 DMA Penestanan", "no_bap": null, "subsistem": null, "tgl_asbuilt": null, "id_verifikasi": null, "sumber_data": null, "history": null, "petugas_input": null, "latitude": "-8.50652233324138", "longitude": "115.24915035929091", "verifikator": "I Wayan Eka Putra Yasa" }, "geometry": { "type": "Point", "coordinates": [ 115.249150359290908, -8.50652233324138 ] } },
{ "type": "Feature", "properties": { "id": 43, "nama_zona": "Batubulan Kangin", "pelayanan": "Pelayanan Sukawati", "diameter": 100.0, "kondisi": "Baik", "merk": null, "lokasi": "Barat Balai Banjar Puseh", "posisi": null, "th_pasang": null, "elevasi": null, "putaran": null, "notes": null, "status": 0.0, "foto": null, "tgl_input": null, "tgl_update": null, "no_aset": null, "context": "Wash Out", "tgl_delete": null, "nama_dma": "2.3.2 DMA Puseh", "no_bap": null, "subsistem": null, "tgl_asbuilt": null, "id_verifikasi": null, "sumber_data": null, "history": null, "petugas_input": null, "latitude": "-8.617498973093268", "longitude": "115.27156870680503", "verifikator": "I Kadek Heriawan" }, "geometry": { "type": "Point", "coordinates": [ 115.271568706805027, -8.617498973093268 ] } },
{ "type": "Feature", "properties": { "id": 60, "nama_zona": "Batubulan", "pelayanan": "Pelayanan Sukawati", "diameter": 150.0, "kondisi": "Baik", "merk": null, "lokasi": "Jl. Raya Celuk", "posisi": null, "th_pasang": null, "elevasi": null, "putaran": null, "notes": null, "status": 0.0, "foto": null, "tgl_input": null, "tgl_update": "2024-04-30", "no_aset": null, "context": "Wash Out", "tgl_delete": null, "nama_dma": "2.2.1 DMA Tegal Tamu 8 dan Seraya", "no_bap": null, "subsistem": null, "tgl_asbuilt": null, "id_verifikasi": null, "sumber_data": null, "history": "2024-04-30 Update Nama DMA 2.2.1 DMA Tegal Tamu 8 dan Seraya", "petugas_input": null, "latitude": "-8.600124715964395", "longitude": "115.267675594283", "verifikator": "I Kadek Heriawan" }, "geometry": { "type": "Point", "coordinates": [ 115.267675594283006, -8.600124715964395 ] } },
{ "type": "Feature", "properties": { "id": 84, "nama_zona": "Keramas", "pelayanan": "Pelayanan Blahbatuh", "diameter": 40.0, "kondisi": "Baik", "merk": null, "lokasi": "Timur Br. Lebah", "posisi": null, "th_pasang": null, "elevasi": null, "putaran": null, "notes": null, "status": 0.0, "foto": null, "tgl_input": null, "tgl_update": null, "no_aset": null, "context": "Wash Out", "tgl_delete": null, "nama_dma": "4.4.1 DMA Maspahit (suplai SB Keramas)", "no_bap": null, "subsistem": null, "tgl_asbuilt": null, "id_verifikasi": null, "sumber_data": null, "history": null, "petugas_input": null, "latitude": "-8.578000630142613", "longitude": "115.32854742237802", "verifikator": "I Gede Parwata" }, "geometry": { "type": "Point", "coordinates": [ 115.328547422378023, -8.578000630142613 ] } },
{ "type": "Feature", "properties": { "id": 90, "nama_zona": "Kedewatan", "pelayanan": "Pelayanan Ubud", "diameter": 150.0, "kondisi": "Baik", "merk": null, "lokasi": "Jl. Raya Kedewatan", "posisi": null, "th_pasang": null, "elevasi": 0.0, "putaran": null, "notes": null, "status": 1.0, "foto": null, "tgl_input": null, "tgl_update": null, "no_aset": null, "context": "Wash Out", "tgl_delete": null, "nama_dma": "5.1.4 DMA Kedewatan", "no_bap": null, "subsistem": null, "tgl_asbuilt": null, "id_verifikasi": null, "sumber_data": null, "history": null, "petugas_input": null, "latitude": "-8.49068195616145", "longitude": "115.24588025050365", "verifikator": "I Wayan Eka Putra Yasa" }, "geometry": { "type": "Point", "coordinates": [ 115.245880250503646, -8.490681956161451 ] } },
{ "type": "Feature", "properties": { "id": 92, "nama_zona": "Kedewatan", "pelayanan": "Pelayanan Ubud", "diameter": 75.0, "kondisi": "Baik", "merk": null, "lokasi": "Barat Balai Banjar Payogan", "posisi": null, "th_pasang": null, "elevasi": 0.0, "putaran": null, "notes": null, "status": 1.0, "foto": null, "tgl_input": null, "tgl_update": null, "no_aset": null, "context": "Wash Out", "tgl_delete": null, "nama_dma": "5.1.3 DMA Payogan", "no_bap": null, "subsistem": null, "tgl_asbuilt": null, "id_verifikasi": null, "sumber_data": null, "history": null, "petugas_input": null, "latitude": "-8.480654421737537", "longitude": "115.25017277686663", "verifikator": "I Wayan Eka Putra Yasa" }, "geometry": { "type": "Point", "coordinates": [ 115.250172776866634, -8.480654421737537 ] } },
{ "type": "Feature", "properties": { "id": 71, "nama_zona": "Batubulan Kangin", "pelayanan": "Pelayanan Sukawati", "diameter": 100.0, "kondisi": "Baik", "merk": null, "lokasi": "Banjar Akta", "posisi": null, "th_pasang": null, "elevasi": null, "putaran": null, "notes": null, "status": 0.0, "foto": null, "tgl_input": null, "tgl_update": null, "no_aset": null, "context": "Wash Out", "tgl_delete": null, "nama_dma": "2.3.3 DMA Petanu Ketewel", "no_bap": null, "subsistem": null, "tgl_asbuilt": null, "id_verifikasi": null, "sumber_data": null, "history": null, "petugas_input": null, "latitude": "-8.640632205343733", "longitude": "115.27095668589725", "verifikator": "I Kadek Heriawan" }, "geometry": { "type": "Point", "coordinates": [ 115.270956685897247, -8.640632205343733 ] } },
{ "type": "Feature", "properties": { "id": 11, "nama_zona": "Kota Payangan", "pelayanan": "Pelayanan Payangan", "diameter": 150.0, "kondisi": "Baik", "merk": null, "lokasi": "Depan GYM Spartan Melinggih", "posisi": null, "th_pasang": null, "elevasi": 0.0, "putaran": null, "notes": null, "status": 1.0, "foto": null, "tgl_input": null, "tgl_update": "2025-02-20", "no_aset": 1.0, "context": "Wash Out", "tgl_delete": "2025-02-20", "nama_dma": "7.4.1 DMA Giri Kusuma", "no_bap": null, "subsistem": null, "tgl_asbuilt": null, "id_verifikasi": null, "sumber_data": null, "history": "Dicabut 2024", "petugas_input": null, "latitude": "-8.423973684860863", "longitude": "115.24491832097694", "verifikator": "I Nyoman Sumayasa" }, "geometry": { "type": "Point", "coordinates": [ 115.244918320976936, -8.423973684860863 ] } },
{ "type": "Feature", "properties": { "id": 115, "nama_zona": "Bedulu", "pelayanan": "Pelayanan Blahbatuh", "diameter": null, "kondisi": "Baik", "merk": null, "lokasi": "Utara Balai Banjar Tengah", "posisi": null, "th_pasang": null, "elevasi": null, "putaran": null, "notes": null, "status": null, "foto": null, "tgl_input": "2022-06-02", "tgl_update": "2022-06-02", "no_aset": 1.0, "context": "Wash Out", "tgl_delete": null, "nama_dma": "4.7.2 DMA Goa", "no_bap": null, "subsistem": null, "tgl_asbuilt": null, "id_verifikasi": null, "sumber_data": null, "history": null, "petugas_input": null, "latitude": "-8.528231865449715", "longitude": "115.29147150552838", "verifikator": "I Gede Parwata" }, "geometry": { "type": "Point", "coordinates": [ 115.291471505528378, -8.528231865449715 ] } },
{ "type": "Feature", "properties": { "id": 116, "nama_zona": "Kelusa", "pelayanan": "Pelayanan Payangan", "diameter": 50.0, "kondisi": "Baik", "merk": null, "lokasi": "Timur Br Peliatan", "posisi": null, "th_pasang": null, "elevasi": null, "putaran": null, "notes": null, "status": null, "foto": null, "tgl_input": "2022-06-15", "tgl_update": "2024-04-19", "no_aset": 2.0, "context": "Wash Out", "tgl_delete": null, "nama_dma": "7.5.1 DMA Yangapi", "no_bap": null, "subsistem": null, "tgl_asbuilt": null, "id_verifikasi": null, "sumber_data": null, "history": null, "petugas_input": null, "latitude": "-8.442135448393083", "longitude": "115.2595575376525", "verifikator": "I Nyoman Sumayasa" }, "geometry": { "type": "Point", "coordinates": [ 115.259557537652498, -8.442135448393083 ] } },
{ "type": "Feature", "properties": { "id": 117, "nama_zona": "Kelusa", "pelayanan": "Pelayanan Payangan", "diameter": 75.0, "kondisi": "Baik", "merk": null, "lokasi": "Utara PuraDalem Keliki Kawan", "posisi": null, "th_pasang": null, "elevasi": null, "putaran": null, "notes": null, "status": null, "foto": null, "tgl_input": "2022-06-16", "tgl_update": "2024-04-19", "no_aset": 4.0, "context": "Wash Out", "tgl_delete": null, "nama_dma": "7.5.2 DMA Keliki Kawan", "no_bap": null, "subsistem": null, "tgl_asbuilt": null, "id_verifikasi": null, "sumber_data": null, "history": null, "petugas_input": null, "latitude": "-8.453476216950882", "longitude": "115.25664300071207", "verifikator": "I Nyoman Sumayasa" }, "geometry": { "type": "Point", "coordinates": [ 115.256643000712074, -8.453476216950882 ] } },
{ "type": "Feature", "properties": { "id": 3, "nama_zona": "Kota Gianyar", "pelayanan": "Pelayanan Gianyar", "diameter": 50.0, "kondisi": "Baik", "merk": "DKY", "lokasi": "Ujung Aspal", "posisi": null, "th_pasang": "2022", "elevasi": null, "putaran": "TF", "notes": null, "status": null, "foto": null, "tgl_input": "2022-08-08", "tgl_update": "2025-01-31", "no_aset": null, "context": "Wash Out", "tgl_delete": null, "nama_dma": "1.14.2 DMA Bitra II", "no_bap": null, "subsistem": null, "tgl_asbuilt": null, "id_verifikasi": null, "sumber_data": null, "history": "2025-01-31 Memperbaiki data nama_dma disesuaikan dengan posisi DMA area atau poligon DMA menjadi 1.14.2 DMA Bitra II", "petugas_input": null, "latitude": "-8.53988531426912", "longitude": "115.31268170303565", "verifikator": "Dewa Ketut Arsana" }, "geometry": { "type": "Point", "coordinates": [ 115.312681703035651, -8.539885314269119 ] } },
{ "type": "Feature", "properties": { "id": 5, "nama_zona": "Kota Blahbatuh", "pelayanan": "Pelayanan Blahbatuh", "diameter": 100.0, "kondisi": "Baik", "merk": null, "lokasi": "Timur SPBU", "posisi": "TF", "th_pasang": null, "elevasi": 94.0, "putaran": null, "notes": null, "status": 1.0, "foto": null, "tgl_input": null, "tgl_update": null, "no_aset": null, "context": "Wash Out", "tgl_delete": null, "nama_dma": "4.1.5 DMA Pande", "no_bap": null, "subsistem": null, "tgl_asbuilt": null, "id_verifikasi": null, "sumber_data": null, "history": null, "petugas_input": null, "latitude": "-8.566010804818179", "longitude": "115.305328994131", "verifikator": "Gilang Mada Awiyat" }, "geometry": { "type": "Point", "coordinates": [ 115.305328994131003, -8.566010804818179 ] } },
{ "type": "Feature", "properties": { "id": 8, "nama_zona": "Mancawarna", "pelayanan": "Pelayanan Tampaksiring", "diameter": null, "kondisi": "Baik", "merk": null, "lokasi": "Banjar Umadawa", "posisi": null, "th_pasang": null, "elevasi": 0.0, "putaran": null, "notes": null, "status": 1.0, "foto": null, "tgl_input": null, "tgl_update": null, "no_aset": null, "context": "Wash Out", "tgl_delete": null, "nama_dma": "3.3.5 DMA Cagaan", "no_bap": null, "subsistem": null, "tgl_asbuilt": null, "id_verifikasi": null, "sumber_data": null, "history": null, "petugas_input": null, "latitude": "-8.499210059966563", "longitude": "115.29699889817522", "verifikator": "Dewa Gede Agus Saputra" }, "geometry": { "type": "Point", "coordinates": [ 115.296998898175218, -8.499210059966563 ] } },
{ "type": "Feature", "properties": { "id": 9, "nama_zona": "Ubud Utara", "pelayanan": "Pelayanan Ubud", "diameter": 50.0, "kondisi": "Baik", "merk": null, "lokasi": "Jln Sriwedari", "posisi": null, "th_pasang": null, "elevasi": null, "putaran": null, "notes": null, "status": 0.0, "foto": null, "tgl_input": null, "tgl_update": null, "no_aset": null, "context": "Wash Out", "tgl_delete": null, "nama_dma": "5.4.4 DMA Tegallantang", "no_bap": null, "subsistem": null, "tgl_asbuilt": null, "id_verifikasi": null, "sumber_data": null, "history": null, "petugas_input": null, "latitude": "-8.508419444318696", "longitude": "115.26609329682191", "verifikator": "I Wayan Artawan" }, "geometry": { "type": "Point", "coordinates": [ 115.266093296821907, -8.508419444318696 ] } },
{ "type": "Feature", "properties": { "id": 12, "nama_zona": "Kota Payangan", "pelayanan": "Pelayanan Payangan", "diameter": 100.0, "kondisi": "Baik", "merk": null, "lokasi": "Jembatan  Depan Pura Dalem Melinggih", "posisi": null, "th_pasang": null, "elevasi": 0.0, "putaran": null, "notes": null, "status": 1.0, "foto": null, "tgl_input": null, "tgl_update": "2022-08-03", "no_aset": 2.0, "context": "Wash Out", "tgl_delete": null, "nama_dma": "7.4.3 DMA Melinggih Timur (Ulapan)", "no_bap": null, "subsistem": null, "tgl_asbuilt": null, "id_verifikasi": null, "sumber_data": null, "history": null, "petugas_input": null, "latitude": "-8.427760726245994", "longitude": "115.24878362626195", "verifikator": "I Nyoman Sumayasa" }, "geometry": { "type": "Point", "coordinates": [ 115.248783626261954, -8.427760726245994 ] } },
{ "type": "Feature", "properties": { "id": 91, "nama_zona": "Kedewatan", "pelayanan": "Pelayanan Ubud", "diameter": 100.0, "kondisi": "Baik", "merk": null, "lokasi": "Jl. Raya Sanggingan", "posisi": null, "th_pasang": null, "elevasi": 0.0, "putaran": null, "notes": null, "status": 1.0, "foto": null, "tgl_input": null, "tgl_update": null, "no_aset": null, "context": "Wash Out", "tgl_delete": "2025-04-16", "nama_dma": "5.1.4 DMA Kedewatan", "no_bap": null, "subsistem": null, "tgl_asbuilt": null, "id_verifikasi": null, "sumber_data": null, "history": "2025-01-31 Memperbaiki data nama_dma disesuaikan dengan posisi DMA area atau poligon DMA menjadi 5.1.4 DMA Kedewatan", "petugas_input": null, "latitude": "-8.486048469815035", "longitude": "115.24942734793174", "verifikator": "I Wayan Eka Putra Yasa" }, "geometry": { "type": "Point", "coordinates": [ 115.249427347931743, -8.486048469815035 ] } },
{ "type": "Feature", "properties": { "id": 94, "nama_zona": "Petak Kaja Utara", "pelayanan": "Pelayanan Gianyar", "diameter": 100.0, "kondisi": "Baik", "merk": null, "lokasi": "Selatan Balai Banjar Mantring", "posisi": null, "th_pasang": null, "elevasi": null, "putaran": null, "notes": null, "status": 0.0, "foto": null, "tgl_input": null, "tgl_update": "2023-02-01", "no_aset": null, "context": "Wash Out", "tgl_delete": null, "nama_dma": "1.1.1 DMA Petak Utara", "no_bap": null, "subsistem": null, "tgl_asbuilt": null, "id_verifikasi": null, "sumber_data": null, "history": null, "petugas_input": null, "latitude": "-8.45375070578459", "longitude": "115.31826738773714", "verifikator": "I Made Sutika Semarajaya" }, "geometry": { "type": "Point", "coordinates": [ 115.318267387737137, -8.453750705784589 ] } },
{ "type": "Feature", "properties": { "id": 96, "nama_zona": "Tegalbingin", "pelayanan": "Pelayanan Ubud", "diameter": null, "kondisi": "Baik", "merk": null, "lokasi": "Barat Balai Banjar Tegal Bingin", "posisi": null, "th_pasang": null, "elevasi": null, "putaran": null, "notes": null, "status": 0.0, "foto": null, "tgl_input": null, "tgl_update": null, "no_aset": null, "context": "Wash Out", "tgl_delete": null, "nama_dma": "5.8.1 DMA Tegalbingin", "no_bap": null, "subsistem": null, "tgl_asbuilt": null, "id_verifikasi": null, "sumber_data": null, "history": null, "petugas_input": null, "latitude": "-8.541174563738831", "longitude": "115.275974195625", "verifikator": "I Wayan Artawan" }, "geometry": { "type": "Point", "coordinates": [ 115.275974195624997, -8.541174563738831 ] } },
{ "type": "Feature", "properties": { "id": 98, "nama_zona": "Kota Ubud", "pelayanan": "Pelayanan Ubud", "diameter": 0.5, "kondisi": "Baik", "merk": null, "lokasi": "Dpn spa genuing jln monkey forest", "posisi": null, "th_pasang": null, "elevasi": null, "putaran": null, "notes": null, "status": 0.0, "foto": null, "tgl_input": null, "tgl_update": null, "no_aset": null, "context": "Wash Out", "tgl_delete": null, "nama_dma": "5.3.2 DMA Monkey Forest", "no_bap": null, "subsistem": null, "tgl_asbuilt": null, "id_verifikasi": null, "sumber_data": null, "history": null, "petugas_input": null, "latitude": "-8.517788744172814", "longitude": "115.25990178187479", "verifikator": "I Wayan Artawan" }, "geometry": { "type": "Point", "coordinates": [ 115.259901781874788, -8.517788744172814 ] } },
{ "type": "Feature", "properties": { "id": 99, "nama_zona": "Sayan", "pelayanan": "Pelayanan Ubud", "diameter": 100.0, "kondisi": "Baik", "merk": null, "lokasi": "DANGIN LABAK", "posisi": null, "th_pasang": null, "elevasi": null, "putaran": null, "notes": null, "status": 0.0, "foto": null, "tgl_input": null, "tgl_update": null, "no_aset": null, "context": "Wash Out", "tgl_delete": "2025-04-16", "nama_dma": "5.2.3 DMA Singakerta", "no_bap": null, "subsistem": null, "tgl_asbuilt": null, "id_verifikasi": null, "sumber_data": null, "history": null, "petugas_input": null, "latitude": "-8.528551229722844", "longitude": "115.25431823826037", "verifikator": "I Wayan Eka Putra Yasa" }, "geometry": { "type": "Point", "coordinates": [ 115.254318238260367, -8.528551229722844 ] } },
{ "type": "Feature", "properties": { "id": 100, "nama_zona": "Sayan", "pelayanan": "Pelayanan Ubud", "diameter": 50.0, "kondisi": "Baik", "merk": null, "lokasi": "BR. JUKUT PAKU", "posisi": null, "th_pasang": null, "elevasi": null, "putaran": null, "notes": null, "status": 0.0, "foto": null, "tgl_input": null, "tgl_update": null, "no_aset": null, "context": "Wash Out", "tgl_delete": null, "nama_dma": "5.2.3 DMA Singakerta", "no_bap": null, "subsistem": null, "tgl_asbuilt": null, "id_verifikasi": null, "sumber_data": null, "history": null, "petugas_input": null, "latitude": "-8.539360528280618", "longitude": "115.2519812250099", "verifikator": "I Wayan Eka Putra Yasa" }, "geometry": { "type": "Point", "coordinates": [ 115.251981225009899, -8.539360528280618 ] } },
{ "type": "Feature", "properties": { "id": 101, "nama_zona": "Sayan", "pelayanan": "Pelayanan Ubud", "diameter": 75.0, "kondisi": "Baik", "merk": null, "lokasi": "BR. SEMANA", "posisi": null, "th_pasang": null, "elevasi": null, "putaran": null, "notes": null, "status": 0.0, "foto": null, "tgl_input": null, "tgl_update": null, "no_aset": null, "context": "Wash Out", "tgl_delete": null, "nama_dma": "5.2.1 DMA Baung ( Wil.Barat )", "no_bap": null, "subsistem": null, "tgl_asbuilt": null, "id_verifikasi": null, "sumber_data": null, "history": null, "petugas_input": null, "latitude": "-8.528796013606891", "longitude": "115.2323671819257", "verifikator": "I Wayan Eka Putra Yasa" }, "geometry": { "type": "Point", "coordinates": [ 115.232367181925696, -8.528796013606891 ] } },
{ "type": "Feature", "properties": { "id": 102, "nama_zona": "Kota Tegallalang", "pelayanan": "Pelayanan Tegallalang", "diameter": 50.0, "kondisi": "Baik", "merk": "PARALON", "lokasi": "PURA DESA PEJENG AJI", "posisi": "https:\/\/www.google.com\/maps\/@-8.4482405,115.277735,3a,75y,93.55h,88.67t\/data=!3m6!1e1!3m4!1sxEDV74vRql62sdZxTUVJTQ!2e0!7i16384!8i8192", "th_pasang": "2021", "elevasi": null, "putaran": "1", "notes": null, "status": 0.0, "foto": "https:\/\/www.google.com\/maps\/@-8.4482405,115.277735,3a,75y,93.55h,88.67t\/data=!3m6!1e1!3m4!1sxEDV74vRql62sdZxTUVJTQ!2e0!7i16384!8i8192", "tgl_input": null, "tgl_update": null, "no_aset": null, "context": "Wash Out", "tgl_delete": null, "nama_dma": "6.3.1 DMA Gagah", "no_bap": null, "subsistem": null, "tgl_asbuilt": "2024-06-06", "id_verifikasi": null, "sumber_data": null, "history": null, "petugas_input": null, "latitude": "-8.448184516839637", "longitude": "115.27778064492246", "verifikator": "I Wayan Sujarwa" }, "geometry": { "type": "Point", "coordinates": [ 115.277780644922458, -8.448184516839637 ] } },
{ "type": "Feature", "properties": { "id": 103, "nama_zona": "Bedulu", "pelayanan": "Pelayanan Blahbatuh", "diameter": 200.0, "kondisi": "Baik", "merk": null, "lokasi": "Jembatan Bedulu", "posisi": null, "th_pasang": null, "elevasi": null, "putaran": null, "notes": null, "status": 0.0, "foto": null, "tgl_input": null, "tgl_update": null, "no_aset": null, "context": "Wash Out", "tgl_delete": null, "nama_dma": "4.7.1 DMA Wanayu", "no_bap": null, "subsistem": null, "tgl_asbuilt": null, "id_verifikasi": null, "sumber_data": null, "history": null, "petugas_input": null, "latitude": "-8.522556800242281", "longitude": "115.28406241541701", "verifikator": "I Komang Sucipta" }, "geometry": { "type": "Point", "coordinates": [ 115.284062415417011, -8.522556800242281 ] } },
{ "type": "Feature", "properties": { "id": 104, "nama_zona": "Madangan", "pelayanan": "Pelayanan Gianyar", "diameter": 0.0, "kondisi": "Baik", "merk": null, "lokasi": "Barat Perempatan", "posisi": null, "th_pasang": null, "elevasi": null, "putaran": null, "notes": null, "status": 0.0, "foto": null, "tgl_input": null, "tgl_update": "2024-04-25", "no_aset": null, "context": "Wash Out", "tgl_delete": null, "nama_dma": "1.3.2 DMA Kawan", "no_bap": null, "subsistem": null, "tgl_asbuilt": null, "id_verifikasi": null, "sumber_data": null, "history": null, "petugas_input": null, "latitude": "-8.51424194564033", "longitude": "115.32051305375165", "verifikator": "I Made Sutika Semarajaya" }, "geometry": { "type": "Point", "coordinates": [ 115.320513053751654, -8.514241945640331 ] } },
{ "type": "Feature", "properties": { "id": 105, "nama_zona": "Sidan", "pelayanan": "Pelayanan Gianyar", "diameter": 100.0, "kondisi": "Baik", "merk": null, "lokasi": "Jl. I Gusti Ngurah Rai", "posisi": null, "th_pasang": null, "elevasi": null, "putaran": null, "notes": null, "status": 0.0, "foto": null, "tgl_input": "2021-12-09", "tgl_update": "2025-01-31", "no_aset": null, "context": "Wash Out", "tgl_delete": null, "nama_dma": "1.8.5 DMA Direng", "no_bap": null, "subsistem": null, "tgl_asbuilt": null, "id_verifikasi": null, "sumber_data": null, "history": "2025-01-31 Memperbaiki data nama_dma disesuaikan dengan posisi DMA area atau poligon DMA menjadi 1.8.5 DMA Direng", "petugas_input": null, "latitude": "-8.54139229018787", "longitude": "115.348037829693", "verifikator": "I Wayan Degug" }, "geometry": { "type": "Point", "coordinates": [ 115.348037829692998, -8.54139229018787 ] } },
{ "type": "Feature", "properties": { "id": 106, "nama_zona": "Sidan", "pelayanan": "Pelayanan Gianyar", "diameter": 100.0, "kondisi": "Baik", "merk": null, "lokasi": "Jl. I Gusti Ngurah Rai", "posisi": null, "th_pasang": null, "elevasi": null, "putaran": null, "notes": null, "status": 0.0, "foto": null, "tgl_input": "2021-12-09", "tgl_update": "2025-01-31", "no_aset": null, "context": "Wash Out", "tgl_delete": null, "nama_dma": "1.8.5 DMA Direng", "no_bap": null, "subsistem": null, "tgl_asbuilt": null, "id_verifikasi": null, "sumber_data": null, "history": "2025-01-31 Memperbaiki data nama_dma disesuaikan dengan posisi DMA area atau poligon DMA menjadi 1.8.5 DMA Direng", "petugas_input": null, "latitude": "-8.54139904791949", "longitude": "115.3480498114395", "verifikator": "I Wayan Degug" }, "geometry": { "type": "Point", "coordinates": [ 115.348049811439495, -8.541399047919491 ] } },
{ "type": "Feature", "properties": { "id": 107, "nama_zona": "Sayan", "pelayanan": "Pelayanan Ubud", "diameter": 150.0, "kondisi": "Baik", "merk": null, "lokasi": "DEPAN BPT TEBONGKANG", "posisi": null, "th_pasang": null, "elevasi": null, "putaran": null, "notes": null, "status": 0.0, "foto": null, "tgl_input": null, "tgl_update": null, "no_aset": null, "context": "Wash Out", "tgl_delete": null, "nama_dma": "5.2.2 DMA Pande ( Wil.Timur )", "no_bap": null, "subsistem": null, "tgl_asbuilt": null, "id_verifikasi": null, "sumber_data": null, "history": null, "petugas_input": null, "latitude": "-8.529234999180591", "longitude": "115.24388151965422", "verifikator": "I Wayan Eka Putra Yasa" }, "geometry": { "type": "Point", "coordinates": [ 115.243881519654224, -8.529234999180591 ] } },
{ "type": "Feature", "properties": { "id": 108, "nama_zona": "Serongga", "pelayanan": "Pelayanan Gianyar", "diameter": null, "kondisi": "Baik", "merk": null, "lokasi": "Utara Balai Banjar Lebih Duur Kaja", "posisi": null, "th_pasang": null, "elevasi": null, "putaran": null, "notes": null, "status": 0.0, "foto": null, "tgl_input": null, "tgl_update": null, "no_aset": null, "context": "Wash Out", "tgl_delete": null, "nama_dma": "1.13.4 DMA PRV Duur Kaja Lebih", "no_bap": null, "subsistem": null, "tgl_asbuilt": null, "id_verifikasi": null, "sumber_data": null, "history": null, "petugas_input": null, "latitude": "-8.571413469248128", "longitude": "115.34868888765934", "verifikator": "Dewa Ketut Arsana" }, "geometry": { "type": "Point", "coordinates": [ 115.348688887659335, -8.571413469248128 ] } },
{ "type": "Feature", "properties": { "id": 109, "nama_zona": "Kota Ubud", "pelayanan": "Pelayanan Ubud", "diameter": 0.5, "kondisi": "Baik", "merk": null, "lokasi": "Dpn spa genuing jln monkey forest", "posisi": null, "th_pasang": null, "elevasi": null, "putaran": null, "notes": null, "status": 0.0, "foto": null, "tgl_input": null, "tgl_update": null, "no_aset": null, "context": "Wash Out", "tgl_delete": null, "nama_dma": "5.3.2 DMA Monkey Forest", "no_bap": null, "subsistem": null, "tgl_asbuilt": null, "id_verifikasi": null, "sumber_data": null, "history": null, "petugas_input": null, "latitude": "-8.517788744172814", "longitude": "115.25990178187479", "verifikator": "I Wayan Artawan" }, "geometry": { "type": "Point", "coordinates": [ 115.259901781874788, -8.517788744172814 ] } },
{ "type": "Feature", "properties": { "id": 110, "nama_zona": "Kota Sukawati", "pelayanan": "Pelayanan Sukawati", "diameter": 75.0, "kondisi": "Baik", "merk": null, "lokasi": "Timur Balai Banjar Wangbung", "posisi": null, "th_pasang": null, "elevasi": null, "putaran": null, "notes": null, "status": 0.0, "foto": null, "tgl_input": "2022-03-28", "tgl_update": "2022-03-28", "no_aset": null, "context": "Wash Out", "tgl_delete": null, "nama_dma": "2.4.11 DMA Guwang", "no_bap": null, "subsistem": null, "tgl_asbuilt": null, "id_verifikasi": null, "sumber_data": null, "history": null, "petugas_input": null, "latitude": "-8.610361890655962", "longitude": "115.28962094053885", "verifikator": "I Komang Sucipta" }, "geometry": { "type": "Point", "coordinates": [ 115.289620940538853, -8.610361890655962 ] } },
{ "type": "Feature", "properties": { "id": 111, "nama_zona": "Lodtunduh", "pelayanan": "Pelayanan Ubud", "diameter": 50.0, "kondisi": "Baik", "merk": null, "lokasi": "Jl. Raya Mawang", "posisi": null, "th_pasang": null, "elevasi": null, "putaran": null, "notes": null, "status": 0.0, "foto": null, "tgl_input": null, "tgl_update": null, "no_aset": null, "context": "Wash Out", "tgl_delete": "2025-04-16", "nama_dma": "5.6.2 DMA Lodtunduh Barat", "no_bap": null, "subsistem": null, "tgl_asbuilt": null, "id_verifikasi": null, "sumber_data": null, "history": null, "petugas_input": null, "latitude": "-8.560289862368123", "longitude": "115.26141211498484", "verifikator": "I Wayan Eka Putra Yasa" }, "geometry": { "type": "Point", "coordinates": [ 115.261412114984836, -8.560289862368123 ] } },
{ "type": "Feature", "properties": { "id": 112, "nama_zona": "Puhu", "pelayanan": "Pelayanan Payangan", "diameter": 50.0, "kondisi": "Baik", "merk": "PVC", "lokasi": "Selatan Br.Lebah", "posisi": null, "th_pasang": null, "elevasi": null, "putaran": null, "notes": null, "status": null, "foto": null, "tgl_input": "2022-05-27", "tgl_update": "2022-08-12", "no_aset": null, "context": "Wash Out", "tgl_delete": null, "nama_dma": "7.2.2 DMA Subilang", "no_bap": null, "subsistem": null, "tgl_asbuilt": null, "id_verifikasi": null, "sumber_data": null, "history": null, "petugas_input": null, "latitude": "-8.410213316698941", "longitude": "115.25782992963362", "verifikator": "I Made Darsana" }, "geometry": { "type": "Point", "coordinates": [ 115.257829929633616, -8.410213316698941 ] } },
{ "type": "Feature", "properties": { "id": 113, "nama_zona": "Bedulu", "pelayanan": "Pelayanan Blahbatuh", "diameter": null, "kondisi": "Baik", "merk": null, "lokasi": "Timur Balai Banjar Marga Bingung", "posisi": null, "th_pasang": null, "elevasi": null, "putaran": null, "notes": null, "status": null, "foto": null, "tgl_input": "2022-06-02", "tgl_update": "2020-06-02", "no_aset": 2.0, "context": "Wash Out", "tgl_delete": null, "nama_dma": "4.7.1 DMA Wanayu", "no_bap": null, "subsistem": null, "tgl_asbuilt": null, "id_verifikasi": null, "sumber_data": null, "history": null, "petugas_input": null, "latitude": "-8.526138026958098", "longitude": "115.29571914854664", "verifikator": "I Gede Parwata" }, "geometry": { "type": "Point", "coordinates": [ 115.295719148546638, -8.526138026958098 ] } },
{ "type": "Feature", "properties": { "id": 114, "nama_zona": "Kota Gianyar", "pelayanan": "Pelayanan Gianyar", "diameter": null, "kondisi": "Baik", "merk": null, "lokasi": "Jl. Raya Bitera", "posisi": null, "th_pasang": null, "elevasi": null, "putaran": null, "notes": null, "status": null, "foto": null, "tgl_input": "2022-06-02", "tgl_update": "2025-01-31", "no_aset": 3.0, "context": "Wash Out", "tgl_delete": null, "nama_dma": "1.14.1 DMA Bitra I", "no_bap": null, "subsistem": null, "tgl_asbuilt": null, "id_verifikasi": null, "sumber_data": null, "history": "2025-01-31 Memperbaiki data nama_dma disesuaikan dengan posisi DMA area atau poligon DMA menjadi 1.14.1 DMA Bitra I", "petugas_input": null, "latitude": "-8.535100653178448", "longitude": "115.31083587102202", "verifikator": "Dewa Ketut Arsana" }, "geometry": { "type": "Point", "coordinates": [ 115.310835871022022, -8.535100653178448 ] } },
{ "type": "Feature", "properties": { "id": 121, "nama_zona": "Kota Gianyar", "pelayanan": "Pelayanan Gianyar", "diameter": null, "kondisi": "Baik", "merk": null, "lokasi": "Jl. Sinta", "posisi": null, "th_pasang": "2022", "elevasi": null, "putaran": null, "notes": null, "status": null, "foto": null, "tgl_input": "2022-12-29", "tgl_update": "2022-12-29", "no_aset": 0.0, "context": "Wash Out", "tgl_delete": null, "nama_dma": "1.14.3 DMA SB TMP", "no_bap": null, "subsistem": null, "tgl_asbuilt": null, "id_verifikasi": null, "sumber_data": null, "history": null, "petugas_input": null, "latitude": "-8.54725339407848", "longitude": "115.31860403373678", "verifikator": "Dewa Ketut Arsana" }, "geometry": { "type": "Point", "coordinates": [ 115.318604033736776, -8.54725339407848 ] } },
{ "type": "Feature", "properties": { "id": 135, "nama_zona": "Bona", "pelayanan": "Pelayanan Blahbatuh", "diameter": 150.0, "kondisi": "Baik", "merk": null, "lokasi": "Sb Bona Baru", "posisi": null, "th_pasang": "2021", "elevasi": null, "putaran": null, "notes": null, "status": null, "foto": null, "tgl_input": "2022-10-13", "tgl_update": "2022-10-13", "no_aset": null, "context": "Wash Out", "tgl_delete": null, "nama_dma": "4.6.3 DMA Bona Kaja Selatan 3", "no_bap": null, "subsistem": null, "tgl_asbuilt": null, "id_verifikasi": null, "sumber_data": null, "history": null, "petugas_input": null, "latitude": "-8.558239065520883", "longitude": "115.31864072587572", "verifikator": "Gilang Mada Awiyat" }, "geometry": { "type": "Point", "coordinates": [ 115.318640725875724, -8.558239065520883 ] } },
{ "type": "Feature", "properties": { "id": 137, "nama_zona": "Bona", "pelayanan": "Pelayanan Blahbatuh", "diameter": 50.0, "kondisi": "Baik", "merk": null, "lokasi": "Depan Perum Bona Asri", "posisi": null, "th_pasang": "2014", "elevasi": null, "putaran": null, "notes": null, "status": null, "foto": null, "tgl_input": "2022-10-13", "tgl_update": "2022-10-13", "no_aset": null, "context": "Wash Out", "tgl_delete": null, "nama_dma": "4.6.3 DMA Bona Kaja Selatan 3", "no_bap": null, "subsistem": null, "tgl_asbuilt": null, "id_verifikasi": null, "sumber_data": null, "history": null, "petugas_input": null, "latitude": "-8.55643250727149", "longitude": "115.31999724612152", "verifikator": "Gilang Mada Awiyat" }, "geometry": { "type": "Point", "coordinates": [ 115.319997246121517, -8.55643250727149 ] } },
{ "type": "Feature", "properties": { "id": 140, "nama_zona": "Kerta", "pelayanan": "Pelayanan Payangan", "diameter": 50.0, "kondisi": "Baik", "merk": null, "lokasi": "Barat Br. Marge Tengah", "posisi": null, "th_pasang": null, "elevasi": null, "putaran": null, "notes": null, "status": null, "foto": null, "tgl_input": "2022-10-31", "tgl_update": "2022-10-31", "no_aset": null, "context": "Wash Out", "tgl_delete": null, "nama_dma": "7.1.2 DMA Kerta Barat", "no_bap": null, "subsistem": null, "tgl_asbuilt": null, "id_verifikasi": null, "sumber_data": null, "history": null, "petugas_input": null, "latitude": "-8.322464015225421", "longitude": "115.28287410935947", "verifikator": "I Made Darsana" }, "geometry": { "type": "Point", "coordinates": [ 115.282874109359469, -8.322464015225421 ] } },
{ "type": "Feature", "properties": { "id": 141, "nama_zona": "Kerta", "pelayanan": "Pelayanan Payangan", "diameter": 50.0, "kondisi": "Baik", "merk": null, "lokasi": "Selatan Rumah I Wayan Sukanata", "posisi": null, "th_pasang": null, "elevasi": null, "putaran": null, "notes": null, "status": null, "foto": null, "tgl_input": "2022-10-31", "tgl_update": "2022-10-31", "no_aset": null, "context": "Wash Out", "tgl_delete": null, "nama_dma": "7.1.1 DMA Kerta Timur", "no_bap": null, "subsistem": null, "tgl_asbuilt": null, "id_verifikasi": null, "sumber_data": null, "history": null, "petugas_input": null, "latitude": "-8.370925105843057", "longitude": "115.26911512082889", "verifikator": "I Made Darsana" }, "geometry": { "type": "Point", "coordinates": [ 115.269115120828886, -8.370925105843057 ] } },
{ "type": "Feature", "properties": { "id": 142, "nama_zona": "Mancawarna", "pelayanan": "Pelayanan Tampaksiring", "diameter": 150.0, "kondisi": "Baik", "merk": null, "lokasi": "Sebelah Tiang Listrik dan Telkom JDU Bayad ke Res. Mancawarna", "posisi": null, "th_pasang": "2023", "elevasi": null, "putaran": null, "notes": null, "status": null, "foto": null, "tgl_input": "2023-01-30", "tgl_update": "2023-01-30", "no_aset": null, "context": "Wash Out", "tgl_delete": null, "nama_dma": "3.3.2 DMA Mancawarna Barat", "no_bap": null, "subsistem": null, "tgl_asbuilt": null, "id_verifikasi": null, "sumber_data": null, "history": null, "petugas_input": null, "latitude": "-8.452360833832772", "longitude": "115.30496023911776", "verifikator": "Dewa Gede Agus Saputra" }, "geometry": { "type": "Point", "coordinates": [ 115.304960239117761, -8.452360833832772 ] } },
{ "type": "Feature", "properties": { "id": 143, "nama_zona": "Kota Sukawati", "pelayanan": "Pelayanan Sukawati", "diameter": 50.0, "kondisi": "Baik", "merk": null, "lokasi": "Kantor Camat Sukawati Ke Barat Dekat Sungai", "posisi": null, "th_pasang": "2023", "elevasi": null, "putaran": null, "notes": null, "status": null, "foto": null, "tgl_input": "2023-06-30", "tgl_update": "2023-06-30", "no_aset": null, "context": "Wash Out", "tgl_delete": null, "nama_dma": "2.4.7 Sub DMA Dentiyis", "no_bap": "0018\/BAP\/VI\/III\/2023", "subsistem": null, "tgl_asbuilt": null, "id_verifikasi": null, "sumber_data": "BAP", "history": null, "petugas_input": null, "latitude": "-8.593017728018166", "longitude": "115.28119457254184", "verifikator": "I Komang Sucipta" }, "geometry": { "type": "Point", "coordinates": [ 115.281194572541835, -8.593017728018166 ] } },
{ "type": "Feature", "properties": { "id": 144, "nama_zona": "Blahpane", "pelayanan": "Pelayanan Gianyar", "diameter": 100.0, "kondisi": "Baik", "merk": null, "lokasi": "Siphon Utara Blahpane", "posisi": null, "th_pasang": "2023", "elevasi": null, "putaran": null, "notes": null, "status": null, "foto": null, "tgl_input": "2023-06-30", "tgl_update": "2023-06-30", "no_aset": null, "context": "Wash Out", "tgl_delete": null, "nama_dma": "1.9.1 DMA Res. Blahpane Kaja", "no_bap": "0202\/BAP\/I\/IV\/2023", "subsistem": null, "tgl_asbuilt": null, "id_verifikasi": null, "sumber_data": "BAP", "history": null, "petugas_input": null, "latitude": "-8.53093635590581", "longitude": "115.35606441350707", "verifikator": "I Wayan Degug" }, "geometry": { "type": "Point", "coordinates": [ 115.35606441350707, -8.53093635590581 ] } },
{ "type": "Feature", "properties": { "id": 145, "nama_zona": "Tulikup", "pelayanan": "Pelayanan Gianyar", "diameter": 100.0, "kondisi": "Baik", "merk": null, "lokasi": "Siphon Jembatan Br. Lebaan", "posisi": null, "th_pasang": "2023", "elevasi": null, "putaran": null, "notes": null, "status": null, "foto": null, "tgl_input": "2023-06-30", "tgl_update": "2025-01-31", "no_aset": null, "context": "Wash Out", "tgl_delete": null, "nama_dma": "1.10.3 DMA Meranggi", "no_bap": "0375\/BAP\/I\/III\/2023", "subsistem": null, "tgl_asbuilt": null, "id_verifikasi": 62, "sumber_data": "BAP", "history": "2025-01-31 Memperbaiki data nama_dma disesuaikan dengan posisi DMA area atau poligon DMA menjadi 1.10.3 DMA Meranggi", "petugas_input": null, "latitude": "-8.547482106611278", "longitude": "115.35925707112123", "verifikator": "I Wayan Degug" }, "geometry": { "type": "Point", "coordinates": [ 115.359257071121235, -8.547482106611278 ] } },
{ "type": "Feature", "properties": { "id": 204, "nama_zona": "Bukit Jati", "pelayanan": "Pelayanan Gianyar", "diameter": 100.0, "kondisi": "Baik", "merk": null, "lokasi": "Jl. Tukad Petanu", "posisi": null, "th_pasang": null, "elevasi": null, "putaran": null, "notes": null, "status": null, "foto": null, "tgl_input": "2025-02-19", "tgl_update": null, "no_aset": null, "context": "Wash Out", "tgl_delete": null, "nama_dma": "1.11.1 DMA Bukit Jati", "no_bap": null, "subsistem": null, "tgl_asbuilt": null, "id_verifikasi": null, "sumber_data": null, "history": null, "petugas_input": null, "latitude": "-8.536824943927824", "longitude": "115.3330514506598", "verifikator": "Dewa Ketut Arsana" }, "geometry": { "type": "Point", "coordinates": [ 115.333051450659795, -8.536824943927824 ] } },
{ "type": "Feature", "properties": { "id": 97, "nama_zona": "Lodtunduh", "pelayanan": "Pelayanan Ubud", "diameter": 50.0, "kondisi": "Baik", "merk": null, "lokasi": "Utara DMA gerih", "posisi": null, "th_pasang": null, "elevasi": null, "putaran": null, "notes": null, "status": 0.0, "foto": null, "tgl_input": null, "tgl_update": null, "no_aset": null, "context": "Wash Out", "tgl_delete": null, "nama_dma": "5.6.2 DMA Lodtunduh Barat", "no_bap": null, "subsistem": null, "tgl_asbuilt": null, "id_verifikasi": null, "sumber_data": null, "history": null, "petugas_input": null, "latitude": "-8.57902733770418", "longitude": "115.26507090490799", "verifikator": "I Wayan Eka Putra Yasa" }, "geometry": { "type": "Point", "coordinates": [ 115.265070904907986, -8.579027337704179 ] } },
{ "type": "Feature", "properties": { "id": 10, "nama_zona": "Ubud Utara", "pelayanan": "Pelayanan Ubud", "diameter": 50.0, "kondisi": "Baik", "merk": null, "lokasi": "Jln sriwedari", "posisi": null, "th_pasang": null, "elevasi": null, "putaran": null, "notes": null, "status": 0.0, "foto": null, "tgl_input": null, "tgl_update": null, "no_aset": null, "context": "Wash Out", "tgl_delete": null, "nama_dma": "5.4.4 DMA Tegallantang", "no_bap": null, "subsistem": null, "tgl_asbuilt": null, "id_verifikasi": null, "sumber_data": null, "history": null, "petugas_input": null, "latitude": "-8.507910016740144", "longitude": "115.26500559166085", "verifikator": "I Wayan Artawan" }, "geometry": { "type": "Point", "coordinates": [ 115.265005591660852, -8.507910016740144 ] } },
{ "type": "Feature", "properties": { "id": 13, "nama_zona": "Kota Payangan", "pelayanan": "Pelayanan Payangan", "diameter": 50.0, "kondisi": "Baik", "merk": null, "lokasi": "Utara Sema Pekung", "posisi": null, "th_pasang": null, "elevasi": 0.0, "putaran": null, "notes": null, "status": 1.0, "foto": null, "tgl_input": null, "tgl_update": "2024-04-23", "no_aset": 8.0, "context": "Wash Out", "tgl_delete": null, "nama_dma": "7.4.4 DMA Melinggih", "no_bap": null, "subsistem": null, "tgl_asbuilt": null, "id_verifikasi": null, "sumber_data": null, "history": null, "petugas_input": null, "latitude": "-8.432392405301599", "longitude": "115.23447894391752", "verifikator": "I Nyoman Sumayasa" }, "geometry": { "type": "Point", "coordinates": [ 115.234478943917523, -8.432392405301599 ] } },
{ "type": "Feature", "properties": { "id": 16, "nama_zona": "Kota Payangan", "pelayanan": "Pelayanan Payangan", "diameter": 50.0, "kondisi": "Baik", "merk": null, "lokasi": "timur jembatan tibekauh", "posisi": null, "th_pasang": null, "elevasi": null, "putaran": null, "notes": null, "status": 0.0, "foto": null, "tgl_input": null, "tgl_update": "2024-04-23", "no_aset": 5.0, "context": "Wash Out", "tgl_delete": null, "nama_dma": "7.4.7 DMA Karang Suwung (BBT DN 200)", "no_bap": null, "subsistem": null, "tgl_asbuilt": null, "id_verifikasi": null, "sumber_data": null, "history": null, "petugas_input": null, "latitude": "-8.447340145986072", "longitude": "115.24088327071287", "verifikator": "I Nyoman Sumayasa" }, "geometry": { "type": "Point", "coordinates": [ 115.240883270712871, -8.447340145986072 ] } },
{ "type": "Feature", "properties": { "id": 17, "nama_zona": "Kota Payangan", "pelayanan": "Pelayanan Payangan", "diameter": 100.0, "kondisi": "Baik", "merk": null, "lokasi": "Pengkolan Pengaji Depan Pura Dalem", "posisi": null, "th_pasang": null, "elevasi": null, "putaran": null, "notes": null, "status": 0.0, "foto": null, "tgl_input": null, "tgl_update": "2022-08-03", "no_aset": 6.0, "context": "Wash Out", "tgl_delete": null, "nama_dma": "7.4.6 DMA Pengaji (BBT DN 200)", "no_bap": null, "subsistem": null, "tgl_asbuilt": null, "id_verifikasi": null, "sumber_data": null, "history": null, "petugas_input": null, "latitude": "-8.444359999999856", "longitude": "115.24341300000674", "verifikator": "I Nyoman Sumayasa" }, "geometry": { "type": "Point", "coordinates": [ 115.24341300000674, -8.444359999999856 ] } },
{ "type": "Feature", "properties": { "id": 18, "nama_zona": "Kelusa", "pelayanan": "Pelayanan Payangan", "diameter": 150.0, "kondisi": "Baik", "merk": null, "lokasi": "Timur Balai Banjar Peliatan", "posisi": null, "th_pasang": null, "elevasi": null, "putaran": null, "notes": null, "status": 0.0, "foto": null, "tgl_input": null, "tgl_update": "2024-04-19", "no_aset": 3.0, "context": "Wash Out", "tgl_delete": null, "nama_dma": "7.5.1 DMA Yangapi", "no_bap": null, "subsistem": null, "tgl_asbuilt": null, "id_verifikasi": null, "sumber_data": null, "history": null, "petugas_input": null, "latitude": "-8.442482434412826", "longitude": "115.2610888899484", "verifikator": "I Nyoman Sumayasa" }, "geometry": { "type": "Point", "coordinates": [ 115.261088889948397, -8.442482434412826 ] } },
{ "type": "Feature", "properties": { "id": 19, "nama_zona": "Ubud Utara", "pelayanan": "Pelayanan Ubud", "diameter": 50.0, "kondisi": "Baik", "merk": null, "lokasi": "Selatan SD", "posisi": null, "th_pasang": null, "elevasi": null, "putaran": null, "notes": null, "status": 0.0, "foto": null, "tgl_input": null, "tgl_update": null, "no_aset": null, "context": "Wash Out", "tgl_delete": null, "nama_dma": "5.4.2 DMA Petulu", "no_bap": null, "subsistem": null, "tgl_asbuilt": null, "id_verifikasi": null, "sumber_data": null, "history": null, "petugas_input": null, "latitude": "-8.491421580966506", "longitude": "115.27366397122427", "verifikator": "I Wayan Artawan" }, "geometry": { "type": "Point", "coordinates": [ 115.273663971224266, -8.491421580966506 ] } },
{ "type": "Feature", "properties": { "id": 20, "nama_zona": "Manukaya", "pelayanan": "Pelayanan Tampaksiring", "diameter": 75.0, "kondisi": "Baik", "merk": null, "lokasi": "Selatan Parkir Tirta Empul", "posisi": "Tf", "th_pasang": null, "elevasi": null, "putaran": null, "notes": null, "status": 0.0, "foto": null, "tgl_input": null, "tgl_update": null, "no_aset": null, "context": "Wash Out", "tgl_delete": null, "nama_dma": "3.1.1 DMA Basangambu", "no_bap": null, "subsistem": null, "tgl_asbuilt": null, "id_verifikasi": null, "sumber_data": null, "history": null, "petugas_input": null, "latitude": "-8.417558156025331", "longitude": "115.31438906074857", "verifikator": "Dewa Gede Agus Saputra" }, "geometry": { "type": "Point", "coordinates": [ 115.314389060748567, -8.417558156025331 ] } },
{ "type": "Feature", "properties": { "id": 21, "nama_zona": "Manukaya", "pelayanan": "Pelayanan Tampaksiring", "diameter": 75.0, "kondisi": "Baik", "merk": null, "lokasi": "Selatan Parkir Tirta Empul", "posisi": "Diatur", "th_pasang": null, "elevasi": null, "putaran": null, "notes": null, "status": 0.0, "foto": null, "tgl_input": null, "tgl_update": "2025-01-22", "no_aset": null, "context": "Wash Out", "tgl_delete": "2025-01-22", "nama_dma": "3.1.1 DMA Basangambu", "no_bap": null, "subsistem": null, "tgl_asbuilt": null, "id_verifikasi": null, "sumber_data": null, "history": null, "petugas_input": null, "latitude": "-8.417582826578787", "longitude": "115.31439988451248", "verifikator": "Dewa Gede Agus Saputra" }, "geometry": { "type": "Point", "coordinates": [ 115.314399884512483, -8.417582826578787 ] } },
{ "type": "Feature", "properties": { "id": 22, "nama_zona": "Kota Tampaksiring", "pelayanan": "Pelayanan Tampaksiring", "diameter": 100.0, "kondisi": "Baik", "merk": null, "lokasi": "Utara Br. Manukaya Anyar", "posisi": "Tf", "th_pasang": "2019", "elevasi": null, "putaran": null, "notes": null, "status": 0.0, "foto": null, "tgl_input": null, "tgl_update": null, "no_aset": null, "context": "Wash Out", "tgl_delete": null, "nama_dma": "3.2.1 DMA Bantas", "no_bap": null, "subsistem": null, "tgl_asbuilt": null, "id_verifikasi": null, "sumber_data": null, "history": null, "petugas_input": null, "latitude": "-8.411048291183539", "longitude": "115.31207550589004", "verifikator": "Dewa Gede Agus Saputra" }, "geometry": { "type": "Point", "coordinates": [ 115.312075505890036, -8.411048291183539 ] } },
{ "type": "Feature", "properties": { "id": 23, "nama_zona": "Kota Sukawati", "pelayanan": "Pelayanan Sukawati", "diameter": 0.0, "kondisi": "Baik", "merk": null, "lokasi": "SELATAN JEMBATAN SUTASOMA", "posisi": null, "th_pasang": null, "elevasi": 0.0, "putaran": null, "notes": null, "status": 1.0, "foto": null, "tgl_input": null, "tgl_update": null, "no_aset": null, "context": "Wash Out", "tgl_delete": null, "nama_dma": "2.4.8 DMA SB SKB", "no_bap": null, "subsistem": null, "tgl_asbuilt": null, "id_verifikasi": null, "sumber_data": null, "history": null, "petugas_input": null, "latitude": "-8.59034664790643", "longitude": "115.28253958214812", "verifikator": "I Komang Sucipta" }, "geometry": { "type": "Point", "coordinates": [ 115.282539582148118, -8.590346647906429 ] } },
{ "type": "Feature", "properties": { "id": 24, "nama_zona": "Kedewatan", "pelayanan": "Pelayanan Ubud", "diameter": 0.0, "kondisi": "Baik", "merk": null, "lokasi": "Jl. Raya Sanggingan", "posisi": null, "th_pasang": null, "elevasi": 0.0, "putaran": null, "notes": null, "status": 1.0, "foto": null, "tgl_input": null, "tgl_update": "2025-01-31", "no_aset": null, "context": "Wash Out", "tgl_delete": null, "nama_dma": "5.1.4 DMA Kedewatan", "no_bap": null, "subsistem": null, "tgl_asbuilt": null, "id_verifikasi": null, "sumber_data": null, "history": "2025-01-31 Memperbaiki data nama_dma disesuaikan dengan posisi DMA area atau poligon DMA menjadi 5.1.4 DMA Kedewatan", "petugas_input": null, "latitude": "-8.499029317965746", "longitude": "115.25299415395752", "verifikator": "I Wayan Eka Putra Yasa" }, "geometry": { "type": "Point", "coordinates": [ 115.252994153957516, -8.499029317965746 ] } },
{ "type": "Feature", "properties": { "id": 25, "nama_zona": "Kota Gianyar", "pelayanan": "Pelayanan Gianyar", "diameter": 0.0, "kondisi": "Baik", "merk": null, "lokasi": "Jl. Kalantaka", "posisi": null, "th_pasang": null, "elevasi": 0.0, "putaran": null, "notes": null, "status": 1.0, "foto": null, "tgl_input": null, "tgl_update": "2025-01-31", "no_aset": null, "context": "Wash Out", "tgl_delete": null, "nama_dma": "1.14.8 DMA Patih Jelatik", "no_bap": null, "subsistem": null, "tgl_asbuilt": null, "id_verifikasi": null, "sumber_data": null, "history": "2025-01-31 Memperbaiki data nama_dma disesuaikan dengan posisi DMA area atau poligon DMA menjadi 1.14.8 DMA Patih Jelatik", "petugas_input": null, "latitude": "-8.541367266741256", "longitude": "115.32917825971589", "verifikator": "Dewa Ketut Arsana" }, "geometry": { "type": "Point", "coordinates": [ 115.329178259715889, -8.541367266741256 ] } },
{ "type": "Feature", "properties": { "id": 26, "nama_zona": "Kota Sukawati", "pelayanan": "Pelayanan Sukawati", "diameter": 0.0, "kondisi": "Baik", "merk": null, "lokasi": "Jl. Raya Sukawati", "posisi": null, "th_pasang": null, "elevasi": 0.0, "putaran": null, "notes": null, "status": 1.0, "foto": null, "tgl_input": null, "tgl_update": null, "no_aset": null, "context": "Wash Out", "tgl_delete": null, "nama_dma": "2.4.6 DMA Dentiyis 4", "no_bap": null, "subsistem": null, "tgl_asbuilt": null, "id_verifikasi": null, "sumber_data": null, "history": null, "petugas_input": null, "latitude": "-8.581630031109517", "longitude": "115.27830303854842", "verifikator": "I Komang Sucipta" }, "geometry": { "type": "Point", "coordinates": [ 115.278303038548415, -8.581630031109517 ] } },
{ "type": "Feature", "properties": { "id": 27, "nama_zona": "Mancawarna", "pelayanan": "Pelayanan Tampaksiring", "diameter": null, "kondisi": "Baik", "merk": null, "lokasi": "Banjar Umadawa", "posisi": null, "th_pasang": null, "elevasi": 0.0, "putaran": null, "notes": null, "status": 1.0, "foto": null, "tgl_input": null, "tgl_update": "2025-01-23", "no_aset": null, "context": "Wash Out", "tgl_delete": "2025-01-23", "nama_dma": "3.3.5 DMA Cagaan", "no_bap": null, "subsistem": null, "tgl_asbuilt": null, "id_verifikasi": null, "sumber_data": null, "history": null, "petugas_input": null, "latitude": "-8.499180304232183", "longitude": "115.29332448208582", "verifikator": "Dewa Gede Agus Saputra" }, "geometry": { "type": "Point", "coordinates": [ 115.293324482085822, -8.499180304232183 ] } },
{ "type": "Feature", "properties": { "id": 28, "nama_zona": "Kota Tegallalang", "pelayanan": "Pelayanan Tegallalang", "diameter": 0.0, "kondisi": "Baik", "merk": null, "lokasi": "Jl. Tirta Tawar", "posisi": null, "th_pasang": null, "elevasi": 0.0, "putaran": null, "notes": null, "status": 1.0, "foto": null, "tgl_input": null, "tgl_update": null, "no_aset": null, "context": "Wash Out", "tgl_delete": null, "nama_dma": "6.3.4 DMA Abangan", "no_bap": null, "subsistem": null, "tgl_asbuilt": "2024-06-06", "id_verifikasi": null, "sumber_data": null, "history": null, "petugas_input": null, "latitude": "-8.46793992612412", "longitude": "115.27139991055432", "verifikator": "I Wayan Sujarwa" }, "geometry": { "type": "Point", "coordinates": [ 115.271399910554322, -8.467939926124121 ] } },
{ "type": "Feature", "properties": { "id": 29, "nama_zona": "Blangsinga", "pelayanan": "Pelayanan Blahbatuh", "diameter": 75.0, "kondisi": "Baik", "merk": null, "lokasi": "Barat Balai Banjar Banda", "posisi": null, "th_pasang": null, "elevasi": null, "putaran": null, "notes": null, "status": 0.0, "foto": null, "tgl_input": null, "tgl_update": null, "no_aset": null, "context": "Wash Out", "tgl_delete": null, "nama_dma": "4.2.3 DMA Banda", "no_bap": null, "subsistem": null, "tgl_asbuilt": null, "id_verifikasi": null, "sumber_data": null, "history": null, "petugas_input": null, "latitude": "-8.591781610395572", "longitude": "115.29522612682818", "verifikator": "I Gede Parwata" }, "geometry": { "type": "Point", "coordinates": [ 115.295226126828183, -8.591781610395572 ] } },
{ "type": "Feature", "properties": { "id": 30, "nama_zona": "Kota Ubud", "pelayanan": "Pelayanan Ubud", "diameter": 75.0, "kondisi": "Baik", "merk": null, "lokasi": "Timur arma br pengosekan kelod", "posisi": null, "th_pasang": null, "elevasi": null, "putaran": null, "notes": null, "status": 0.0, "foto": null, "tgl_input": null, "tgl_update": null, "no_aset": null, "context": "Wash Out", "tgl_delete": null, "nama_dma": "5.3.5 DMA Br. Kalah", "no_bap": null, "subsistem": null, "tgl_asbuilt": null, "id_verifikasi": null, "sumber_data": null, "history": null, "petugas_input": null, "latitude": "-8.523980638811938", "longitude": "115.26590580305557", "verifikator": "I Wayan Artawan" }, "geometry": { "type": "Point", "coordinates": [ 115.265905803055574, -8.523980638811938 ] } },
{ "type": "Feature", "properties": { "id": 31, "nama_zona": "Blangsinga", "pelayanan": "Pelayanan Blahbatuh", "diameter": 50.0, "kondisi": "Baik", "merk": null, "lokasi": "Banjar Saba", "posisi": null, "th_pasang": null, "elevasi": null, "putaran": null, "notes": null, "status": 0.0, "foto": null, "tgl_input": null, "tgl_update": null, "no_aset": null, "context": "Wash Out", "tgl_delete": null, "nama_dma": "4.2.4 DMA Saba", "no_bap": null, "subsistem": null, "tgl_asbuilt": null, "id_verifikasi": null, "sumber_data": null, "history": null, "petugas_input": null, "latitude": "-8.606642150396018", "longitude": "115.30807269007333", "verifikator": "I Gede Parwata" }, "geometry": { "type": "Point", "coordinates": [ 115.308072690073331, -8.606642150396018 ] } },
{ "type": "Feature", "properties": { "id": 32, "nama_zona": "Sidan", "pelayanan": "Pelayanan Gianyar", "diameter": null, "kondisi": "Baik", "merk": null, "lokasi": "Timur Balai Banjar Dukuh", "posisi": null, "th_pasang": null, "elevasi": null, "putaran": null, "notes": null, "status": 0.0, "foto": null, "tgl_input": null, "tgl_update": null, "no_aset": null, "context": "Wash Out", "tgl_delete": null, "nama_dma": "1.8.1 DMA Dukuh", "no_bap": null, "subsistem": null, "tgl_asbuilt": null, "id_verifikasi": null, "sumber_data": null, "history": null, "petugas_input": null, "latitude": "-8.526823774952703", "longitude": "115.354418072124", "verifikator": "I Wayan Degug" }, "geometry": { "type": "Point", "coordinates": [ 115.354418072124005, -8.526823774952703 ] } },
{ "type": "Feature", "properties": { "id": 33, "nama_zona": "Bona", "pelayanan": "Pelayanan Blahbatuh", "diameter": 75.0, "kondisi": "Baik", "merk": null, "lokasi": "Jl. Gaga", "posisi": null, "th_pasang": null, "elevasi": null, "putaran": null, "notes": null, "status": 0.0, "foto": null, "tgl_input": null, "tgl_update": null, "no_aset": null, "context": "Wash Out", "tgl_delete": null, "nama_dma": "4.6.3 DMA Bona Kaja Selatan 3", "no_bap": null, "subsistem": null, "tgl_asbuilt": null, "id_verifikasi": null, "sumber_data": null, "history": null, "petugas_input": null, "latitude": "-8.560746717092286", "longitude": "115.31724744227773", "verifikator": "Gilang Mada Awiyat" }, "geometry": { "type": "Point", "coordinates": [ 115.317247442277733, -8.560746717092286 ] } },
{ "type": "Feature", "properties": { "id": 34, "nama_zona": "Bakbakan", "pelayanan": "Pelayanan Gianyar", "diameter": null, "kondisi": "Baik", "merk": null, "lokasi": "Goa Rang Reng", "posisi": null, "th_pasang": null, "elevasi": null, "putaran": null, "notes": null, "status": 0.0, "foto": null, "tgl_input": null, "tgl_update": null, "no_aset": null, "context": "Wash Out", "tgl_delete": null, "nama_dma": "1.5.3 DMA Selat", "no_bap": null, "subsistem": null, "tgl_asbuilt": null, "id_verifikasi": null, "sumber_data": null, "history": null, "petugas_input": null, "latitude": "-8.515547701644994", "longitude": "115.33164121814455", "verifikator": "I Made Sutika Semarajaya" }, "geometry": { "type": "Point", "coordinates": [ 115.331641218144554, -8.515547701644994 ] } },
{ "type": "Feature", "properties": { "id": 93, "nama_zona": "Kedewatan", "pelayanan": "Pelayanan Ubud", "diameter": 100.0, "kondisi": "Baik", "merk": null, "lokasi": "Barat Balai Banjar Payogan", "posisi": null, "th_pasang": null, "elevasi": 0.0, "putaran": null, "notes": null, "status": 1.0, "foto": null, "tgl_input": null, "tgl_update": null, "no_aset": null, "context": "Wash Out", "tgl_delete": null, "nama_dma": "5.1.3 DMA Payogan", "no_bap": null, "subsistem": null, "tgl_asbuilt": null, "id_verifikasi": null, "sumber_data": null, "history": null, "petugas_input": null, "latitude": "-8.481802731934105", "longitude": "115.2513852960864", "verifikator": "I Wayan Eka Putra Yasa" }, "geometry": { "type": "Point", "coordinates": [ 115.251385296086397, -8.481802731934105 ] } },
{ "type": "Feature", "properties": { "id": 95, "nama_zona": "Kedewatan", "pelayanan": "Pelayanan Ubud", "diameter": 200.0, "kondisi": "Baik", "merk": null, "lokasi": "Barat DMA campuhan", "posisi": null, "th_pasang": null, "elevasi": null, "putaran": null, "notes": null, "status": 0.0, "foto": null, "tgl_input": null, "tgl_update": null, "no_aset": null, "context": "Wash Out", "tgl_delete": null, "nama_dma": "5.1.6 DMA Sanggingan", "no_bap": null, "subsistem": null, "tgl_asbuilt": null, "id_verifikasi": null, "sumber_data": null, "history": null, "petugas_input": null, "latitude": "-8.50482379396625", "longitude": "115.25427920747117", "verifikator": "I Wayan Eka Putra Yasa" }, "geometry": { "type": "Point", "coordinates": [ 115.254279207471171, -8.504823793966249 ] } },
{ "type": "Feature", "properties": { "id": 182, "nama_zona": "Kota Payangan", "pelayanan": "Pelayanan Payangan", "diameter": null, "kondisi": "Baik", "merk": null, "lokasi": "BBT", "posisi": null, "th_pasang": null, "elevasi": null, "putaran": null, "notes": null, "status": null, "foto": null, "tgl_input": "2025-05-28", "tgl_update": null, "no_aset": null, "context": "Wash Out", "tgl_delete": null, "nama_dma": "7.4.1 DMA Giri Kusuma", "no_bap": null, "subsistem": null, "tgl_asbuilt": null, "id_verifikasi": null, "sumber_data": "", "history": null, "petugas_input": null, "latitude": "-8.41491093846518", "longitude": "115.24246062485607", "verifikator": "I Nyoman Sumayasa" }, "geometry": { "type": "Point", "coordinates": [ 115.242460624856065, -8.41491093846518 ] } },
{ "type": "Feature", "properties": { "id": 14, "nama_zona": "Kota Payangan", "pelayanan": "Pelayanan Payangan", "diameter": 75.0, "kondisi": "Baik", "merk": null, "lokasi": "Jembatan Karang Suwung DMA", "posisi": null, "th_pasang": null, "elevasi": null, "putaran": null, "notes": null, "status": 0.0, "foto": null, "tgl_input": null, "tgl_update": "2024-04-23", "no_aset": 4.0, "context": "Wash Out", "tgl_delete": null, "nama_dma": "7.4.7 DMA Karang Suwung (BBT DN 200)", "no_bap": null, "subsistem": null, "tgl_asbuilt": null, "id_verifikasi": null, "sumber_data": null, "history": null, "petugas_input": null, "latitude": "-8.438016440497165", "longitude": "115.242502561273", "verifikator": "I Nyoman Sumayasa" }, "geometry": { "type": "Point", "coordinates": [ 115.242502561273, -8.438016440497165 ] } },
{ "type": "Feature", "properties": { "id": 15, "nama_zona": "Kota Payangan", "pelayanan": "Pelayanan Payangan", "diameter": 150.0, "kondisi": "Baik", "merk": null, "lokasi": "Timur Jembatan Kelusa", "posisi": null, "th_pasang": null, "elevasi": null, "putaran": null, "notes": null, "status": 0.0, "foto": null, "tgl_input": null, "tgl_update": "2022-08-12", "no_aset": 3.0, "context": "Wash Out", "tgl_delete": null, "nama_dma": "7.4.5 DMA Sema", "no_bap": null, "subsistem": null, "tgl_asbuilt": null, "id_verifikasi": null, "sumber_data": null, "history": null, "petugas_input": null, "latitude": "-8.436540727464298", "longitude": "115.2537095441385", "verifikator": "I Nyoman Sumayasa" }, "geometry": { "type": "Point", "coordinates": [ 115.253709544138502, -8.436540727464298 ] } },
{ "type": "Feature", "properties": { "id": 35, "nama_zona": "Belega", "pelayanan": "Pelayanan Blahbatuh", "diameter": 75.0, "kondisi": "Baik", "merk": null, "lokasi": "Barat Balai Banjar Dana", "posisi": null, "th_pasang": null, "elevasi": null, "putaran": null, "notes": null, "status": 0.0, "foto": null, "tgl_input": null, "tgl_update": null, "no_aset": null, "context": "Wash Out", "tgl_delete": null, "nama_dma": "4.5.1 DMA Jasri", "no_bap": null, "subsistem": null, "tgl_asbuilt": null, "id_verifikasi": null, "sumber_data": null, "history": null, "petugas_input": null, "latitude": "-8.558481304972753", "longitude": "115.31096690080932", "verifikator": "Gilang Mada Awiyat" }, "geometry": { "type": "Point", "coordinates": [ 115.310966900809319, -8.558481304972753 ] } },
{ "type": "Feature", "properties": { "id": 36, "nama_zona": "Bedulu", "pelayanan": "Pelayanan Blahbatuh", "diameter": 150.0, "kondisi": "Baik", "merk": null, "lokasi": "Timur Balai Banjar Marga Bingung", "posisi": null, "th_pasang": null, "elevasi": null, "putaran": null, "notes": null, "status": 0.0, "foto": null, "tgl_input": null, "tgl_update": null, "no_aset": null, "context": "Wash Out", "tgl_delete": null, "nama_dma": "4.7.1 DMA Wanayu", "no_bap": null, "subsistem": null, "tgl_asbuilt": null, "id_verifikasi": null, "sumber_data": null, "history": null, "petugas_input": null, "latitude": "-8.52614766555932", "longitude": "115.29573128875398", "verifikator": "I Gede Parwata" }, "geometry": { "type": "Point", "coordinates": [ 115.295731288753984, -8.52614766555932 ] } },
{ "type": "Feature", "properties": { "id": 37, "nama_zona": "Batubulan Kangin", "pelayanan": "Pelayanan Sukawati", "diameter": 50.0, "kondisi": "Baik", "merk": null, "lokasi": "Jl. Maruti", "posisi": null, "th_pasang": null, "elevasi": null, "putaran": null, "notes": null, "status": 0.0, "foto": null, "tgl_input": null, "tgl_update": "2024-04-30", "no_aset": null, "context": "Wash Out", "tgl_delete": null, "nama_dma": "2.3.4 DMA Sakih", "no_bap": null, "subsistem": null, "tgl_asbuilt": null, "id_verifikasi": null, "sumber_data": null, "history": null, "petugas_input": null, "latitude": "-8.620536812215454", "longitude": "115.28726911575122", "verifikator": "I Kadek Heriawan" }, "geometry": { "type": "Point", "coordinates": [ 115.287269115751215, -8.620536812215454 ] } },
{ "type": "Feature", "properties": { "id": 38, "nama_zona": "Batubulan Kangin", "pelayanan": "Pelayanan Sukawati", "diameter": 100.0, "kondisi": "Baik", "merk": null, "lokasi": "Utara Balai Banjar Puseh", "posisi": null, "th_pasang": null, "elevasi": null, "putaran": null, "notes": null, "status": 0.0, "foto": null, "tgl_input": null, "tgl_update": null, "no_aset": null, "context": "Wash Out", "tgl_delete": null, "nama_dma": "2.3.3 DMA Petanu Ketewel", "no_bap": null, "subsistem": null, "tgl_asbuilt": null, "id_verifikasi": null, "sumber_data": null, "history": null, "petugas_input": null, "latitude": "-8.624097320060786", "longitude": "115.28408089119782", "verifikator": "I Kadek Heriawan" }, "geometry": { "type": "Point", "coordinates": [ 115.284080891197817, -8.624097320060786 ] } },
{ "type": "Feature", "properties": { "id": 39, "nama_zona": "Singapadu", "pelayanan": "Pelayanan Sukawati", "diameter": 40.0, "kondisi": "Baik", "merk": null, "lokasi": "Jl. Puseh Natih", "posisi": null, "th_pasang": null, "elevasi": null, "putaran": null, "notes": null, "status": 0.0, "foto": null, "tgl_input": null, "tgl_update": "2024-11-30", "no_aset": null, "context": "Wash Out", "tgl_delete": null, "nama_dma": "2.1.1 DMA Kengetan Barat 4", "no_bap": null, "subsistem": null, "tgl_asbuilt": null, "id_verifikasi": null, "sumber_data": null, "history": "2024-11-30 Update Nama DMA 2.1.1 DMA Kengetan Barat 4", "petugas_input": null, "latitude": "-8.572995204771672", "longitude": "115.25582168030543", "verifikator": "I Kadek Heriawan" }, "geometry": { "type": "Point", "coordinates": [ 115.255821680305431, -8.572995204771672 ] } },
{ "type": "Feature", "properties": { "id": 41, "nama_zona": "Batubulan Kangin", "pelayanan": "Pelayanan Sukawati", "diameter": 100.0, "kondisi": "Baik", "merk": null, "lokasi": "Jl. Dharma Wangsa", "posisi": null, "th_pasang": null, "elevasi": null, "putaran": null, "notes": null, "status": 0.0, "foto": null, "tgl_input": null, "tgl_update": null, "no_aset": null, "context": "Wash Out", "tgl_delete": null, "nama_dma": "2.3.1 DMA Tampad", "no_bap": null, "subsistem": null, "tgl_asbuilt": null, "id_verifikasi": null, "sumber_data": null, "history": null, "petugas_input": null, "latitude": "-8.61507621129824", "longitude": "115.2794610339117", "verifikator": "I Kadek Heriawan" }, "geometry": { "type": "Point", "coordinates": [ 115.279461033911701, -8.61507621129824 ] } },
{ "type": "Feature", "properties": { "id": 42, "nama_zona": "Sumita", "pelayanan": "Pelayanan Gianyar", "diameter": 100.0, "kondisi": "Baik", "merk": null, "lokasi": "Selatan Balai Banjar Penyembahan", "posisi": null, "th_pasang": null, "elevasi": null, "putaran": null, "notes": null, "status": 0.0, "foto": null, "tgl_input": null, "tgl_update": null, "no_aset": null, "context": "Wash Out", "tgl_delete": null, "nama_dma": "1.4.1 DMA Melayang Benawah", "no_bap": null, "subsistem": null, "tgl_asbuilt": null, "id_verifikasi": null, "sumber_data": null, "history": null, "petugas_input": null, "latitude": "-8.469337761489378", "longitude": "115.31508017872287", "verifikator": "I Made Sutika Semarajaya" }, "geometry": { "type": "Point", "coordinates": [ 115.315080178722866, -8.469337761489378 ] } },
{ "type": "Feature", "properties": { "id": 44, "nama_zona": "Kota Ubud", "pelayanan": "Pelayanan Ubud", "diameter": 150.0, "kondisi": "Baik", "merk": null, "lokasi": "Barat Budiana", "posisi": null, "th_pasang": null, "elevasi": null, "putaran": null, "notes": null, "status": 0.0, "foto": null, "tgl_input": null, "tgl_update": null, "no_aset": null, "context": "Wash Out", "tgl_delete": null, "nama_dma": "5.3.1 DMA Kota Campuhan 8", "no_bap": null, "subsistem": null, "tgl_asbuilt": null, "id_verifikasi": null, "sumber_data": null, "history": null, "petugas_input": null, "latitude": "-8.523894292904025", "longitude": "115.27023501625003", "verifikator": "I Wayan Artawan" }, "geometry": { "type": "Point", "coordinates": [ 115.270235016250027, -8.523894292904025 ] } },
{ "type": "Feature", "properties": { "id": 45, "nama_zona": "Gepokan", "pelayanan": "Pelayanan Tampaksiring", "diameter": 50.0, "kondisi": "Baik", "merk": null, "lokasi": "Ujung Desa Sawagunung", "posisi": "Tf", "th_pasang": null, "elevasi": null, "putaran": null, "notes": null, "status": 0.0, "foto": null, "tgl_input": null, "tgl_update": null, "no_aset": null, "context": "Wash Out", "tgl_delete": null, "nama_dma": "3.7.1 DMA Gepokan", "no_bap": null, "subsistem": null, "tgl_asbuilt": null, "id_verifikasi": null, "sumber_data": null, "history": null, "petugas_input": null, "latitude": "-8.505596695491482", "longitude": "115.3024965835541", "verifikator": "I Nyoman Suarta, S.E." }, "geometry": { "type": "Point", "coordinates": [ 115.302496583554102, -8.505596695491482 ] } },
{ "type": "Feature", "properties": { "id": 46, "nama_zona": "Kota Tegallalang", "pelayanan": "Pelayanan Tegallalang", "diameter": 50.0, "kondisi": "Baik", "merk": null, "lokasi": "Logger Tangkup", "posisi": null, "th_pasang": null, "elevasi": null, "putaran": null, "notes": null, "status": 0.0, "foto": null, "tgl_input": null, "tgl_update": null, "no_aset": null, "context": "Wash Out", "tgl_delete": null, "nama_dma": "6.3.2 DMA Tangkup", "no_bap": null, "subsistem": null, "tgl_asbuilt": "2024-06-06", "id_verifikasi": null, "sumber_data": null, "history": null, "petugas_input": null, "latitude": "-8.43715107561012", "longitude": "115.28074669015297", "verifikator": "I Wayan Suardana" }, "geometry": { "type": "Point", "coordinates": [ 115.280746690152966, -8.437151075610119 ] } },
{ "type": "Feature", "properties": { "id": 47, "nama_zona": "Blangsinga", "pelayanan": "Pelayanan Blahbatuh", "diameter": 100.0, "kondisi": "Baik", "merk": "DKY", "lokasi": "BR. SABA - JALAN MENUJU KE PANTAI SABA", "posisi": "Rendah", "th_pasang": null, "elevasi": null, "putaran": "TF", "notes": null, "status": 0.0, "foto": null, "tgl_input": "2024-02-14", "tgl_update": "2024-02-15", "no_aset": null, "context": "Wash Out", "tgl_delete": null, "nama_dma": "4.2.4 DMA Saba", "no_bap": "0067\/BAP\/II\/II\/2024", "subsistem": null, "tgl_asbuilt": null, "id_verifikasi": null, "sumber_data": "BAP", "history": null, "petugas_input": null, "latitude": "-8.609947289847023", "longitude": "115.31797370963817", "verifikator": "I Gede Parwata" }, "geometry": { "type": "Point", "coordinates": [ 115.317973709638167, -8.609947289847023 ] } },
{ "type": "Feature", "properties": { "id": 48, "nama_zona": "Belega", "pelayanan": "Pelayanan Blahbatuh", "diameter": 75.0, "kondisi": "Baik", "merk": null, "lokasi": "Barat Jembatan", "posisi": null, "th_pasang": null, "elevasi": null, "putaran": null, "notes": null, "status": 0.0, "foto": null, "tgl_input": null, "tgl_update": null, "no_aset": null, "context": "Wash Out", "tgl_delete": null, "nama_dma": "4.5.1 DMA Jasri", "no_bap": null, "subsistem": null, "tgl_asbuilt": null, "id_verifikasi": null, "sumber_data": null, "history": null, "petugas_input": null, "latitude": "-8.568124837668014", "longitude": "115.31239437090822", "verifikator": "I Gede Parwata" }, "geometry": { "type": "Point", "coordinates": [ 115.312394370908223, -8.568124837668014 ] } },
{ "type": "Feature", "properties": { "id": 49, "nama_zona": "Kota Sukawati", "pelayanan": "Pelayanan Sukawati", "diameter": null, "kondisi": "Baik", "merk": null, "lokasi": "Barat Balai Banjar Delod Tangkluk", "posisi": null, "th_pasang": null, "elevasi": null, "putaran": null, "notes": null, "status": 0.0, "foto": null, "tgl_input": null, "tgl_update": null, "no_aset": null, "context": "Wash Out", "tgl_delete": null, "nama_dma": "2.4.7 Sub DMA Dentiyis", "no_bap": null, "subsistem": null, "tgl_asbuilt": null, "id_verifikasi": null, "sumber_data": null, "history": null, "petugas_input": null, "latitude": "-8.59744724737023", "longitude": "115.28157440737337", "verifikator": "I Komang Sucipta" }, "geometry": { "type": "Point", "coordinates": [ 115.28157440737337, -8.59744724737023 ] } },
{ "type": "Feature", "properties": { "id": 50, "nama_zona": "Kota Sukawati", "pelayanan": "Pelayanan Sukawati", "diameter": 50.0, "kondisi": "Baik", "merk": "DKY", "lokasi": "JL. PANTAI PURNAMA BR GELUMPANG", "posisi": null, "th_pasang": "2022", "elevasi": null, "putaran": null, "notes": null, "status": 0.0, "foto": null, "tgl_input": "2022-01-14", "tgl_update": null, "no_aset": null, "context": "Wash Out", "tgl_delete": null, "nama_dma": "2.4.10 DMA Gelumpang", "no_bap": null, "subsistem": null, "tgl_asbuilt": null, "id_verifikasi": null, "sumber_data": null, "history": null, "petugas_input": null, "latitude": "-8.610821658916544", "longitude": "115.30610708400435", "verifikator": "I Komang Sucipta" }, "geometry": { "type": "Point", "coordinates": [ 115.306107084004353, -8.610821658916544 ] } },
{ "type": "Feature", "properties": { "id": 51, "nama_zona": "Tarukan", "pelayanan": "Pelayanan Tampaksiring", "diameter": 75.0, "kondisi": "Baik", "merk": null, "lokasi": "Depan Permandian Umum", "posisi": "Diatur", "th_pasang": "2019", "elevasi": 0.0, "putaran": null, "notes": null, "status": 1.0, "foto": null, "tgl_input": null, "tgl_update": null, "no_aset": null, "context": "Wash Out", "tgl_delete": null, "nama_dma": "3.5.4 DMA Tatiapi", "no_bap": null, "subsistem": null, "tgl_asbuilt": null, "id_verifikasi": null, "sumber_data": null, "history": null, "petugas_input": null, "latitude": "-8.511262327886765", "longitude": "115.28875936089757", "verifikator": "I Nyoman Suarta, S.E." }, "geometry": { "type": "Point", "coordinates": [ 115.288759360897572, -8.511262327886765 ] } },
{ "type": "Feature", "properties": { "id": 52, "nama_zona": "Gepokan", "pelayanan": "Pelayanan Tampaksiring", "diameter": 50.0, "kondisi": "Baik", "merk": null, "lokasi": "Ujung Desa Sawagunung", "posisi": "Tf", "th_pasang": null, "elevasi": null, "putaran": null, "notes": null, "status": 0.0, "foto": null, "tgl_input": null, "tgl_update": null, "no_aset": null, "context": "Wash Out", "tgl_delete": null, "nama_dma": "3.7.1 DMA Gepokan", "no_bap": null, "subsistem": null, "tgl_asbuilt": null, "id_verifikasi": null, "sumber_data": null, "history": null, "petugas_input": null, "latitude": "-8.50559668153566", "longitude": "115.30249659311907", "verifikator": "I Nyoman Suarta, S.E." }, "geometry": { "type": "Point", "coordinates": [ 115.302496593119074, -8.505596681535661 ] } },
{ "type": "Feature", "properties": { "id": 53, "nama_zona": "Gepokan", "pelayanan": "Pelayanan Tampaksiring", "diameter": 75.0, "kondisi": "Baik", "merk": null, "lokasi": "Ujung Desa Pejeng Kelod", "posisi": "Tf", "th_pasang": "2019", "elevasi": null, "putaran": null, "notes": null, "status": 0.0, "foto": null, "tgl_input": null, "tgl_update": null, "no_aset": null, "context": "Wash Out", "tgl_delete": null, "nama_dma": "3.7.3 DMA Gubat", "no_bap": null, "subsistem": null, "tgl_asbuilt": null, "id_verifikasi": null, "sumber_data": null, "history": null, "petugas_input": null, "latitude": "-8.520808674800032", "longitude": "115.30060432780834", "verifikator": "I Nyoman Suarta, S.E." }, "geometry": { "type": "Point", "coordinates": [ 115.300604327808344, -8.520808674800032 ] } },
{ "type": "Feature", "properties": { "id": 54, "nama_zona": "Bukit Jati", "pelayanan": "Pelayanan Gianyar", "diameter": null, "kondisi": "Baik", "merk": null, "lokasi": "Selatan Balai Banjar Bukit Jangkrik", "posisi": null, "th_pasang": null, "elevasi": null, "putaran": null, "notes": null, "status": 0.0, "foto": null, "tgl_input": null, "tgl_update": "2024-04-30", "no_aset": null, "context": "Wash Out", "tgl_delete": null, "nama_dma": "1.11.2 DMA Res. Bukit Jati", "no_bap": null, "subsistem": null, "tgl_asbuilt": null, "id_verifikasi": null, "sumber_data": null, "history": null, "petugas_input": null, "latitude": "-8.53196192348995", "longitude": "115.34303111363043", "verifikator": "I Wayan Degug" }, "geometry": { "type": "Point", "coordinates": [ 115.343031113630431, -8.53196192348995 ] } },
{ "type": "Feature", "properties": { "id": 55, "nama_zona": "Siangan", "pelayanan": "Pelayanan Gianyar", "diameter": null, "kondisi": "Baik", "merk": null, "lokasi": "Banjar Sengguan", "posisi": null, "th_pasang": null, "elevasi": null, "putaran": null, "notes": null, "status": 0.0, "foto": null, "tgl_input": null, "tgl_update": "2025-01-31", "no_aset": null, "context": "Wash Out", "tgl_delete": null, "nama_dma": "1.7.1 SB Siangan", "no_bap": null, "subsistem": null, "tgl_asbuilt": null, "id_verifikasi": null, "sumber_data": null, "history": "2025-01-31 Memperbaiki data nama_dma disesuaikan dengan posisi DMA area atau poligon DMA menjadi 1.7.1 SB Siangan", "petugas_input": null, "latitude": "-8.528047925931212", "longitude": "115.31582178467352", "verifikator": "I Made Sutika Semarajaya" }, "geometry": { "type": "Point", "coordinates": [ 115.315821784673517, -8.528047925931212 ] } },
{ "type": "Feature", "properties": { "id": 56, "nama_zona": "Tulikup", "pelayanan": "Pelayanan Gianyar", "diameter": 100.0, "kondisi": "Baik", "merk": null, "lokasi": "Banjar Siyut", "posisi": null, "th_pasang": "2024", "elevasi": null, "putaran": null, "notes": null, "status": 0.0, "foto": null, "tgl_input": "2024-10-02", "tgl_update": "2024-10-02", "no_aset": null, "context": "Wash Out", "tgl_delete": null, "nama_dma": "1.10.3 DMA Meranggi", "no_bap": "0129\/BAP\/I\/VIII\/2024", "subsistem": null, "tgl_asbuilt": null, "id_verifikasi": 90, "sumber_data": "BAP", "history": null, "petugas_input": null, "latitude": "-8.562342180942238", "longitude": "115.36455466846945", "verifikator": "I Wayan Degug" }, "geometry": { "type": "Point", "coordinates": [ 115.364554668469452, -8.562342180942238 ] } },
{ "type": "Feature", "properties": { "id": 57, "nama_zona": "Peliatan", "pelayanan": "Pelayanan Ubud", "diameter": 100.0, "kondisi": "Baik", "merk": null, "lokasi": "Depan gim", "posisi": null, "th_pasang": null, "elevasi": null, "putaran": null, "notes": null, "status": 0.0, "foto": null, "tgl_input": null, "tgl_update": "2024-04-30", "no_aset": null, "context": "Wash Out", "tgl_delete": null, "nama_dma": "5.5.1 DMA Andong", "no_bap": null, "subsistem": null, "tgl_asbuilt": null, "id_verifikasi": null, "sumber_data": null, "history": null, "petugas_input": null, "latitude": "-8.509072252678608", "longitude": "115.27057346172035", "verifikator": "I Wayan Artawan" }, "geometry": { "type": "Point", "coordinates": [ 115.270573461720346, -8.509072252678608 ] } },
{ "type": "Feature", "properties": { "id": 58, "nama_zona": "Kedisan Timur", "pelayanan": "Pelayanan Tegallalang", "diameter": null, "kondisi": "Baik", "merk": null, "lokasi": "Barat Balai Banjar Kenderan", "posisi": null, "th_pasang": null, "elevasi": null, "putaran": null, "notes": null, "status": 0.0, "foto": null, "tgl_input": null, "tgl_update": null, "no_aset": null, "context": "Wash Out", "tgl_delete": null, "nama_dma": "6.1.5 DMA Kendran", "no_bap": null, "subsistem": null, "tgl_asbuilt": null, "id_verifikasi": null, "sumber_data": null, "history": null, "petugas_input": null, "latitude": "-8.470331046492898", "longitude": "115.28364704222253", "verifikator": "I Wayan Suardana" }, "geometry": { "type": "Point", "coordinates": [ 115.283647042222526, -8.470331046492898 ] } },
{ "type": "Feature", "properties": { "id": 59, "nama_zona": "Kota Sukawati", "pelayanan": "Pelayanan Sukawati", "diameter": 75.0, "kondisi": "Baik", "merk": null, "lokasi": "Timur Balai Banjar Wangbung", "posisi": null, "th_pasang": null, "elevasi": null, "putaran": null, "notes": null, "status": 0.0, "foto": null, "tgl_input": null, "tgl_update": null, "no_aset": null, "context": "Wash Out", "tgl_delete": null, "nama_dma": "2.4.11 DMA Guwang", "no_bap": null, "subsistem": null, "tgl_asbuilt": null, "id_verifikasi": null, "sumber_data": null, "history": null, "petugas_input": null, "latitude": "-8.610326053629512", "longitude": "115.28941293172743", "verifikator": "I Komang Sucipta" }, "geometry": { "type": "Point", "coordinates": [ 115.289412931727426, -8.610326053629512 ] } },
{ "type": "Feature", "properties": { "id": 205, "nama_zona": "Kota Payangan", "pelayanan": "Pelayanan Payangan", "diameter": 100.0, "kondisi": "Baik", "merk": null, "lokasi": "Jl. Raya Payangan", "posisi": null, "th_pasang": null, "elevasi": null, "putaran": null, "notes": null, "status": null, "foto": null, "tgl_input": "2025-02-20", "tgl_update": null, "no_aset": null, "context": "Wash Out", "tgl_delete": null, "nama_dma": "7.4.6 DMA Pengaji (BBT DN 200)", "no_bap": null, "subsistem": null, "tgl_asbuilt": null, "id_verifikasi": null, "sumber_data": null, "history": null, "petugas_input": null, "latitude": "-8.444490214749925", "longitude": "115.24285527195903", "verifikator": "I Nyoman Sumayasa" }, "geometry": { "type": "Point", "coordinates": [ 115.24285527195903, -8.444490214749925 ] } },
{ "type": "Feature", "properties": { "id": 427, "nama_zona": "Kedisan Timur", "pelayanan": "Pelayanan Tegallalang", "diameter": 50.0, "kondisi": "Baik", "merk": null, "lokasi": "Banjar Bayad", "posisi": null, "th_pasang": "2025", "elevasi": null, "putaran": null, "notes": null, "status": null, "foto": null, "tgl_input": "2025-07-16", "tgl_update": null, "no_aset": null, "context": "Wash Out", "tgl_delete": null, "nama_dma": "6.1.7 DMA Bayad Selatan", "no_bap": "0055\/BAP\/V\/VII\/2025", "subsistem": null, "tgl_asbuilt": null, "id_verifikasi": null, "sumber_data": null, "history": null, "petugas_input": null, "latitude": "-8.421254198341769", "longitude": "115.29649405738897", "verifikator": "I Wayan Suardana" }, "geometry": { "type": "Point", "coordinates": [ 115.296494057388969, -8.421254198341769 ] } },
{ "type": "Feature", "properties": { "id": 169, "nama_zona": "Batubulan", "pelayanan": "Pelayanan Sukawati", "diameter": 100.0, "kondisi": "Baik", "merk": null, "lokasi": "Timur Balai Banjar Tegehe", "posisi": null, "th_pasang": "2024", "elevasi": null, "putaran": null, "notes": null, "status": null, "foto": null, "tgl_input": "2024-10-02", "tgl_update": "2024-11-30", "no_aset": null, "context": "Wash Out", "tgl_delete": null, "nama_dma": "2.2.3 DMA Kapal", "no_bap": "0034\/BAP\/VI\/VII\/2024", "subsistem": null, "tgl_asbuilt": null, "id_verifikasi": null, "sumber_data": "BAP", "history": "2024-10-02  Input Accesorisl;\n2024-10-02  Set 2.2.3 DMA Kapal;\n2024-11-30 Update 2.2.3 DMA Kapal;\n\n", "petugas_input": null, "latitude": "-8.62857761282974", "longitude": "115.258622457824", "verifikator": "I Kadek Heriawan" }, "geometry": { "type": "Point", "coordinates": [ 115.258622457824004, -8.628577612829741 ] } },
{ "type": "Feature", "properties": { "id": 179, "nama_zona": "Gepokan", "pelayanan": "Pelayanan Tampaksiring", "diameter": null, "kondisi": "Baik", "merk": null, "lokasi": "Timur Balai Banjar Panglan", "posisi": null, "th_pasang": null, "elevasi": null, "putaran": null, "notes": null, "status": null, "foto": null, "tgl_input": "2025-01-23", "tgl_update": null, "no_aset": null, "context": "Wash Out", "tgl_delete": null, "nama_dma": "3.7.2 DMA Klusu", "no_bap": null, "subsistem": null, "tgl_asbuilt": null, "id_verifikasi": null, "sumber_data": null, "history": null, "petugas_input": null, "latitude": "-8.513282551094099", "longitude": "115.29991750323966", "verifikator": "I Nyoman Suarta, S.E." }, "geometry": { "type": "Point", "coordinates": [ 115.299932024719212, -8.513258375462543 ] } },
{ "type": "Feature", "properties": { "id": 61, "nama_zona": "Kota Sukawati", "pelayanan": "Pelayanan Sukawati", "diameter": 150.0, "kondisi": "Baik", "merk": null, "lokasi": "Selatan Balai Banjar Penida", "posisi": null, "th_pasang": null, "elevasi": null, "putaran": null, "notes": null, "status": 0.0, "foto": null, "tgl_input": null, "tgl_update": null, "no_aset": null, "context": "Wash Out", "tgl_delete": null, "nama_dma": "2.4.3 DMA Celuk", "no_bap": null, "subsistem": null, "tgl_asbuilt": null, "id_verifikasi": null, "sumber_data": null, "history": null, "petugas_input": null, "latitude": "-8.590592072602051", "longitude": "115.26852825442879", "verifikator": "I Komang Sucipta" }, "geometry": { "type": "Point", "coordinates": [ 115.268528254428787, -8.590592072602051 ] } },
{ "type": "Feature", "properties": { "id": 62, "nama_zona": "Keramas", "pelayanan": "Pelayanan Blahbatuh", "diameter": 75.0, "kondisi": "Baik", "merk": null, "lokasi": "Selatan Balai Banjar Medahan", "posisi": null, "th_pasang": null, "elevasi": null, "putaran": null, "notes": null, "status": 0.0, "foto": null, "tgl_input": null, "tgl_update": null, "no_aset": null, "context": "Wash Out", "tgl_delete": null, "nama_dma": "4.4.3 DMA Penulisan Barat", "no_bap": null, "subsistem": null, "tgl_asbuilt": null, "id_verifikasi": null, "sumber_data": null, "history": null, "petugas_input": null, "latitude": "-8.575188302006755", "longitude": "115.33692350966022", "verifikator": "I Gede Parwata" }, "geometry": { "type": "Point", "coordinates": [ 115.336923509660224, -8.575188302006755 ] } },
{ "type": "Feature", "properties": { "id": 63, "nama_zona": "Keramas", "pelayanan": "Pelayanan Blahbatuh", "diameter": 75.0, "kondisi": "Baik", "merk": null, "lokasi": "Barat Balai Banjar Penulisan", "posisi": null, "th_pasang": null, "elevasi": null, "putaran": null, "notes": null, "status": 0.0, "foto": null, "tgl_input": null, "tgl_update": "2024-12-09", "no_aset": null, "context": "Wash Out", "tgl_delete": "2024-12-09", "nama_dma": "4.4.3 DMA Penulisan Barat", "no_bap": null, "subsistem": null, "tgl_asbuilt": null, "id_verifikasi": null, "sumber_data": null, "history": null, "petugas_input": null, "latitude": "-8.571080266978857", "longitude": "115.33345505606842", "verifikator": "I Gede Parwata" }, "geometry": { "type": "Point", "coordinates": [ 115.333455056068416, -8.571080266978857 ] } },
{ "type": "Feature", "properties": { "id": 64, "nama_zona": "Madangan", "pelayanan": "Pelayanan Gianyar", "diameter": 100.0, "kondisi": "Baik", "merk": null, "lokasi": "Jl. Ngenjung Sari", "posisi": null, "th_pasang": null, "elevasi": null, "putaran": null, "notes": null, "status": 0.0, "foto": null, "tgl_input": null, "tgl_update": null, "no_aset": null, "context": "Wash Out", "tgl_delete": null, "nama_dma": "1.3.3 DMA Ngenjung Sari", "no_bap": null, "subsistem": null, "tgl_asbuilt": null, "id_verifikasi": null, "sumber_data": null, "history": null, "petugas_input": null, "latitude": "-8.511264298548548", "longitude": "115.32850216743326", "verifikator": "I Made Sutika Semarajaya" }, "geometry": { "type": "Point", "coordinates": [ 115.328502167433257, -8.511264298548548 ] } },
{ "type": "Feature", "properties": { "id": 65, "nama_zona": "Manukaya", "pelayanan": "Pelayanan Tampaksiring", "diameter": 100.0, "kondisi": "Baik", "merk": null, "lokasi": "Barat Banjar Maniktawang", "posisi": "Buka Full", "th_pasang": null, "elevasi": null, "putaran": null, "notes": null, "status": 0.0, "foto": null, "tgl_input": null, "tgl_update": null, "no_aset": null, "context": "Wash Out", "tgl_delete": null, "nama_dma": "3.1.1 DMA Basangambu", "no_bap": null, "subsistem": null, "tgl_asbuilt": null, "id_verifikasi": null, "sumber_data": null, "history": null, "petugas_input": null, "latitude": "-8.4226926763305", "longitude": "115.32028458169687", "verifikator": "Dewa Gede Agus Saputra" }, "geometry": { "type": "Point", "coordinates": [ 115.320284581696868, -8.422692676330501 ] } },
{ "type": "Feature", "properties": { "id": 66, "nama_zona": "Kota Tampaksiring", "pelayanan": "Pelayanan Tampaksiring", "diameter": 100.0, "kondisi": "Baik", "merk": null, "lokasi": "Utara Br. Manukaya Anyar", "posisi": "Buka Full", "th_pasang": "2019", "elevasi": null, "putaran": null, "notes": null, "status": 0.0, "foto": null, "tgl_input": null, "tgl_update": null, "no_aset": null, "context": "Wash Out", "tgl_delete": null, "nama_dma": "3.2.1 DMA Bantas", "no_bap": null, "subsistem": null, "tgl_asbuilt": null, "id_verifikasi": null, "sumber_data": null, "history": null, "petugas_input": null, "latitude": "-8.411031174267876", "longitude": "115.31206965070183", "verifikator": "Dewa Gede Agus Saputra" }, "geometry": { "type": "Point", "coordinates": [ 115.312069650701829, -8.411031174267876 ] } },
{ "type": "Feature", "properties": { "id": 67, "nama_zona": "Kota Tampaksiring", "pelayanan": "Pelayanan Tampaksiring", "diameter": 75.0, "kondisi": "Baik", "merk": "DKY", "lokasi": "Selatan Kuburan Bukit", "posisi": "Diatur", "th_pasang": "2019", "elevasi": null, "putaran": null, "notes": null, "status": 0.0, "foto": null, "tgl_input": null, "tgl_update": null, "no_aset": null, "context": "Wash Out", "tgl_delete": null, "nama_dma": "3.2.2 DMA Manukaya", "no_bap": null, "subsistem": null, "tgl_asbuilt": null, "id_verifikasi": null, "sumber_data": null, "history": null, "petugas_input": null, "latitude": "-8.444734841965982", "longitude": "115.31003615673379", "verifikator": "Dewa Gede Agus Saputra" }, "geometry": { "type": "Point", "coordinates": [ 115.310036156733787, -8.444734841965982 ] } },
{ "type": "Feature", "properties": { "id": 68, "nama_zona": "Sanding", "pelayanan": "Pelayanan Tampaksiring", "diameter": 75.0, "kondisi": "Baik", "merk": null, "lokasi": "Selatan Pr. Bintang Kuning", "posisi": "Buka full", "th_pasang": null, "elevasi": null, "putaran": null, "notes": null, "status": 0.0, "foto": null, "tgl_input": null, "tgl_update": "2024-04-25", "no_aset": null, "context": "Wash Out", "tgl_delete": null, "nama_dma": "3.4.2 DMA Sembuwuk", "no_bap": null, "subsistem": null, "tgl_asbuilt": null, "id_verifikasi": null, "sumber_data": null, "history": null, "petugas_input": null, "latitude": "-8.486893311866817", "longitude": "115.2843605355697", "verifikator": "Dewa Gede Agus Saputra" }, "geometry": { "type": "Point", "coordinates": [ 115.284360535569704, -8.486893311866817 ] } },
{ "type": "Feature", "properties": { "id": 69, "nama_zona": "Sanding", "pelayanan": "Pelayanan Tampaksiring", "diameter": 40.0, "kondisi": "Baik", "merk": null, "lokasi": "Selatan Pr. Bintang Kuning", "posisi": "Buka full", "th_pasang": null, "elevasi": null, "putaran": null, "notes": null, "status": 0.0, "foto": null, "tgl_input": null, "tgl_update": "2025-01-22", "no_aset": null, "context": "Wash Out", "tgl_delete": "2025-01-22", "nama_dma": "3.4.2 DMA Sembuwuk", "no_bap": null, "subsistem": null, "tgl_asbuilt": null, "id_verifikasi": null, "sumber_data": null, "history": null, "petugas_input": null, "latitude": "-8.48702420373594", "longitude": "115.28427436116937", "verifikator": "Dewa Gede Agus Saputra" }, "geometry": { "type": "Point", "coordinates": [ 115.284274361169366, -8.48702420373594 ] } },
{ "type": "Feature", "properties": { "id": 70, "nama_zona": "Kerta", "pelayanan": "Pelayanan Payangan", "diameter": 75.0, "kondisi": "Baik", "merk": "DKY", "lokasi": "Selatan Res. Alas Angker", "posisi": null, "th_pasang": null, "elevasi": null, "putaran": null, "notes": null, "status": 0.0, "foto": null, "tgl_input": null, "tgl_update": null, "no_aset": 2.0, "context": "Wash Out", "tgl_delete": null, "nama_dma": "7.1.1 DMA Kerta Timur", "no_bap": null, "subsistem": null, "tgl_asbuilt": null, "id_verifikasi": null, "sumber_data": null, "history": null, "petugas_input": null, "latitude": "-8.331223239179005", "longitude": "115.2888864246359", "verifikator": "I Made Darsana" }, "geometry": { "type": "Point", "coordinates": [ 115.288886424635905, -8.331223239179005 ] } },
{ "type": "Feature", "properties": { "id": 72, "nama_zona": "Batubulan Kangin", "pelayanan": "Pelayanan Sukawati", "diameter": 100.0, "kondisi": "Baik", "merk": null, "lokasi": "Banjar Akta", "posisi": null, "th_pasang": null, "elevasi": null, "putaran": null, "notes": null, "status": 0.0, "foto": null, "tgl_input": null, "tgl_update": null, "no_aset": null, "context": "Wash Out", "tgl_delete": null, "nama_dma": "2.3.3 DMA Petanu Ketewel", "no_bap": null, "subsistem": null, "tgl_asbuilt": null, "id_verifikasi": null, "sumber_data": null, "history": null, "petugas_input": null, "latitude": "-8.639532266399428", "longitude": "115.27140626392251", "verifikator": "I Kadek Heriawan" }, "geometry": { "type": "Point", "coordinates": [ 115.271406263922515, -8.639532266399428 ] } },
{ "type": "Feature", "properties": { "id": 73, "nama_zona": "Sayan", "pelayanan": "Pelayanan Ubud", "diameter": 100.0, "kondisi": "Baik", "merk": null, "lokasi": "WASH OUT timur TK kertayasa", "posisi": null, "th_pasang": null, "elevasi": null, "putaran": null, "notes": null, "status": 0.0, "foto": null, "tgl_input": null, "tgl_update": null, "no_aset": null, "context": "Wash Out", "tgl_delete": null, "nama_dma": "5.2.3 DMA Singakerta", "no_bap": null, "subsistem": null, "tgl_asbuilt": null, "id_verifikasi": null, "sumber_data": null, "history": null, "petugas_input": null, "latitude": "-8.527096754182438", "longitude": "115.24341694073495", "verifikator": "I Wayan Eka Putra Yasa" }, "geometry": { "type": "Point", "coordinates": [ 115.243416940734946, -8.527096754182438 ] } },
{ "type": "Feature", "properties": { "id": 74, "nama_zona": "Sayan", "pelayanan": "Pelayanan Ubud", "diameter": 50.0, "kondisi": "Baik", "merk": null, "lokasi": "( WASH OUT ) Timur balai banjar", "posisi": null, "th_pasang": null, "elevasi": null, "putaran": null, "notes": null, "status": 0.0, "foto": null, "tgl_input": null, "tgl_update": null, "no_aset": null, "context": "Wash Out", "tgl_delete": null, "nama_dma": "5.2.1 DMA Baung ( Wil.Barat )", "no_bap": null, "subsistem": null, "tgl_asbuilt": null, "id_verifikasi": null, "sumber_data": null, "history": null, "petugas_input": null, "latitude": "-8.543136934106677", "longitude": "115.23875232251528", "verifikator": "I Wayan Eka Putra Yasa" }, "geometry": { "type": "Point", "coordinates": [ 115.238752322515282, -8.543136934106677 ] } },
{ "type": "Feature", "properties": { "id": 75, "nama_zona": "Batubulan Kangin", "pelayanan": "Pelayanan Sukawati", "diameter": 75.0, "kondisi": "Baik", "merk": null, "lokasi": "Barat Balai Banjar Kucupin", "posisi": null, "th_pasang": null, "elevasi": null, "putaran": null, "notes": null, "status": 0.0, "foto": null, "tgl_input": null, "tgl_update": null, "no_aset": null, "context": "Wash Out", "tgl_delete": null, "nama_dma": "2.3.3 DMA Petanu Ketewel", "no_bap": null, "subsistem": null, "tgl_asbuilt": null, "id_verifikasi": null, "sumber_data": null, "history": null, "petugas_input": null, "latitude": "-8.628693528494164", "longitude": "115.28963952913286", "verifikator": "I Kadek Heriawan" }, "geometry": { "type": "Point", "coordinates": [ 115.289639529132856, -8.628693528494164 ] } },
{ "type": "Feature", "properties": { "id": 76, "nama_zona": "Batubulan Kangin", "pelayanan": "Pelayanan Sukawati", "diameter": 75.0, "kondisi": "Baik", "merk": null, "lokasi": "Jl. Nusa Indah", "posisi": null, "th_pasang": null, "elevasi": null, "putaran": null, "notes": null, "status": 0.0, "foto": null, "tgl_input": null, "tgl_update": null, "no_aset": null, "context": "Wash Out", "tgl_delete": null, "nama_dma": "2.3.3 DMA Petanu Ketewel", "no_bap": null, "subsistem": null, "tgl_asbuilt": null, "id_verifikasi": null, "sumber_data": null, "history": null, "petugas_input": null, "latitude": "-8.641172083291629", "longitude": "115.28534693449714", "verifikator": "I Kadek Heriawan" }, "geometry": { "type": "Point", "coordinates": [ 115.285346934497142, -8.641172083291629 ] } },
{ "type": "Feature", "properties": { "id": 77, "nama_zona": "Pering", "pelayanan": "Pelayanan Blahbatuh", "diameter": 100.0, "kondisi": "Baik", "merk": null, "lokasi": "Selatan Pertigaan", "posisi": null, "th_pasang": null, "elevasi": null, "putaran": null, "notes": null, "status": 0.0, "foto": null, "tgl_input": null, "tgl_update": null, "no_aset": null, "context": "Wash Out", "tgl_delete": null, "nama_dma": "4.3.1 DMA Perangsada", "no_bap": null, "subsistem": null, "tgl_asbuilt": null, "id_verifikasi": null, "sumber_data": null, "history": null, "petugas_input": null, "latitude": "-8.586539798731039", "longitude": "115.3028776299672", "verifikator": "Gilang Mada Awiyat" }, "geometry": { "type": "Point", "coordinates": [ 115.302877629967199, -8.586539798731039 ] } },
{ "type": "Feature", "properties": { "id": 78, "nama_zona": "Pering", "pelayanan": "Pelayanan Blahbatuh", "diameter": 100.0, "kondisi": "Baik", "merk": null, "lokasi": "Jl. Raya Pering", "posisi": null, "th_pasang": null, "elevasi": null, "putaran": null, "notes": null, "status": 0.0, "foto": null, "tgl_input": null, "tgl_update": null, "no_aset": null, "context": "Wash Out", "tgl_delete": null, "nama_dma": "4.3.5 DMA Puskesmas Tojan 4", "no_bap": null, "subsistem": null, "tgl_asbuilt": null, "id_verifikasi": null, "sumber_data": null, "history": null, "petugas_input": null, "latitude": "-8.58097719108998", "longitude": "115.30926949739022", "verifikator": "Gilang Mada Awiyat" }, "geometry": { "type": "Point", "coordinates": [ 115.309269497390218, -8.58097719108998 ] } },
{ "type": "Feature", "properties": { "id": 79, "nama_zona": "Pering", "pelayanan": "Pelayanan Blahbatuh", "diameter": 75.0, "kondisi": "Baik", "merk": null, "lokasi": "Barat Pertigaan", "posisi": null, "th_pasang": null, "elevasi": null, "putaran": null, "notes": null, "status": 0.0, "foto": null, "tgl_input": null, "tgl_update": null, "no_aset": null, "context": "Wash Out", "tgl_delete": null, "nama_dma": "4.3.3 DMA Perum ABRI II", "no_bap": null, "subsistem": null, "tgl_asbuilt": null, "id_verifikasi": null, "sumber_data": null, "history": null, "petugas_input": null, "latitude": "-8.590410576934694", "longitude": "115.30759210754", "verifikator": "Gilang Mada Awiyat" }, "geometry": { "type": "Point", "coordinates": [ 115.307592107540003, -8.590410576934694 ] } },
{ "type": "Feature", "properties": { "id": 80, "nama_zona": "Pering", "pelayanan": "Pelayanan Blahbatuh", "diameter": 50.0, "kondisi": "Baik", "merk": null, "lokasi": "Selatan Pertigaan", "posisi": null, "th_pasang": null, "elevasi": null, "putaran": null, "notes": null, "status": 0.0, "foto": null, "tgl_input": null, "tgl_update": null, "no_aset": null, "context": "Wash Out", "tgl_delete": null, "nama_dma": "4.3.5 DMA Puskesmas Tojan 4", "no_bap": null, "subsistem": null, "tgl_asbuilt": null, "id_verifikasi": null, "sumber_data": null, "history": null, "petugas_input": null, "latitude": "-8.584681394459912", "longitude": "115.31698076228496", "verifikator": "Gilang Mada Awiyat" }, "geometry": { "type": "Point", "coordinates": [ 115.316980762284956, -8.584681394459912 ] } },
{ "type": "Feature", "properties": { "id": 81, "nama_zona": "Keramas", "pelayanan": "Pelayanan Blahbatuh", "diameter": 75.0, "kondisi": "Baik", "merk": null, "lokasi": "Jl. Maruti", "posisi": null, "th_pasang": null, "elevasi": null, "putaran": null, "notes": null, "status": 0.0, "foto": null, "tgl_input": null, "tgl_update": "2025-01-31", "no_aset": null, "context": "Wash Out", "tgl_delete": null, "nama_dma": "4.4.6 DMA Dayang", "no_bap": null, "subsistem": null, "tgl_asbuilt": null, "id_verifikasi": null, "sumber_data": null, "history": "2025-01-31 Memperbaiki data nama_dma disesuaikan dengan posisi DMA area atau poligon DMA menjadi 4.6.4 DMA Selat  Bona", "petugas_input": null, "latitude": "-8.577632104827087", "longitude": "115.32152477814593", "verifikator": "I Gede Parwata" }, "geometry": { "type": "Point", "coordinates": [ 115.321524778145928, -8.577632104827087 ] } },
{ "type": "Feature", "properties": { "id": 82, "nama_zona": "Keramas", "pelayanan": "Pelayanan Blahbatuh", "diameter": 75.0, "kondisi": "Baik", "merk": null, "lokasi": "Jl. Palak Lagi", "posisi": null, "th_pasang": null, "elevasi": null, "putaran": null, "notes": null, "status": 0.0, "foto": null, "tgl_input": null, "tgl_update": null, "no_aset": null, "context": "Wash Out", "tgl_delete": null, "nama_dma": "4.4.2 DMA Gaga", "no_bap": null, "subsistem": null, "tgl_asbuilt": null, "id_verifikasi": null, "sumber_data": null, "history": null, "petugas_input": null, "latitude": "-8.576039619457319", "longitude": "115.32116669455124", "verifikator": "I Gede Parwata" }, "geometry": { "type": "Point", "coordinates": [ 115.321166694551238, -8.576039619457319 ] } },
{ "type": "Feature", "properties": { "id": 85, "nama_zona": "Singapadu", "pelayanan": "Pelayanan Sukawati", "diameter": 150.0, "kondisi": "Baik", "merk": null, "lokasi": "Jl. Raya Tebongkang", "posisi": null, "th_pasang": null, "elevasi": null, "putaran": null, "notes": null, "status": 0.0, "foto": null, "tgl_input": null, "tgl_update": "2024-11-30", "no_aset": null, "context": "Wash Out", "tgl_delete": null, "nama_dma": "2.1.2 DMA Kengetan Timur 6", "no_bap": null, "subsistem": null, "tgl_asbuilt": null, "id_verifikasi": null, "sumber_data": null, "history": "2024-11-30 Update Nama DMA 2.1.2 DMA Kengetan Timur 6", "petugas_input": null, "latitude": "-8.587020624369071", "longitude": "115.25414951560475", "verifikator": "I Kadek Heriawan" }, "geometry": { "type": "Point", "coordinates": [ 115.254149515604752, -8.587020624369071 ] } },
{ "type": "Feature", "properties": { "id": 86, "nama_zona": "Singapadu", "pelayanan": "Pelayanan Sukawati", "diameter": 100.0, "kondisi": "Baik", "merk": null, "lokasi": "Jl. Raya Tebongkang", "posisi": null, "th_pasang": null, "elevasi": null, "putaran": null, "notes": null, "status": 0.0, "foto": null, "tgl_input": null, "tgl_update": "2024-11-30", "no_aset": null, "context": "Wash Out", "tgl_delete": null, "nama_dma": "2.1.2 DMA Kengetan Timur 6", "no_bap": null, "subsistem": null, "tgl_asbuilt": null, "id_verifikasi": null, "sumber_data": null, "history": "2024-11-30 Update Nama DMA 2.1.2 DMA Kengetan Timur 6", "petugas_input": null, "latitude": "-8.597164799337515", "longitude": "115.2534556220119", "verifikator": "I Kadek Heriawan" }, "geometry": { "type": "Point", "coordinates": [ 115.253455622011899, -8.597164799337515 ] } },
{ "type": "Feature", "properties": { "id": 87, "nama_zona": "Singapadu", "pelayanan": "Pelayanan Sukawati", "diameter": 75.0, "kondisi": "Baik", "merk": null, "lokasi": "Utara Balai Banjar Apuan", "posisi": null, "th_pasang": null, "elevasi": null, "putaran": null, "notes": null, "status": 0.0, "foto": null, "tgl_input": null, "tgl_update": "2024-11-30", "no_aset": null, "context": "Wash Out", "tgl_delete": null, "nama_dma": "2.1.3 DMA 3 Br. Kebon", "no_bap": null, "subsistem": null, "tgl_asbuilt": null, "id_verifikasi": null, "sumber_data": null, "history": "2024-11-30 Update Nama DMA 2.1.3 DMA 3 Br. Kebon", "petugas_input": null, "latitude": "-8.592138076120227", "longitude": "115.2636442088295", "verifikator": "I Kadek Heriawan" }, "geometry": { "type": "Point", "coordinates": [ 115.263644208829504, -8.592138076120227 ] } },
{ "type": "Feature", "properties": { "id": 88, "nama_zona": "Singapadu", "pelayanan": "Pelayanan Sukawati", "diameter": 75.0, "kondisi": "Baik", "merk": null, "lokasi": "Jl. Jaga Raga", "posisi": null, "th_pasang": null, "elevasi": null, "putaran": null, "notes": null, "status": 0.0, "foto": null, "tgl_input": null, "tgl_update": "2024-11-30", "no_aset": null, "context": "Wash Out", "tgl_delete": null, "nama_dma": "2.1.2 DMA Kengetan Timur 6", "no_bap": null, "subsistem": null, "tgl_asbuilt": null, "id_verifikasi": null, "sumber_data": null, "history": "2024-11-30 Update Nama DMA 2.1.2 DMA Kengetan Timur 6", "petugas_input": null, "latitude": "-8.592145184233589", "longitude": "115.26545787034847", "verifikator": "I Kadek Heriawan" }, "geometry": { "type": "Point", "coordinates": [ 115.26545787034847, -8.592145184233589 ] } },
{ "type": "Feature", "properties": { "id": 89, "nama_zona": "Singapadu", "pelayanan": "Pelayanan Sukawati", "diameter": 200.0, "kondisi": "Baik", "merk": null, "lokasi": "Jl. Piakan II", "posisi": null, "th_pasang": null, "elevasi": null, "putaran": null, "notes": null, "status": 0.0, "foto": null, "tgl_input": null, "tgl_update": "2024-11-30", "no_aset": null, "context": "Wash Out", "tgl_delete": null, "nama_dma": "2.1.2 DMA Kengetan Timur 6", "no_bap": null, "subsistem": null, "tgl_asbuilt": null, "id_verifikasi": null, "sumber_data": null, "history": "2024-11-30 Update Nama DMA 2.1.2 DMA Kengetan Timur 6", "petugas_input": null, "latitude": "-8.605924489735594", "longitude": "115.24987955867324", "verifikator": "I Kadek Heriawan" }, "geometry": { "type": "Point", "coordinates": [ 115.249879558673243, -8.605924489735594 ] } },
{ "type": "Feature", "properties": { "id": 166, "nama_zona": "Manukaya", "pelayanan": "Pelayanan Tampaksiring", "diameter": 40.0, "kondisi": "Baik", "merk": null, "lokasi": "Barat Balai Banjar Penendengan", "posisi": null, "th_pasang": "2024", "elevasi": null, "putaran": null, "notes": null, "status": null, "foto": null, "tgl_input": "2024-09-30", "tgl_update": "2025-01-22", "no_aset": null, "context": "Wash Out", "tgl_delete": null, "nama_dma": "3.1.2 DMA Keranjangan", "no_bap": "0151\/BAP\/VII\/V\/2024", "subsistem": null, "tgl_asbuilt": null, "id_verifikasi": null, "sumber_data": "BAP", "history": null, "petugas_input": null, "latitude": "-8.411686227326532", "longitude": "115.32524693827715", "verifikator": "Dewa Gede Agus Saputra" }, "geometry": { "type": "Point", "coordinates": [ 115.325246938277147, -8.411686227326532 ] } },
{ "type": "Feature", "properties": { "id": 146, "nama_zona": "Blangsinga", "pelayanan": "Pelayanan Blahbatuh", "diameter": 100.0, "kondisi": "Baik", "merk": null, "lokasi": "Perbatasan Glumpang dan Pinda", "posisi": null, "th_pasang": "2023", "elevasi": null, "putaran": null, "notes": null, "status": null, "foto": null, "tgl_input": "2023-06-30", "tgl_update": "2023-06-30", "no_aset": null, "context": "Wash Out", "tgl_delete": null, "nama_dma": "4.2.4 DMA Saba", "no_bap": "0202\/BAP\/II\/II\/2023", "subsistem": null, "tgl_asbuilt": null, "id_verifikasi": null, "sumber_data": "BAP", "history": null, "petugas_input": null, "latitude": "-8.600823578660943", "longitude": "115.29915049556503", "verifikator": "I Gede Parwata" }, "geometry": { "type": "Point", "coordinates": [ 115.29915049556503, -8.600823578660943 ] } },
{ "type": "Feature", "properties": { "id": 147, "nama_zona": "Kota Tegallalang", "pelayanan": "Pelayanan Tegallalang", "diameter": 75.0, "kondisi": "Baik", "merk": null, "lokasi": "Pelayanan Ujung Kelabang Moding", "posisi": null, "th_pasang": "2023", "elevasi": null, "putaran": null, "notes": null, "status": null, "foto": null, "tgl_input": "2023-09-29", "tgl_update": "2023-09-29", "no_aset": null, "context": "Wash Out", "tgl_delete": null, "nama_dma": "6.3.4 DMA Abangan", "no_bap": "0134\/BAP\/VII\/VIII\/2023", "subsistem": null, "tgl_asbuilt": "2024-06-06", "id_verifikasi": null, "sumber_data": "BAP", "history": null, "petugas_input": null, "latitude": "-8.47482917875478", "longitude": "115.26371626790946", "verifikator": "I Wayan Sujarwa" }, "geometry": { "type": "Point", "coordinates": [ 115.263716267909459, -8.47482917875478 ] } },
{ "type": "Feature", "properties": { "id": 148, "nama_zona": "Kota Tegallalang", "pelayanan": "Pelayanan Tegallalang", "diameter": 100.0, "kondisi": "Baik", "merk": "DKY", "lokasi": "Depan Artshop Bali Satya", "posisi": null, "th_pasang": "2023", "elevasi": null, "putaran": null, "notes": null, "status": null, "foto": null, "tgl_input": "2023-09-29", "tgl_update": "2023-09-29", "no_aset": null, "context": "Wash Out", "tgl_delete": null, "nama_dma": "6.3.6 DMA Gentong", "no_bap": "0019\/BAP\/V\/IX\/2023", "subsistem": null, "tgl_asbuilt": "2024-06-06", "id_verifikasi": null, "sumber_data": "BAP", "history": null, "petugas_input": null, "latitude": "-8.489246091828981", "longitude": "115.27558180641545", "verifikator": "I Wayan Sujarwa" }, "geometry": { "type": "Point", "coordinates": [ 115.275581806415445, -8.489246091828981 ] } },
{ "type": "Feature", "properties": { "id": 149, "nama_zona": "Blangsinga", "pelayanan": "Pelayanan Blahbatuh", "diameter": 40.0, "kondisi": "Baik", "merk": null, "lokasi": "Balai Br. Pidan Ke Barat", "posisi": null, "th_pasang": "2023", "elevasi": null, "putaran": null, "notes": null, "status": null, "foto": null, "tgl_input": "2023-10-30", "tgl_update": "2023-10-30", "no_aset": null, "context": "Wash Out", "tgl_delete": null, "nama_dma": "4.2.4 DMA Saba", "no_bap": "0108\/BAP\/II\/X\/2023", "subsistem": null, "tgl_asbuilt": null, "id_verifikasi": null, "sumber_data": "BAP", "history": null, "petugas_input": null, "latitude": "-8.598345494827724", "longitude": "115.2998943119059", "verifikator": "I Gede Parwata" }, "geometry": { "type": "Point", "coordinates": [ 115.299894311905902, -8.598345494827724 ] } },
{ "type": "Feature", "properties": { "id": 150, "nama_zona": "Gepokan", "pelayanan": "Pelayanan Tampaksiring", "diameter": 40.0, "kondisi": "Baik", "merk": null, "lokasi": "Br. Bitra Ke Utara", "posisi": null, "th_pasang": "2023", "elevasi": null, "putaran": null, "notes": null, "status": null, "foto": null, "tgl_input": "2023-10-31", "tgl_update": "2023-10-31", "no_aset": null, "context": "Wash Out", "tgl_delete": null, "nama_dma": "3.7.3 DMA Gubat", "no_bap": "0104\/BAP\/VII\/X\/2023", "subsistem": null, "tgl_asbuilt": null, "id_verifikasi": null, "sumber_data": "BAP", "history": null, "petugas_input": null, "latitude": "-8.52066049578607", "longitude": "115.30177496461623", "verifikator": "I Nyoman Suarta, S.E." }, "geometry": { "type": "Point", "coordinates": [ 115.301774964616229, -8.520660495786069 ] } },
{ "type": "Feature", "properties": { "id": 151, "nama_zona": "Kota Gianyar", "pelayanan": "Pelayanan Gianyar", "diameter": null, "kondisi": "Baik", "merk": null, "lokasi": "TIMUR JEMBATAN KRAMAS UJUNG DESA TEDUNG", "posisi": null, "th_pasang": "2024", "elevasi": null, "putaran": null, "notes": null, "status": null, "foto": null, "tgl_input": "2024-02-13", "tgl_update": "2024-02-13", "no_aset": null, "context": "Wash Out", "tgl_delete": null, "nama_dma": "1.14.6 DMA SB Tedung", "no_bap": "0044\/BAP\/I\/II\/2024", "subsistem": "SB Tedung", "tgl_asbuilt": null, "id_verifikasi": null, "sumber_data": "BAP", "history": null, "petugas_input": null, "latitude": "-8.570317329857156", "longitude": "115.32848521438429", "verifikator": "Dewa Ketut Arsana" }, "geometry": { "type": "Point", "coordinates": [ 115.328485214384287, -8.570317329857156 ] } },
{ "type": "Feature", "properties": { "id": 152, "nama_zona": "Kota Gianyar", "pelayanan": "Pelayanan Gianyar", "diameter": null, "kondisi": "Baik", "merk": null, "lokasi": "PERUMAHAN TEDUNG SARI DAMAI BLOK BAWAH", "posisi": null, "th_pasang": "2024", "elevasi": null, "putaran": null, "notes": null, "status": null, "foto": null, "tgl_input": "2024-02-13", "tgl_update": "2024-02-13", "no_aset": null, "context": "Wash Out", "tgl_delete": null, "nama_dma": "1.14.7 DMA Tedung Sari Damai", "no_bap": "0045\/BAP\/I\/II\/2024", "subsistem": "SB Tedung", "tgl_asbuilt": null, "id_verifikasi": null, "sumber_data": "BAP", "history": null, "petugas_input": null, "latitude": "-8.553913400264468", "longitude": "115.32295549849891", "verifikator": "Dewa Ketut Arsana" }, "geometry": { "type": "Point", "coordinates": [ 115.322955498498914, -8.553913400264468 ] } },
{ "type": "Feature", "properties": { "id": 153, "nama_zona": "Beng", "pelayanan": "Pelayanan Gianyar", "diameter": 100.0, "kondisi": "Baik", "merk": null, "lokasi": "Jl. Tukad Petanu", "posisi": null, "th_pasang": "2024", "elevasi": null, "putaran": null, "notes": null, "status": null, "foto": null, "tgl_input": "2024-03-25", "tgl_update": "2024-03-25", "no_aset": null, "context": "Wash Out", "tgl_delete": null, "nama_dma": "1.6.7 DMA Kuburan Beng", "no_bap": null, "subsistem": null, "tgl_asbuilt": null, "id_verifikasi": null, "sumber_data": null, "history": null, "petugas_input": null, "latitude": "-8.53688028813007", "longitude": "115.3323598111138", "verifikator": "Dewa Ketut Arsana" }, "geometry": { "type": "Point", "coordinates": [ 115.332359811113804, -8.536880288130069 ] } },
{ "type": "Feature", "properties": { "id": 154, "nama_zona": "Susut", "pelayanan": "Pelayanan Payangan", "diameter": 50.0, "kondisi": "Baik", "merk": null, "lokasi": "Nandini Jungle Resort & Spa", "posisi": null, "th_pasang": null, "elevasi": null, "putaran": null, "notes": null, "status": null, "foto": null, "tgl_input": null, "tgl_update": null, "no_aset": null, "context": "Wash Out", "tgl_delete": null, "nama_dma": "7.3.1 DMA Susut", "no_bap": null, "subsistem": null, "tgl_asbuilt": "2024-03-14", "id_verifikasi": null, "sumber_data": null, "history": null, "petugas_input": null, "latitude": "-8.414585683355481", "longitude": "115.23474079419029", "verifikator": "I Nyoman Sumayasa" }, "geometry": { "type": "Point", "coordinates": [ 115.234740794190287, -8.414585683355481 ] } },
{ "type": "Feature", "properties": { "id": 155, "nama_zona": "Susut", "pelayanan": "Pelayanan Payangan", "diameter": 50.0, "kondisi": "Baik", "merk": null, "lokasi": "Utara Pura Tangluk", "posisi": null, "th_pasang": null, "elevasi": null, "putaran": null, "notes": null, "status": null, "foto": null, "tgl_input": null, "tgl_update": null, "no_aset": null, "context": "Wash Out", "tgl_delete": null, "nama_dma": "7.3.1 DMA Susut", "no_bap": null, "subsistem": null, "tgl_asbuilt": "2024-03-14", "id_verifikasi": null, "sumber_data": null, "history": null, "petugas_input": null, "latitude": "-8.424337794739547", "longitude": "115.23172687934702", "verifikator": "I Nyoman Sumayasa" }, "geometry": { "type": "Point", "coordinates": [ 115.231726879347022, -8.424337794739547 ] } },
{ "type": "Feature", "properties": { "id": 156, "nama_zona": "Keliki", "pelayanan": "Pelayanan Tegallalang", "diameter": 75.0, "kondisi": "Baik", "merk": null, "lokasi": "Jl. Bangkiang Sidem", "posisi": null, "th_pasang": null, "elevasi": null, "putaran": null, "notes": null, "status": null, "foto": null, "tgl_input": "2024-07-30", "tgl_update": "2024-07-30", "no_aset": null, "context": "Wash Out", "tgl_delete": null, "nama_dma": "6.4.2 DMA Bangkiangsidem", "no_bap": null, "subsistem": null, "tgl_asbuilt": "2024-06-06", "id_verifikasi": null, "sumber_data": null, "history": null, "petugas_input": null, "latitude": "-8.486303598989231", "longitude": "115.2582377018304", "verifikator": "I Wayan Sujarwa" }, "geometry": { "type": "Point", "coordinates": [ 115.258237701830396, -8.486303598989231 ] } },
{ "type": "Feature", "properties": { "id": 157, "nama_zona": "Keramas", "pelayanan": "Pelayanan Blahbatuh", "diameter": 50.0, "kondisi": "Baik", "merk": "DKY", "lokasi": "Barat Villa Mega", "posisi": null, "th_pasang": "2023", "elevasi": null, "putaran": null, "notes": null, "status": null, "foto": null, "tgl_input": "2024-09-13", "tgl_update": "2024-09-13", "no_aset": null, "context": "Wash Out", "tgl_delete": null, "nama_dma": "4.4.3 DMA Penulisan Barat", "no_bap": null, "subsistem": null, "tgl_asbuilt": null, "id_verifikasi": null, "sumber_data": null, "history": null, "petugas_input": null, "latitude": "-8.590236315865926", "longitude": "115.34893792924339", "verifikator": "I Gede Parwata" }, "geometry": { "type": "Point", "coordinates": [ 115.348937929243391, -8.590236315865926 ] } },
{ "type": "Feature", "properties": { "id": 158, "nama_zona": "Tulikup", "pelayanan": "Pelayanan Gianyar", "diameter": 100.0, "kondisi": "Baik", "merk": null, "lokasi": "Banjar Siyut", "posisi": null, "th_pasang": null, "elevasi": null, "putaran": null, "notes": null, "status": null, "foto": null, "tgl_input": "2024-09-18", "tgl_update": "2025-01-07", "no_aset": null, "context": "Wash Out", "tgl_delete": "2025-01-07", "nama_dma": "1.10.3 DMA Meranggi", "no_bap": null, "subsistem": null, "tgl_asbuilt": null, "id_verifikasi": 83, "sumber_data": null, "history": null, "petugas_input": null, "latitude": "-8.557630312012286", "longitude": "115.3596404030022", "verifikator": "I Wayan Degug" }, "geometry": { "type": "Point", "coordinates": [ 115.359640403002203, -8.557630312012286 ] } },
{ "type": "Feature", "properties": { "id": 159, "nama_zona": "Blangsinga", "pelayanan": "Pelayanan Blahbatuh", "diameter": null, "kondisi": "Baik", "merk": null, "lokasi": "GANG SULI", "posisi": null, "th_pasang": null, "elevasi": null, "putaran": null, "notes": null, "status": null, "foto": null, "tgl_input": "2024-09-27", "tgl_update": "2024-09-27", "no_aset": null, "context": "Wash Out", "tgl_delete": null, "nama_dma": "4.2.4 DMA Saba", "no_bap": "0082\/BAP\/II\/II\/2024", "subsistem": null, "tgl_asbuilt": null, "id_verifikasi": null, "sumber_data": "BAP", "history": null, "petugas_input": null, "latitude": "-8.598779803538383", "longitude": "115.30145173724395", "verifikator": "I Gede Parwata" }, "geometry": { "type": "Point", "coordinates": [ 115.301451737243951, -8.598779803538383 ] } },
{ "type": "Feature", "properties": { "id": 160, "nama_zona": "Blangsinga", "pelayanan": "Pelayanan Blahbatuh", "diameter": null, "kondisi": "Baik", "merk": null, "lokasi": "GANG SANDAT", "posisi": null, "th_pasang": null, "elevasi": null, "putaran": null, "notes": null, "status": null, "foto": null, "tgl_input": "2024-09-27", "tgl_update": "2024-09-27", "no_aset": null, "context": "Wash Out", "tgl_delete": null, "nama_dma": "4.2.4 DMA Saba", "no_bap": "0081\/BAP\/II\/II\/2024", "subsistem": null, "tgl_asbuilt": null, "id_verifikasi": null, "sumber_data": "BAP", "history": null, "petugas_input": null, "latitude": "-8.59760527802629", "longitude": "115.30146279208572", "verifikator": "I Gede Parwata" }, "geometry": { "type": "Point", "coordinates": [ 115.301462792085715, -8.59760527802629 ] } },
{ "type": "Feature", "properties": { "id": 161, "nama_zona": "Blangsinga", "pelayanan": "Pelayanan Blahbatuh", "diameter": null, "kondisi": "Baik", "merk": null, "lokasi": "GANG MELATI", "posisi": null, "th_pasang": "2024", "elevasi": null, "putaran": null, "notes": null, "status": null, "foto": null, "tgl_input": "2024-09-27", "tgl_update": "2024-09-27", "no_aset": null, "context": "Wash Out", "tgl_delete": null, "nama_dma": "4.2.4 DMA Saba", "no_bap": "0080\/BAP\/II\/II\/2024", "subsistem": null, "tgl_asbuilt": null, "id_verifikasi": null, "sumber_data": "BAP", "history": null, "petugas_input": null, "latitude": "-8.59754958152898", "longitude": "115.29977755150136", "verifikator": "I Gede Parwata" }, "geometry": { "type": "Point", "coordinates": [ 115.299777551501364, -8.59754958152898 ] } },
{ "type": "Feature", "properties": { "id": 162, "nama_zona": "Blangsinga", "pelayanan": "Pelayanan Blahbatuh", "diameter": null, "kondisi": "Baik", "merk": null, "lokasi": "GANG ILALANG", "posisi": null, "th_pasang": null, "elevasi": null, "putaran": null, "notes": null, "status": null, "foto": null, "tgl_input": "2024-09-27", "tgl_update": "2024-09-27", "no_aset": null, "context": "Wash Out", "tgl_delete": null, "nama_dma": "4.2.4 DMA Saba", "no_bap": "0079\/BAP\/II\/II\/2024", "subsistem": null, "tgl_asbuilt": null, "id_verifikasi": null, "sumber_data": "BAP", "history": null, "petugas_input": null, "latitude": "-8.599151747852623", "longitude": "115.29988344743386", "verifikator": "I Gede Parwata" }, "geometry": { "type": "Point", "coordinates": [ 115.299883447433857, -8.599151747852623 ] } },
{ "type": "Feature", "properties": { "id": 163, "nama_zona": "Blangsinga", "pelayanan": "Pelayanan Blahbatuh", "diameter": null, "kondisi": "Baik", "merk": null, "lokasi": "GANG KENYERI", "posisi": null, "th_pasang": null, "elevasi": null, "putaran": null, "notes": null, "status": null, "foto": null, "tgl_input": "2024-09-27", "tgl_update": "2024-12-09", "no_aset": null, "context": "Wash Out", "tgl_delete": "2024-12-09", "nama_dma": "4.2.4 DMA Saba", "no_bap": "0078\/BAP\/II\/II\/2024\r", "subsistem": null, "tgl_asbuilt": null, "id_verifikasi": null, "sumber_data": "BAP", "history": null, "petugas_input": null, "latitude": "-8.598399999999998", "longitude": "115.30060377575067", "verifikator": "I Gede Parwata" }, "geometry": { "type": "Point", "coordinates": [ 115.300603775750673, -8.5984 ] } },
{ "type": "Feature", "properties": { "id": 164, "nama_zona": "Manukaya", "pelayanan": "Pelayanan Tampaksiring", "diameter": 40.0, "kondisi": "Baik", "merk": null, "lokasi": "Jl. Raya Panelokan", "posisi": null, "th_pasang": "2024", "elevasi": null, "putaran": null, "notes": null, "status": null, "foto": null, "tgl_input": "2024-09-30", "tgl_update": "2025-01-31", "no_aset": null, "context": "Wash Out", "tgl_delete": null, "nama_dma": "3.1.3 DMA Temen", "no_bap": "0023\/BAP\/VII\/VI\/2024", "subsistem": null, "tgl_asbuilt": null, "id_verifikasi": null, "sumber_data": "BAP", "history": "2025-01-31 Memperbaiki data nama_dma disesuaikan dengan posisi DMA area atau poligon DMA menjadi 3.1.3 DMA Temen", "petugas_input": null, "latitude": "-8.399917671650561", "longitude": "115.3261812221237", "verifikator": "Dewa Gede Agus Saputra" }, "geometry": { "type": "Point", "coordinates": [ 115.326181222123694, -8.399917671650561 ] } },
{ "type": "Feature", "properties": { "id": 165, "nama_zona": "Manukaya", "pelayanan": "Pelayanan Tampaksiring", "diameter": 25.0, "kondisi": "Baik", "merk": null, "lokasi": "Jl. Raya Panelokan", "posisi": null, "th_pasang": "2024", "elevasi": null, "putaran": null, "notes": null, "status": null, "foto": null, "tgl_input": "2024-09-30", "tgl_update": "2024-09-30", "no_aset": null, "context": "Wash Out", "tgl_delete": null, "nama_dma": "3.1.2 DMA Keranjangan", "no_bap": "0005\/BAP\/VII\/VI\/2024", "subsistem": null, "tgl_asbuilt": null, "id_verifikasi": null, "sumber_data": "BAP", "history": null, "petugas_input": null, "latitude": "-8.411175814280922", "longitude": "115.32003577891001", "verifikator": "Dewa Gede Agus Saputra" }, "geometry": { "type": "Point", "coordinates": [ 115.320035778910011, -8.411175814280922 ] } },
{ "type": "Feature", "properties": { "id": 167, "nama_zona": "Manukaya", "pelayanan": "Pelayanan Tampaksiring", "diameter": 40.0, "kondisi": "Baik", "merk": null, "lokasi": "Selatan Balai Banjar Manik Tawang", "posisi": null, "th_pasang": "2024", "elevasi": null, "putaran": null, "notes": null, "status": null, "foto": null, "tgl_input": "2024-09-30", "tgl_update": "2025-01-22", "no_aset": null, "context": "Wash Out", "tgl_delete": null, "nama_dma": "3.1.1 DMA Basangambu", "no_bap": "0093\/BAP\/VII\/V\/2024", "subsistem": null, "tgl_asbuilt": null, "id_verifikasi": null, "sumber_data": "BAP", "history": null, "petugas_input": null, "latitude": "-8.426391219146986", "longitude": "115.32159380663593", "verifikator": "Dewa Gede Agus Saputra" }, "geometry": { "type": "Point", "coordinates": [ 115.321593806635931, -8.426391219146986 ] } },
{ "type": "Feature", "properties": { "id": 168, "nama_zona": "Petak Kaja Utara", "pelayanan": "Pelayanan Gianyar", "diameter": 100.0, "kondisi": "Baik", "merk": null, "lokasi": "BANJAR PETAK MANTRING", "posisi": null, "th_pasang": "2024", "elevasi": null, "putaran": null, "notes": null, "status": null, "foto": null, "tgl_input": "2024-10-01", "tgl_update": "2024-10-01", "no_aset": null, "context": "Wash Out", "tgl_delete": null, "nama_dma": "1.1.1 DMA Petak Utara", "no_bap": "0024\/BAP\/I\/VI\/2024", "subsistem": null, "tgl_asbuilt": null, "id_verifikasi": null, "sumber_data": "BAP", "history": null, "petugas_input": null, "latitude": "-8.452625515374375", "longitude": "115.31832403485213", "verifikator": "I Made Sutika Semarajaya" }, "geometry": { "type": "Point", "coordinates": [ 115.318324034852125, -8.452625515374375 ] } },
{ "type": "Feature", "properties": { "id": 170, "nama_zona": "Kota Payangan", "pelayanan": "Pelayanan Payangan", "diameter": 50.0, "kondisi": "Baik", "merk": null, "lokasi": "Timur Balai Banjar Tibe Kauh", "posisi": null, "th_pasang": null, "elevasi": null, "putaran": null, "notes": null, "status": null, "foto": null, "tgl_input": "2025-02-20", "tgl_update": null, "no_aset": null, "context": "Wash Out", "tgl_delete": null, "nama_dma": "7.4.7 DMA Karang Suwung (BBT DN 200)", "no_bap": null, "subsistem": null, "tgl_asbuilt": null, "id_verifikasi": null, "sumber_data": null, "history": null, "petugas_input": null, "latitude": "-8.447567720746004", "longitude": "115.24018494417781", "verifikator": "I Nyoman Sumayasa" }, "geometry": { "type": "Point", "coordinates": [ 115.240184944177813, -8.447567720746004 ] } },
{ "type": "Feature", "properties": { "id": 171, "nama_zona": "Tulikup", "pelayanan": "Pelayanan Gianyar", "diameter": 100.0, "kondisi": "Baik", "merk": null, "lokasi": "Barat Jembatan", "posisi": null, "th_pasang": "2024", "elevasi": null, "putaran": null, "notes": null, "status": null, "foto": null, "tgl_input": "2024-10-02", "tgl_update": "2024-10-02", "no_aset": null, "context": "Wash Out", "tgl_delete": null, "nama_dma": "1.10.4 DMA Kaja Kauh", "no_bap": "0308\/BAP\/I\/VIII\/2024", "subsistem": null, "tgl_asbuilt": null, "id_verifikasi": null, "sumber_data": "BAP", "history": null, "petugas_input": null, "latitude": "-8.542840385815461", "longitude": "115.35424228306618", "verifikator": "I Wayan Degug" }, "geometry": { "type": "Point", "coordinates": [ 115.354242283066185, -8.542840385815461 ] } },
{ "type": "Feature", "properties": { "id": 172, "nama_zona": "Tegaltugu", "pelayanan": "Pelayanan Gianyar", "diameter": 100.0, "kondisi": "Baik", "merk": null, "lokasi": "Banjar Kesian", "posisi": null, "th_pasang": "2024", "elevasi": null, "putaran": null, "notes": null, "status": null, "foto": null, "tgl_input": "2024-10-02", "tgl_update": "2024-10-02", "no_aset": null, "context": "Wash Out", "tgl_delete": null, "nama_dma": "1.12.2 DMA Tegal Tugu", "no_bap": "0011\/BAP\/I\/IX\/2024", "subsistem": null, "tgl_asbuilt": null, "id_verifikasi": null, "sumber_data": "BAP", "history": null, "petugas_input": null, "latitude": "-8.56242397724644", "longitude": "115.3393759899209", "verifikator": "I Wayan Degug" }, "geometry": { "type": "Point", "coordinates": [ 115.339375989920896, -8.562423977246439 ] } },
{ "type": "Feature", "properties": { "id": 173, "nama_zona": "Kota Gianyar", "pelayanan": "Pelayanan Gianyar", "diameter": 250.0, "kondisi": "Baik", "merk": null, "lokasi": "Jl. Astina Selatan", "posisi": null, "th_pasang": "2024", "elevasi": null, "putaran": null, "notes": null, "status": null, "foto": null, "tgl_input": "2024-10-02", "tgl_update": "2025-01-13", "no_aset": null, "context": "Wash Out", "tgl_delete": null, "nama_dma": "1.14.3 DMA SB TMP", "no_bap": "0071\/BAP\/I\/IX\/2024", "subsistem": null, "tgl_asbuilt": null, "id_verifikasi": null, "sumber_data": "BAP", "history": null, "petugas_input": null, "latitude": "-8.550332401863137", "longitude": "115.32057599702968", "verifikator": "Dewa Ketut Arsana" }, "geometry": { "type": "Point", "coordinates": [ 115.320575997029678, -8.550332401863137 ] } },
{ "type": "Feature", "properties": { "id": 174, "nama_zona": "Kedewatan", "pelayanan": "Pelayanan Ubud", "diameter": 100.0, "kondisi": "Baik", "merk": null, "lokasi": "Jl. Raya Sanggingan", "posisi": null, "th_pasang": "2024", "elevasi": null, "putaran": null, "notes": null, "status": null, "foto": null, "tgl_input": "2024-10-02", "tgl_update": "2024-10-02", "no_aset": null, "context": "Wash Out", "tgl_delete": null, "nama_dma": "5.1.4 DMA Kedewatan", "no_bap": "0060\/BAP\/III\/IX\/2024", "subsistem": null, "tgl_asbuilt": null, "id_verifikasi": null, "sumber_data": "BAP", "history": null, "petugas_input": null, "latitude": "-8.486880148169542", "longitude": "115.25381516822979", "verifikator": "I Wayan Eka Putra Yasa" }, "geometry": { "type": "Point", "coordinates": [ 115.253815168229792, -8.486880148169542 ] } },
{ "type": "Feature", "properties": { "id": 175, "nama_zona": "Blangsinga", "pelayanan": "Pelayanan Blahbatuh", "diameter": 50.0, "kondisi": "Baik", "merk": null, "lokasi": "Taman Nuansa Tjampuhan", "posisi": null, "th_pasang": null, "elevasi": null, "putaran": null, "notes": null, "status": null, "foto": null, "tgl_input": "2024-12-09", "tgl_update": "2024-12-09", "no_aset": null, "context": "Wash Out", "tgl_delete": null, "nama_dma": "4.2.5 DMA Perum Saba River", "no_bap": null, "subsistem": null, "tgl_asbuilt": null, "id_verifikasi": null, "sumber_data": null, "history": null, "petugas_input": null, "latitude": "-8.601815829158605", "longitude": "115.31368876603818", "verifikator": "I Gede Parwata" }, "geometry": { "type": "Point", "coordinates": [ 115.313688766038183, -8.601815829158605 ] } },
{ "type": "Feature", "properties": { "id": 176, "nama_zona": "Kedisan Barat", "pelayanan": "Pelayanan Tegallalang", "diameter": 40.0, "kondisi": "Baik", "merk": null, "lokasi": "BANJAR CEBOK, KEDISAN BARAT", "posisi": null, "th_pasang": "2024", "elevasi": null, "putaran": null, "notes": null, "status": null, "foto": null, "tgl_input": "2024-12-27", "tgl_update": "2024-12-27", "no_aset": null, "context": "Wash Out", "tgl_delete": null, "nama_dma": "6.2.3 DMA Cebok", "no_bap": "0110\/BAP\/V\/XII\/2024", "subsistem": null, "tgl_asbuilt": null, "id_verifikasi": null, "sumber_data": "BAP", "history": null, "petugas_input": null, "latitude": "-8.439678124233192", "longitude": "115.28820639585625", "verifikator": "I Wayan Suardana" }, "geometry": { "type": "Point", "coordinates": [ 115.28820639585625, -8.439678124233192 ] } },
{ "type": "Feature", "properties": { "id": 177, "nama_zona": "Pejeng Kawan", "pelayanan": "Pelayanan Tampaksiring", "diameter": null, "kondisi": "Baik", "merk": null, "lokasi": "Barat Balai Banjar Sala", "posisi": null, "th_pasang": null, "elevasi": null, "putaran": null, "notes": null, "status": null, "foto": null, "tgl_input": "2025-01-22", "tgl_update": null, "no_aset": null, "context": "Wash Out", "tgl_delete": null, "nama_dma": "3.8.1 DMA Pejeng Kawan", "no_bap": null, "subsistem": null, "tgl_asbuilt": null, "id_verifikasi": null, "sumber_data": null, "history": null, "petugas_input": null, "latitude": "-8.507651040200344", "longitude": "115.27984943199091", "verifikator": "I Nyoman Suarta, S.E." }, "geometry": { "type": "Point", "coordinates": [ 115.279849431990911, -8.507651040200344 ] } },
{ "type": "Feature", "properties": { "id": 178, "nama_zona": "Mancawarna", "pelayanan": "Pelayanan Tampaksiring", "diameter": null, "kondisi": "Baik", "merk": null, "lokasi": "Utara Balai Banjar Cagaan Kaja", "posisi": null, "th_pasang": null, "elevasi": null, "putaran": null, "notes": null, "status": null, "foto": null, "tgl_input": "2025-01-22", "tgl_update": "2025-06-30", "no_aset": 12.0, "context": "Wash Out", "tgl_delete": null, "nama_dma": "3.3.5 DMA Cagaan", "no_bap": null, "subsistem": null, "tgl_asbuilt": null, "id_verifikasi": null, "sumber_data": "Nyoman Suarta", "history": null, "petugas_input": null, "latitude": "-8.484614310097674", "longitude": "115.29742844787533", "verifikator": "Dewa Gede Agus Saputra" }, "geometry": { "type": "Point", "coordinates": [ 115.297428447875333, -8.484614310097674 ] } },
{ "type": "Feature", "properties": { "id": 180, "nama_zona": "Blahpane", "pelayanan": "Pelayanan Gianyar", "diameter": null, "kondisi": "Baik", "merk": null, "lokasi": "Jl. Taman Bali", "posisi": null, "th_pasang": null, "elevasi": null, "putaran": null, "notes": null, "status": null, "foto": null, "tgl_input": "2025-01-07", "tgl_update": null, "no_aset": null, "context": "Wash Out", "tgl_delete": null, "nama_dma": "1.9.1 DMA Res. Blahpane Kaja", "no_bap": null, "subsistem": null, "tgl_asbuilt": null, "id_verifikasi": null, "sumber_data": null, "history": null, "petugas_input": null, "latitude": "-8.530913569955631", "longitude": "115.35614989339335", "verifikator": "I Wayan Degug" }, "geometry": { "type": "Point", "coordinates": [ 115.356149893393351, -8.530913569955631 ] } },
{ "type": "Feature", "properties": { "id": 181, "nama_zona": "Bukit Jati", "pelayanan": "Pelayanan Gianyar", "diameter": null, "kondisi": "Baik", "merk": null, "lokasi": "Jl. I Gusti Ngurah Rai", "posisi": null, "th_pasang": null, "elevasi": null, "putaran": null, "notes": null, "status": null, "foto": null, "tgl_input": "2025-01-07", "tgl_update": null, "no_aset": null, "context": "Wash Out", "tgl_delete": null, "nama_dma": "1.11.1 DMA Bukit Jati", "no_bap": null, "subsistem": null, "tgl_asbuilt": null, "id_verifikasi": null, "sumber_data": null, "history": null, "petugas_input": null, "latitude": "-8.539118930357088", "longitude": "115.34557687512063", "verifikator": "I Wayan Degug" }, "geometry": { "type": "Point", "coordinates": [ 115.345576875120628, -8.539118930357088 ] } },
{ "type": "Feature", "properties": { "id": 200, "nama_zona": "Kota Gianyar", "pelayanan": "Pelayanan Gianyar", "diameter": 100.0, "kondisi": "Baik", "merk": null, "lokasi": "Jl. Sinta", "posisi": null, "th_pasang": null, "elevasi": null, "putaran": null, "notes": null, "status": null, "foto": null, "tgl_input": "2025-01-13", "tgl_update": null, "no_aset": null, "context": "Wash Out", "tgl_delete": null, "nama_dma": "1.14.3 DMA SB TMP", "no_bap": null, "subsistem": null, "tgl_asbuilt": null, "id_verifikasi": null, "sumber_data": null, "history": null, "petugas_input": null, "latitude": "-8.547871652208288", "longitude": "115.31713985543713", "verifikator": "Dewa Ketut Arsana" }, "geometry": { "type": "Point", "coordinates": [ 115.317139855437134, -8.547871652208288 ] } },
{ "type": "Feature", "properties": { "id": 201, "nama_zona": "Kota Gianyar", "pelayanan": "Pelayanan Gianyar", "diameter": 100.0, "kondisi": "Baik", "merk": null, "lokasi": "Jl. Sinta", "posisi": null, "th_pasang": null, "elevasi": null, "putaran": null, "notes": null, "status": null, "foto": null, "tgl_input": "2025-01-13", "tgl_update": null, "no_aset": null, "context": "Wash Out", "tgl_delete": null, "nama_dma": "1.14.3 DMA SB TMP", "no_bap": null, "subsistem": null, "tgl_asbuilt": null, "id_verifikasi": null, "sumber_data": null, "history": null, "petugas_input": null, "latitude": "-8.545347865200641", "longitude": "115.31480406757545", "verifikator": "Dewa Ketut Arsana" }, "geometry": { "type": "Point", "coordinates": [ 115.314804067575452, -8.545347865200641 ] } },
{ "type": "Feature", "properties": { "id": 202, "nama_zona": "Kota Gianyar", "pelayanan": "Pelayanan Gianyar", "diameter": 75.0, "kondisi": "Baik", "merk": null, "lokasi": "Jl. I Gusti Ngurah Rai", "posisi": null, "th_pasang": null, "elevasi": null, "putaran": null, "notes": null, "status": null, "foto": null, "tgl_input": "2025-02-19", "tgl_update": null, "no_aset": null, "context": "Wash Out", "tgl_delete": null, "nama_dma": "1.14.8 DMA Patih Jelatik", "no_bap": null, "subsistem": null, "tgl_asbuilt": null, "id_verifikasi": null, "sumber_data": null, "history": null, "petugas_input": null, "latitude": "-8.541743791933321", "longitude": "115.33088602063486", "verifikator": "Dewa Ketut Arsana" }, "geometry": { "type": "Point", "coordinates": [ 115.330886020634864, -8.541743791933321 ] } },
{ "type": "Feature", "properties": { "id": 203, "nama_zona": "Kota Gianyar", "pelayanan": "Pelayanan Gianyar", "diameter": 50.0, "kondisi": "Baik", "merk": null, "lokasi": "Tedung Sari Damai", "posisi": null, "th_pasang": "2024", "elevasi": null, "putaran": null, "notes": null, "status": null, "foto": null, "tgl_input": "2025-02-19", "tgl_update": null, "no_aset": null, "context": "Wash Out", "tgl_delete": null, "nama_dma": "1.14.7 DMA Tedung Sari Damai", "no_bap": null, "subsistem": null, "tgl_asbuilt": null, "id_verifikasi": null, "sumber_data": null, "history": null, "petugas_input": null, "latitude": "-8.554007550638552", "longitude": "115.32279836623235", "verifikator": "Dewa Ketut Arsana" }, "geometry": { "type": "Point", "coordinates": [ 115.322798366232348, -8.554007550638552 ] } },
{ "type": "Feature", "properties": { "id": 207, "nama_zona": "Puhu", "pelayanan": "Pelayanan Payangan", "diameter": 75.0, "kondisi": "Baik", "merk": null, "lokasi": "Utara Balai Banjar Subilang", "posisi": null, "th_pasang": null, "elevasi": null, "putaran": null, "notes": null, "status": null, "foto": null, "tgl_input": "2025-02-21", "tgl_update": null, "no_aset": null, "context": "Wash Out", "tgl_delete": null, "nama_dma": "7.2.1 DMA Carik", "no_bap": null, "subsistem": null, "tgl_asbuilt": null, "id_verifikasi": null, "sumber_data": null, "history": null, "petugas_input": null, "latitude": "-8.394285695699718", "longitude": "115.26487387062035", "verifikator": "I Made Darsana" }, "geometry": { "type": "Point", "coordinates": [ 115.264873870620349, -8.394285695699718 ] } },
{ "type": "Feature", "properties": { "id": 208, "nama_zona": "Puhu", "pelayanan": "Pelayanan Payangan", "diameter": 100.0, "kondisi": "Baik", "merk": null, "lokasi": "Selatan Balai Banjar Tiyingan", "posisi": null, "th_pasang": null, "elevasi": null, "putaran": null, "notes": null, "status": null, "foto": null, "tgl_input": "2025-02-21", "tgl_update": null, "no_aset": null, "context": "Wash Out", "tgl_delete": null, "nama_dma": "7.2.2 DMA Subilang", "no_bap": null, "subsistem": null, "tgl_asbuilt": null, "id_verifikasi": null, "sumber_data": null, "history": null, "petugas_input": null, "latitude": "-8.415591556292426", "longitude": "115.25199106350645", "verifikator": "I Made Darsana" }, "geometry": { "type": "Point", "coordinates": [ 115.251991063506452, -8.415591556292426 ] } },
{ "type": "Feature", "properties": { "id": 209, "nama_zona": "Puhu", "pelayanan": "Pelayanan Payangan", "diameter": 100.0, "kondisi": "Baik", "merk": null, "lokasi": "Jl. Raya Payangan", "posisi": null, "th_pasang": null, "elevasi": null, "putaran": null, "notes": null, "status": null, "foto": null, "tgl_input": "2025-02-21", "tgl_update": null, "no_aset": null, "context": "Wash Out", "tgl_delete": null, "nama_dma": "7.2.4 DMA Semaon", "no_bap": null, "subsistem": null, "tgl_asbuilt": null, "id_verifikasi": null, "sumber_data": null, "history": null, "petugas_input": null, "latitude": "-8.40971947927224", "longitude": "115.24509694545034", "verifikator": "I Made Darsana" }, "geometry": { "type": "Point", "coordinates": [ 115.245096945450342, -8.409719479272241 ] } },
{ "type": "Feature", "properties": { "id": 210, "nama_zona": "Beng", "pelayanan": "Pelayanan Gianyar", "diameter": 150.0, "kondisi": "Baik", "merk": null, "lokasi": "Jl. Tukad Petanu", "posisi": null, "th_pasang": null, "elevasi": null, "putaran": null, "notes": null, "status": null, "foto": null, "tgl_input": "2025-02-25", "tgl_update": null, "no_aset": null, "context": "Wash Out", "tgl_delete": null, "nama_dma": "1.6.7 DMA Kuburan Beng", "no_bap": null, "subsistem": null, "tgl_asbuilt": null, "id_verifikasi": null, "sumber_data": "Made Ardika", "history": null, "petugas_input": null, "latitude": "-8.536101152601244", "longitude": "115.33193501665164", "verifikator": "Dewa Ketut Arsana" }, "geometry": { "type": "Point", "coordinates": [ 115.331935016651641, -8.536101152601244 ] } },
{ "type": "Feature", "properties": { "id": 211, "nama_zona": "Kota Tegallalang", "pelayanan": "Pelayanan Tegallalang", "diameter": 50.0, "kondisi": "Baik", "merk": null, "lokasi": "Jl. Penusuan", "posisi": null, "th_pasang": "2025", "elevasi": null, "putaran": null, "notes": null, "status": null, "foto": null, "tgl_input": "2025-03-17", "tgl_update": null, "no_aset": null, "context": "Wash Out", "tgl_delete": null, "nama_dma": "6.3.4 DMA Abangan", "no_bap": "0048\/BAP\/V\/III\/2025", "subsistem": null, "tgl_asbuilt": null, "id_verifikasi": null, "sumber_data": "BAP", "history": null, "petugas_input": null, "latitude": "-8.461570271137075", "longitude": "115.276052761912", "verifikator": "I Wayan Sujarwa" }, "geometry": { "type": "Point", "coordinates": [ 115.276052761911998, -8.461570271137075 ] } },
{ "type": "Feature", "properties": { "id": 212, "nama_zona": "Tegaltugu", "pelayanan": "Pelayanan Gianyar", "diameter": 100.0, "kondisi": "Baik", "merk": null, "lokasi": "Jl. I Gusti Ngurah Rai", "posisi": null, "th_pasang": null, "elevasi": null, "putaran": null, "notes": null, "status": null, "foto": null, "tgl_input": "2025-03-26", "tgl_update": null, "no_aset": null, "context": "Wash Out", "tgl_delete": null, "nama_dma": "1.12.2 DMA Tegal Tugu", "no_bap": null, "subsistem": null, "tgl_asbuilt": null, "id_verifikasi": null, "sumber_data": null, "history": null, "petugas_input": null, "latitude": "-8.540929241948765", "longitude": "115.33413909800213", "verifikator": "I Wayan Degug" }, "geometry": { "type": "Point", "coordinates": [ 115.334139098002126, -8.540929241948765 ] } },
{ "type": "Feature", "properties": { "id": 213, "nama_zona": "Kota Sukawati", "pelayanan": "Pelayanan Sukawati", "diameter": 100.0, "kondisi": "Baik", "merk": null, "lokasi": "Selatan Balai Banjar Buluh", "posisi": null, "th_pasang": null, "elevasi": null, "putaran": null, "notes": null, "status": null, "foto": null, "tgl_input": "2025-03-26", "tgl_update": null, "no_aset": null, "context": "Wash Out", "tgl_delete": null, "nama_dma": "2.4.11 DMA Guwang", "no_bap": null, "subsistem": null, "tgl_asbuilt": null, "id_verifikasi": null, "sumber_data": null, "history": null, "petugas_input": null, "latitude": "-8.607484453908516", "longitude": "115.2833573570267", "verifikator": "I Komang Sucipta" }, "geometry": { "type": "Point", "coordinates": [ 115.283357357026702, -8.607484453908516 ] } },
{ "type": "Feature", "properties": { "id": 214, "nama_zona": "Bakbakan", "pelayanan": "Pelayanan Gianyar", "diameter": null, "kondisi": "Baik", "merk": null, "lokasi": "Selatan Balai Banjar Selat", "posisi": null, "th_pasang": null, "elevasi": null, "putaran": null, "notes": null, "status": null, "foto": null, "tgl_input": "2025-04-09", "tgl_update": null, "no_aset": null, "context": "Wash Out", "tgl_delete": null, "nama_dma": "1.5.3 DMA Selat", "no_bap": null, "subsistem": null, "tgl_asbuilt": null, "id_verifikasi": null, "sumber_data": null, "history": null, "petugas_input": null, "latitude": "-8.526716382662748", "longitude": "115.33497200260426", "verifikator": "I Made Sutika Semarajaya" }, "geometry": { "type": "Point", "coordinates": [ 115.33497200260426, -8.526716382662748 ] } },
{ "type": "Feature", "properties": { "id": 215, "nama_zona": "Bakbakan", "pelayanan": "Pelayanan Gianyar", "diameter": null, "kondisi": "Baik", "merk": null, "lokasi": "Banjar Sengguan", "posisi": null, "th_pasang": null, "elevasi": null, "putaran": null, "notes": null, "status": null, "foto": null, "tgl_input": "2025-04-09", "tgl_update": null, "no_aset": null, "context": "Wash Out", "tgl_delete": null, "nama_dma": "1.5.2 DMA Pacung", "no_bap": null, "subsistem": null, "tgl_asbuilt": null, "id_verifikasi": null, "sumber_data": null, "history": null, "petugas_input": null, "latitude": "-8.531684921266027", "longitude": "115.31742596595096", "verifikator": "I Made Sutika Semarajaya" }, "geometry": { "type": "Point", "coordinates": [ 115.31742596595096, -8.531684921266027 ] } },
{ "type": "Feature", "properties": { "id": 216, "nama_zona": "Petak Kaja Selatan", "pelayanan": "Pelayanan Gianyar", "diameter": null, "kondisi": "Baik", "merk": null, "lokasi": "Selatan Balai Banjar Madangan Kaja", "posisi": null, "th_pasang": null, "elevasi": null, "putaran": null, "notes": null, "status": null, "foto": null, "tgl_input": "2025-04-09", "tgl_update": null, "no_aset": null, "context": "Wash Out", "tgl_delete": null, "nama_dma": "1.2.2 DMA Bonyuh", "no_bap": null, "subsistem": null, "tgl_asbuilt": null, "id_verifikasi": null, "sumber_data": null, "history": null, "petugas_input": null, "latitude": "-8.477184997918421", "longitude": "115.32352454832632", "verifikator": "I Made Sutika Semarajaya" }, "geometry": { "type": "Point", "coordinates": [ 115.323524548326318, -8.477184997918421 ] } },
{ "type": "Feature", "properties": { "id": 217, "nama_zona": "Kedewatan", "pelayanan": "Pelayanan Ubud", "diameter": 50.0, "kondisi": "Baik", "merk": null, "lokasi": "Jl. Raya Sanggingan", "posisi": null, "th_pasang": null, "elevasi": null, "putaran": null, "notes": null, "status": null, "foto": null, "tgl_input": "2025-04-09", "tgl_update": null, "no_aset": null, "context": "Wash Out", "tgl_delete": null, "nama_dma": "5.1.3 DMA Payogan", "no_bap": null, "subsistem": null, "tgl_asbuilt": null, "id_verifikasi": null, "sumber_data": null, "history": null, "petugas_input": null, "latitude": "-8.485887754145926", "longitude": "115.24886570541472", "verifikator": "I Wayan Eka Putra Yasa" }, "geometry": { "type": "Point", "coordinates": [ 115.248865705414715, -8.485887754145926 ] } },
{ "type": "Feature", "properties": { "id": 220, "nama_zona": "Sumita", "pelayanan": "Pelayanan Gianyar", "diameter": 75.0, "kondisi": "Baik", "merk": null, "lokasi": "Selatan Balai Banjar Sema", "posisi": null, "th_pasang": null, "elevasi": null, "putaran": null, "notes": null, "status": null, "foto": null, "tgl_input": "2025-04-29", "tgl_update": null, "no_aset": null, "context": "Wash Out", "tgl_delete": null, "nama_dma": "1.4.2 DMA Siih", "no_bap": null, "subsistem": null, "tgl_asbuilt": null, "id_verifikasi": null, "sumber_data": null, "history": null, "petugas_input": null, "latitude": "-8.47616253532764", "longitude": "115.30754361473043", "verifikator": "I Made Sutika Semarajaya" }, "geometry": { "type": "Point", "coordinates": [ 115.307543614730434, -8.47616253532764 ] } },
{ "type": "Feature", "properties": { "id": 221, "nama_zona": "Sumita", "pelayanan": "Pelayanan Gianyar", "diameter": 100.0, "kondisi": "Baik", "merk": null, "lokasi": "Selatan Balai Banjar Purnadesa", "posisi": null, "th_pasang": null, "elevasi": null, "putaran": null, "notes": null, "status": null, "foto": null, "tgl_input": "2025-04-29", "tgl_update": null, "no_aset": null, "context": "Wash Out", "tgl_delete": null, "nama_dma": "1.4.4 DMA Suwat", "no_bap": null, "subsistem": null, "tgl_asbuilt": null, "id_verifikasi": null, "sumber_data": null, "history": null, "petugas_input": null, "latitude": "-8.494708068604298", "longitude": "115.31349038509855", "verifikator": "I Made Sutika Semarajaya" }, "geometry": { "type": "Point", "coordinates": [ 115.313490385098547, -8.494708068604298 ] } },
{ "type": "Feature", "properties": { "id": 421, "nama_zona": "Lodtunduh", "pelayanan": "Pelayanan Ubud", "diameter": 100.0, "kondisi": "Baik", "merk": null, "lokasi": "Jl. Ambarwati No. 1", "posisi": null, "th_pasang": null, "elevasi": null, "putaran": null, "notes": null, "status": null, "foto": null, "tgl_input": "2025-04-16", "tgl_update": null, "no_aset": null, "context": "Wash Out", "tgl_delete": null, "nama_dma": "5.6.1 DMA Lodtunduh Timur", "no_bap": null, "subsistem": null, "tgl_asbuilt": null, "id_verifikasi": null, "sumber_data": null, "history": null, "petugas_input": null, "latitude": "-8.541634258041414", "longitude": "115.26504127443356", "verifikator": "I Wayan Eka Putra Yasa" }, "geometry": { "type": "Point", "coordinates": [ 115.265041274433557, -8.541634258041414 ] } },
{ "type": "Feature", "properties": { "id": 422, "nama_zona": "Tegalbingin", "pelayanan": "Pelayanan Ubud", "diameter": 50.0, "kondisi": "Baik", "merk": null, "lokasi": "Utara Balai Banjar Juga", "posisi": null, "th_pasang": null, "elevasi": null, "putaran": null, "notes": null, "status": null, "foto": null, "tgl_input": "2025-04-16", "tgl_update": null, "no_aset": null, "context": "Wash Out", "tgl_delete": null, "nama_dma": "5.8.1 DMA Tegalbingin", "no_bap": null, "subsistem": null, "tgl_asbuilt": null, "id_verifikasi": null, "sumber_data": null, "history": null, "petugas_input": null, "latitude": "-8.544202270604883", "longitude": "115.2772099039577", "verifikator": "I Wayan Artawan" }, "geometry": { "type": "Point", "coordinates": [ 115.277209903957697, -8.544202270604883 ] } },
{ "type": "Feature", "properties": { "id": 423, "nama_zona": "Laplapan", "pelayanan": "Pelayanan Ubud", "diameter": 50.0, "kondisi": "Baik", "merk": null, "lokasi": "Barat Balai Banjar Sala", "posisi": null, "th_pasang": null, "elevasi": null, "putaran": null, "notes": null, "status": null, "foto": null, "tgl_input": "2025-04-16", "tgl_update": null, "no_aset": null, "context": "Wash Out", "tgl_delete": null, "nama_dma": "5.7.1 DMA Laplapan", "no_bap": null, "subsistem": null, "tgl_asbuilt": null, "id_verifikasi": null, "sumber_data": null, "history": null, "petugas_input": null, "latitude": "-8.506724821837437", "longitude": "115.27939875161272", "verifikator": "I Wayan Artawan" }, "geometry": { "type": "Point", "coordinates": [ 115.279398751612717, -8.506724821837437 ] } },
{ "type": "Feature", "properties": { "id": 424, "nama_zona": "Peliatan", "pelayanan": "Pelayanan Ubud", "diameter": 75.0, "kondisi": "Baik", "merk": null, "lokasi": "Jl. Cokorda Gde Rai", "posisi": null, "th_pasang": null, "elevasi": null, "putaran": null, "notes": null, "status": null, "foto": null, "tgl_input": "2025-04-16", "tgl_update": null, "no_aset": null, "context": "Wash Out", "tgl_delete": null, "nama_dma": "5.5.2 DMA Ambengan", "no_bap": null, "subsistem": null, "tgl_asbuilt": null, "id_verifikasi": null, "sumber_data": null, "history": null, "petugas_input": null, "latitude": "-8.523488639991399", "longitude": "115.26829168799573", "verifikator": "I Wayan Artawan" }, "geometry": { "type": "Point", "coordinates": [ 115.268291687995728, -8.523488639991399 ] } },
{ "type": "Feature", "properties": { "id": 425, "nama_zona": "Ubud Utara", "pelayanan": "Pelayanan Ubud", "diameter": 50.0, "kondisi": "Baik", "merk": null, "lokasi": "Jero Gadung", "posisi": null, "th_pasang": null, "elevasi": null, "putaran": null, "notes": null, "status": null, "foto": null, "tgl_input": "2025-04-16", "tgl_update": null, "no_aset": null, "context": "Wash Out", "tgl_delete": null, "nama_dma": "5.4.5 DMA Kutuh", "no_bap": null, "subsistem": null, "tgl_asbuilt": null, "id_verifikasi": null, "sumber_data": null, "history": null, "petugas_input": null, "latitude": "-8.50889582325212", "longitude": "115.2692222553817", "verifikator": "I Wayan Artawan" }, "geometry": { "type": "Point", "coordinates": [ 115.269222255381706, -8.50889582325212 ] } },
{ "type": "Feature", "properties": { "id": 426, "nama_zona": "Ubud Utara", "pelayanan": "Pelayanan Ubud", "diameter": 50.0, "kondisi": "Baik", "merk": null, "lokasi": "Jl. Tirta Tawar", "posisi": null, "th_pasang": null, "elevasi": null, "putaran": null, "notes": null, "status": null, "foto": null, "tgl_input": "2025-04-16", "tgl_update": null, "no_aset": null, "context": "Wash Out", "tgl_delete": null, "nama_dma": "5.4.5 DMA Kutuh", "no_bap": null, "subsistem": null, "tgl_asbuilt": null, "id_verifikasi": null, "sumber_data": null, "history": null, "petugas_input": null, "latitude": "-8.508739044237466", "longitude": "115.26835745197498", "verifikator": "I Wayan Artawan" }, "geometry": { "type": "Point", "coordinates": [ 115.268357451974978, -8.508739044237466 ] } },
{ "type": "Feature", "properties": { "id": 428, "nama_zona": "Manukaya", "pelayanan": "Pelayanan Tampaksiring", "diameter": 75.0, "kondisi": "Baik", "merk": null, "lokasi": "Depan Res. Keranjangan", "posisi": null, "th_pasang": null, "elevasi": null, "putaran": null, "notes": null, "status": null, "foto": null, "tgl_input": "2025-08-07", "tgl_update": null, "no_aset": null, "context": "Wash Out", "tgl_delete": null, "nama_dma": "3.1.3 DMA Temen", "no_bap": null, "subsistem": null, "tgl_asbuilt": null, "id_verifikasi": null, "sumber_data": "Informasi Korwil", "history": "", "petugas_input": "Divisi Pemetaan", "latitude": "-8.39717643815056", "longitude": "115.32791305861136", "verifikator": "Dewa Gede Agus Saputra" }, "geometry": { "type": "Point", "coordinates": [ 115.327913058611358, -8.397176438150559 ] } }
]
}
